ISO-10303-21;
HEADER;
/* Generated by software containing ST-Developer
 * from STEP Tools, Inc. (www.steptools.com) 
 */
/* OPTION: using custom renumber hook */

FILE_DESCRIPTION(
/* description */ ('STEP AP242 Edition 2',
'CAx-IF Rec.Pracs.---Representation and Presentation of Product Manufa
cturing Information (PMI)---4.0---2014-10-13',
'CAx-IF Rec.Pracs.---3D Tessellated Geometry---0.4---2014-09-14','2;1',
'CAx-IF Rec.Pracs.---User Defined Attributes---1.5---2016-08-15'),
/* implementation_level */ '2;1');

FILE_NAME(
/* name */ 'RearStabWingSparConnector',
/* time_stamp */ '2026-07-17T05:59:34Z',
/* author */ (''),
/* organization */ (''),
/* preprocessor_version */ 'ST-DEVELOPER v20',
/* originating_system */ 'ONSHAPE BY PTC INC, 1.217',
/* authorisation */ '  ');

FILE_SCHEMA (('AP242_MANAGED_MODEL_BASED_3D_ENGINEERING_MIM_LF { 1 0 10303 442 3 1 4 }'));
ENDSEC;

DATA;
#10=SHAPE_REPRESENTATION_RELATIONSHIP('','',#1101,#11);
#11=ADVANCED_BREP_SHAPE_REPRESENTATION('',(#1099),#2003);
#12=B_SPLINE_SURFACE_WITH_KNOTS('',1,3,((#1893,#1894,#1895,#1896,#1897,
#1898,#1899,#1900,#1901,#1902,#1903,#1904,#1905,#1906),(#1907,#1908,#1909,
#1910,#1911,#1912,#1913,#1914,#1915,#1916,#1917,#1918,#1919,#1920)),
 .RULED_SURF.,.F.,.F.,.F.,(2,2),(4,2,2,2,2,2,4),(0.,1.),(0.0284707827341226,
0.0315441518970421,0.0331726835779468,0.0348012152588515,0.0364297469397561,
0.0380582786206609,0.0411292045032645),.UNSPECIFIED.);
#13=B_SPLINE_SURFACE_WITH_KNOTS('',1,3,((#1931,#1932,#1933,#1934),(#1935,
#1936,#1937,#1938)),.RULED_SURF.,.F.,.F.,.F.,(2,2),(4,4),(0.,1.),(0.0334062065572059,
0.0374630180382106),.PIECEWISE_BEZIER_KNOTS.);
#14=B_SPLINE_SURFACE_WITH_KNOTS('',1,3,((#1943,#1944,#1945,#1946),(#1947,
#1948,#1949,#1950)),.RULED_SURF.,.F.,.F.,.F.,(2,2),(4,4),(0.,1.),(0.0377107946650409,
0.0411615034488395),.PIECEWISE_BEZIER_KNOTS.);
#15=B_SPLINE_SURFACE_WITH_KNOTS('',1,3,((#1961,#1962,#1963,#1964),(#1965,
#1966,#1967,#1968)),.RULED_SURF.,.F.,.F.,.F.,(2,2),(4,4),(0.,1.),(0.0369494186926886,
0.0404006764211184),.PIECEWISE_BEZIER_KNOTS.);
#16=B_SPLINE_SURFACE_WITH_KNOTS('',1,3,((#1973,#1974,#1975,#1976),(#1977,
#1978,#1979,#1980)),.RULED_SURF.,.F.,.F.,.F.,(2,2),(4,4),(0.,1.),(0.0343297298729465,
0.038386906142363),.PIECEWISE_BEZIER_KNOTS.);
#17=ELLIPSE('',#1116,0.00473761543394987,0.00335);
#18=ELLIPSE('',#1118,0.00473761543394987,0.00335);
#19=ELLIPSE('',#1119,0.00473761543394987,0.00335);
#20=ELLIPSE('',#1120,0.00473761543394987,0.00335);
#21=ELLIPSE('',#1162,0.00473761543394987,0.00335);
#22=CYLINDRICAL_SURFACE('',#1114,0.00335);
#23=CYLINDRICAL_SURFACE('',#1132,0.0053);
#24=CYLINDRICAL_SURFACE('',#1146,0.006);
#25=CYLINDRICAL_SURFACE('',#1161,0.00335);
#26=CYLINDRICAL_SURFACE('',#1163,0.00125);
#27=CYLINDRICAL_SURFACE('',#1164,0.00125);
#28=CYLINDRICAL_SURFACE('',#1165,0.00125);
#29=CYLINDRICAL_SURFACE('',#1166,0.00125);
#30=CYLINDRICAL_SURFACE('',#1167,0.00125);
#31=CYLINDRICAL_SURFACE('',#1168,0.00125);
#32=CYLINDRICAL_SURFACE('',#1169,0.00125);
#33=CYLINDRICAL_SURFACE('',#1170,0.00125);
#34=LINE('',#1564,#112);
#35=LINE('',#1566,#113);
#36=LINE('',#1568,#114);
#37=LINE('',#1569,#115);
#38=LINE('',#1571,#116);
#39=LINE('',#1573,#117);
#40=LINE('',#1577,#118);
#41=LINE('',#1579,#119);
#42=LINE('',#1581,#120);
#43=LINE('',#1583,#121);
#44=LINE('',#1585,#122);
#45=LINE('',#1587,#123);
#46=LINE('',#1597,#124);
#47=LINE('',#1602,#125);
#48=LINE('',#1606,#126);
#49=LINE('',#1609,#127);
#50=LINE('',#1610,#128);
#51=LINE('',#1618,#129);
#52=LINE('',#1620,#130);
#53=LINE('',#1622,#131);
#54=LINE('',#1624,#132);
#55=LINE('',#1626,#133);
#56=LINE('',#1650,#134);
#57=LINE('',#1652,#135);
#58=LINE('',#1654,#136);
#59=LINE('',#1655,#137);
#60=LINE('',#1659,#138);
#61=LINE('',#1661,#139);
#62=LINE('',#1663,#140);
#63=LINE('',#1678,#141);
#64=LINE('',#1679,#142);
#65=LINE('',#1681,#143);
#66=LINE('',#1693,#144);
#67=LINE('',#1700,#145);
#68=LINE('',#1702,#146);
#69=LINE('',#1704,#147);
#70=LINE('',#1707,#148);
#71=LINE('',#1708,#149);
#72=LINE('',#1709,#150);
#73=LINE('',#1710,#151);
#74=LINE('',#1733,#152);
#75=LINE('',#1734,#153);
#76=LINE('',#1736,#154);
#77=LINE('',#1738,#155);
#78=LINE('',#1740,#156);
#79=LINE('',#1741,#157);
#80=LINE('',#1742,#158);
#81=LINE('',#1743,#159);
#82=LINE('',#1745,#160);
#83=LINE('',#1748,#161);
#84=LINE('',#1750,#162);
#85=LINE('',#1752,#163);
#86=LINE('',#1754,#164);
#87=LINE('',#1756,#165);
#88=LINE('',#1758,#166);
#89=LINE('',#1760,#167);
#90=LINE('',#1762,#168);
#91=LINE('',#1767,#169);
#92=LINE('',#1779,#170);
#93=LINE('',#1781,#171);
#94=LINE('',#1787,#172);
#95=LINE('',#1789,#173);
#96=LINE('',#1799,#174);
#97=LINE('',#1801,#175);
#98=LINE('',#1824,#176);
#99=LINE('',#1840,#177);
#100=LINE('',#1842,#178);
#101=LINE('',#1844,#179);
#102=LINE('',#1846,#180);
#103=LINE('',#1860,#181);
#104=LINE('',#1987,#182);
#105=LINE('',#1988,#183);
#106=LINE('',#1990,#184);
#107=LINE('',#1992,#185);
#108=LINE('',#1994,#186);
#109=LINE('',#1996,#187);
#110=LINE('',#1998,#188);
#111=LINE('',#2000,#189);
#112=VECTOR('',#1207,1.);
#113=VECTOR('',#1208,1.);
#114=VECTOR('',#1209,1.);
#115=VECTOR('',#1210,1.);
#116=VECTOR('',#1211,1.);
#117=VECTOR('',#1212,1.);
#118=VECTOR('',#1215,1.);
#119=VECTOR('',#1216,1.);
#120=VECTOR('',#1217,1.);
#121=VECTOR('',#1220,1.);
#122=VECTOR('',#1221,1.);
#123=VECTOR('',#1222,1.);
#124=VECTOR('',#1233,1.);
#125=VECTOR('',#1236,1.);
#126=VECTOR('',#1241,1.);
#127=VECTOR('',#1242,1.);
#128=VECTOR('',#1243,1.);
#129=VECTOR('',#1246,1.);
#130=VECTOR('',#1247,1.);
#131=VECTOR('',#1248,1.);
#132=VECTOR('',#1249,1.);
#133=VECTOR('',#1252,1.);
#134=VECTOR('',#1253,1.);
#135=VECTOR('',#1254,1.);
#136=VECTOR('',#1257,1.);
#137=VECTOR('',#1258,1.);
#138=VECTOR('',#1261,1.);
#139=VECTOR('',#1262,1.);
#140=VECTOR('',#1263,1.);
#141=VECTOR('',#1266,1.);
#142=VECTOR('',#1267,1.);
#143=VECTOR('',#1268,1.);
#144=VECTOR('',#1271,1.);
#145=VECTOR('',#1272,1.);
#146=VECTOR('',#1273,1.);
#147=VECTOR('',#1276,1.);
#148=VECTOR('',#1277,1.);
#149=VECTOR('',#1278,1.);
#150=VECTOR('',#1279,1.);
#151=VECTOR('',#1280,1.);
#152=VECTOR('',#1283,1.);
#153=VECTOR('',#1284,1.);
#154=VECTOR('',#1285,1.);
#155=VECTOR('',#1286,1.);
#156=VECTOR('',#1289,1.);
#157=VECTOR('',#1290,1.);
#158=VECTOR('',#1291,1.);
#159=VECTOR('',#1292,1.);
#160=VECTOR('',#1295,1.);
#161=VECTOR('',#1296,1.);
#162=VECTOR('',#1297,1.);
#163=VECTOR('',#1298,1.);
#164=VECTOR('',#1299,1.);
#165=VECTOR('',#1300,1.);
#166=VECTOR('',#1301,1.);
#167=VECTOR('',#1302,1.);
#168=VECTOR('',#1305,1.);
#169=VECTOR('',#1308,1.);
#170=VECTOR('',#1321,1.);
#171=VECTOR('',#1322,1.);
#172=VECTOR('',#1325,1.);
#173=VECTOR('',#1326,1.);
#174=VECTOR('',#1337,1.);
#175=VECTOR('',#1338,1.);
#176=VECTOR('',#1343,1.);
#177=VECTOR('',#1356,1.);
#178=VECTOR('',#1357,1.);
#179=VECTOR('',#1360,1.);
#180=VECTOR('',#1361,1.);
#181=VECTOR('',#1372,1.);
#182=VECTOR('',#1413,1.);
#183=VECTOR('',#1414,1.);
#184=VECTOR('',#1417,1.);
#185=VECTOR('',#1420,1.);
#186=VECTOR('',#1423,1.);
#187=VECTOR('',#1426,1.);
#188=VECTOR('',#1429,1.);
#189=VECTOR('',#1432,1.);
#190=PLANE('',#1110);
#191=PLANE('',#1113);
#192=PLANE('',#1121);
#193=PLANE('',#1122);
#194=PLANE('',#1123);
#195=PLANE('',#1124);
#196=PLANE('',#1126);
#197=PLANE('',#1127);
#198=PLANE('',#1128);
#199=PLANE('',#1129);
#200=PLANE('',#1130);
#201=PLANE('',#1131);
#202=PLANE('',#1135);
#203=PLANE('',#1140);
#204=PLANE('',#1141);
#205=PLANE('',#1149);
#206=PLANE('',#1154);
#207=PLANE('',#1155);
#208=PLANE('',#1160);
#209=PLANE('',#1173);
#210=PLANE('',#1174);
#211=PLANE('',#1175);
#212=PLANE('',#1176);
#213=PLANE('',#1177);
#214=PLANE('',#1178);
#215=PLANE('',#1179);
#216=PLANE('',#1180);
#217=PLANE('',#1181);
#218=PLANE('',#1182);
#219=PLANE('',#1183);
#220=PLANE('',#1184);
#221=PLANE('',#1185);
#222=PLANE('',#1186);
#223=CIRCLE('',#1104,0.008);
#224=CIRCLE('',#1105,0.006);
#225=CIRCLE('',#1106,0.008);
#226=CIRCLE('',#1108,0.006);
#227=CIRCLE('',#1109,0.008);
#228=CIRCLE('',#1111,0.008);
#229=CIRCLE('',#1112,0.0033);
#230=CIRCLE('',#1115,0.00335);
#231=CIRCLE('',#1117,0.00335);
#232=CIRCLE('',#1125,0.00335);
#233=CIRCLE('',#1133,0.0053);
#234=CIRCLE('',#1134,0.0053);
#235=CIRCLE('',#1136,0.00125);
#236=CIRCLE('',#1137,0.00125);
#237=CIRCLE('',#1138,0.00125);
#238=CIRCLE('',#1139,0.00125);
#239=CIRCLE('',#1142,0.00125);
#240=CIRCLE('',#1143,0.00125);
#241=CIRCLE('',#1144,0.00125);
#242=CIRCLE('',#1145,0.00125);
#243=CIRCLE('',#1147,0.006);
#244=CIRCLE('',#1148,0.006);
#245=CIRCLE('',#1150,0.00125);
#246=CIRCLE('',#1151,0.00125);
#247=CIRCLE('',#1152,0.00125);
#248=CIRCLE('',#1153,0.00125);
#249=CIRCLE('',#1156,0.00125);
#250=CIRCLE('',#1157,0.00125);
#251=CIRCLE('',#1158,0.00125);
#252=CIRCLE('',#1159,0.00125);
#253=ORIENTED_EDGE('',*,*,#563,.T.);
#254=ORIENTED_EDGE('',*,*,#564,.T.);
#255=ORIENTED_EDGE('',*,*,#565,.T.);
#256=ORIENTED_EDGE('',*,*,#566,.T.);
#257=ORIENTED_EDGE('',*,*,#567,.T.);
#258=ORIENTED_EDGE('',*,*,#568,.F.);
#259=ORIENTED_EDGE('',*,*,#569,.T.);
#260=ORIENTED_EDGE('',*,*,#570,.T.);
#261=ORIENTED_EDGE('',*,*,#571,.T.);
#262=ORIENTED_EDGE('',*,*,#572,.F.);
#263=ORIENTED_EDGE('',*,*,#573,.T.);
#264=ORIENTED_EDGE('',*,*,#574,.T.);
#265=ORIENTED_EDGE('',*,*,#575,.T.);
#266=ORIENTED_EDGE('',*,*,#576,.F.);
#267=ORIENTED_EDGE('',*,*,#577,.T.);
#268=ORIENTED_EDGE('',*,*,#578,.T.);
#269=ORIENTED_EDGE('',*,*,#579,.T.);
#270=ORIENTED_EDGE('',*,*,#580,.F.);
#271=ORIENTED_EDGE('',*,*,#581,.F.);
#272=ORIENTED_EDGE('',*,*,#582,.F.);
#273=ORIENTED_EDGE('',*,*,#583,.T.);
#274=ORIENTED_EDGE('',*,*,#584,.T.);
#275=ORIENTED_EDGE('',*,*,#585,.T.);
#276=ORIENTED_EDGE('',*,*,#586,.T.);
#277=ORIENTED_EDGE('',*,*,#582,.T.);
#278=ORIENTED_EDGE('',*,*,#587,.F.);
#279=ORIENTED_EDGE('',*,*,#588,.F.);
#280=ORIENTED_EDGE('',*,*,#589,.F.);
#281=ORIENTED_EDGE('',*,*,#590,.T.);
#282=ORIENTED_EDGE('',*,*,#591,.T.);
#283=ORIENTED_EDGE('',*,*,#592,.T.);
#284=ORIENTED_EDGE('',*,*,#593,.T.);
#285=ORIENTED_EDGE('',*,*,#568,.T.);
#286=ORIENTED_EDGE('',*,*,#594,.T.);
#287=ORIENTED_EDGE('',*,*,#595,.F.);
#288=ORIENTED_EDGE('',*,*,#596,.T.);
#289=ORIENTED_EDGE('',*,*,#597,.F.);
#290=ORIENTED_EDGE('',*,*,#598,.T.);
#291=ORIENTED_EDGE('',*,*,#599,.T.);
#292=ORIENTED_EDGE('',*,*,#600,.T.);
#293=ORIENTED_EDGE('',*,*,#601,.F.);
#294=ORIENTED_EDGE('',*,*,#602,.T.);
#295=ORIENTED_EDGE('',*,*,#603,.F.);
#296=ORIENTED_EDGE('',*,*,#604,.T.);
#297=ORIENTED_EDGE('',*,*,#605,.T.);
#298=ORIENTED_EDGE('',*,*,#606,.T.);
#299=ORIENTED_EDGE('',*,*,#576,.T.);
#300=ORIENTED_EDGE('',*,*,#607,.T.);
#301=ORIENTED_EDGE('',*,*,#608,.T.);
#302=ORIENTED_EDGE('',*,*,#609,.T.);
#303=ORIENTED_EDGE('',*,*,#610,.F.);
#304=ORIENTED_EDGE('',*,*,#611,.T.);
#305=ORIENTED_EDGE('',*,*,#612,.T.);
#306=ORIENTED_EDGE('',*,*,#613,.T.);
#307=ORIENTED_EDGE('',*,*,#614,.T.);
#308=ORIENTED_EDGE('',*,*,#615,.T.);
#309=ORIENTED_EDGE('',*,*,#616,.T.);
#310=ORIENTED_EDGE('',*,*,#612,.F.);
#311=ORIENTED_EDGE('',*,*,#617,.T.);
#312=ORIENTED_EDGE('',*,*,#618,.T.);
#313=ORIENTED_EDGE('',*,*,#585,.F.);
#314=ORIENTED_EDGE('',*,*,#619,.T.);
#315=ORIENTED_EDGE('',*,*,#618,.F.);
#316=ORIENTED_EDGE('',*,*,#620,.T.);
#317=ORIENTED_EDGE('',*,*,#621,.F.);
#318=ORIENTED_EDGE('',*,*,#622,.T.);
#319=ORIENTED_EDGE('',*,*,#623,.T.);
#320=ORIENTED_EDGE('',*,*,#624,.T.);
#321=ORIENTED_EDGE('',*,*,#625,.T.);
#322=ORIENTED_EDGE('',*,*,#626,.T.);
#323=ORIENTED_EDGE('',*,*,#623,.F.);
#324=ORIENTED_EDGE('',*,*,#627,.T.);
#325=ORIENTED_EDGE('',*,*,#628,.T.);
#326=ORIENTED_EDGE('',*,*,#629,.T.);
#327=ORIENTED_EDGE('',*,*,#630,.T.);
#328=ORIENTED_EDGE('',*,*,#631,.T.);
#329=ORIENTED_EDGE('',*,*,#632,.T.);
#330=ORIENTED_EDGE('',*,*,#628,.F.);
#331=ORIENTED_EDGE('',*,*,#633,.T.);
#332=ORIENTED_EDGE('',*,*,#634,.T.);
#333=ORIENTED_EDGE('',*,*,#635,.T.);
#334=ORIENTED_EDGE('',*,*,#636,.T.);
#335=ORIENTED_EDGE('',*,*,#605,.F.);
#336=ORIENTED_EDGE('',*,*,#637,.T.);
#337=ORIENTED_EDGE('',*,*,#634,.F.);
#338=ORIENTED_EDGE('',*,*,#638,.T.);
#339=ORIENTED_EDGE('',*,*,#599,.F.);
#340=ORIENTED_EDGE('',*,*,#639,.T.);
#341=ORIENTED_EDGE('',*,*,#640,.T.);
#342=ORIENTED_EDGE('',*,*,#641,.T.);
#343=ORIENTED_EDGE('',*,*,#635,.F.);
#344=ORIENTED_EDGE('',*,*,#642,.T.);
#345=ORIENTED_EDGE('',*,*,#643,.T.);
#346=ORIENTED_EDGE('',*,*,#644,.T.);
#347=ORIENTED_EDGE('',*,*,#595,.T.);
#348=ORIENTED_EDGE('',*,*,#645,.T.);
#349=ORIENTED_EDGE('',*,*,#643,.F.);
#350=ORIENTED_EDGE('',*,*,#646,.T.);
#351=ORIENTED_EDGE('',*,*,#597,.T.);
#352=ORIENTED_EDGE('',*,*,#647,.T.);
#353=ORIENTED_EDGE('',*,*,#610,.T.);
#354=ORIENTED_EDGE('',*,*,#648,.T.);
#355=ORIENTED_EDGE('',*,*,#649,.T.);
#356=ORIENTED_EDGE('',*,*,#650,.T.);
#357=ORIENTED_EDGE('',*,*,#651,.T.);
#358=ORIENTED_EDGE('',*,*,#652,.T.);
#359=ORIENTED_EDGE('',*,*,#653,.T.);
#360=ORIENTED_EDGE('',*,*,#654,.T.);
#361=ORIENTED_EDGE('',*,*,#655,.T.);
#362=ORIENTED_EDGE('',*,*,#656,.T.);
#363=ORIENTED_EDGE('',*,*,#657,.T.);
#364=ORIENTED_EDGE('',*,*,#658,.T.);
#365=ORIENTED_EDGE('',*,*,#659,.F.);
#366=ORIENTED_EDGE('',*,*,#660,.T.);
#367=ORIENTED_EDGE('',*,*,#661,.T.);
#368=ORIENTED_EDGE('',*,*,#662,.T.);
#369=ORIENTED_EDGE('',*,*,#663,.T.);
#370=ORIENTED_EDGE('',*,*,#664,.T.);
#371=ORIENTED_EDGE('',*,*,#589,.T.);
#372=ORIENTED_EDGE('',*,*,#665,.F.);
#373=ORIENTED_EDGE('',*,*,#666,.F.);
#374=ORIENTED_EDGE('',*,*,#659,.T.);
#375=ORIENTED_EDGE('',*,*,#667,.T.);
#376=ORIENTED_EDGE('',*,*,#588,.T.);
#377=ORIENTED_EDGE('',*,*,#668,.F.);
#378=ORIENTED_EDGE('',*,*,#669,.F.);
#379=ORIENTED_EDGE('',*,*,#665,.T.);
#380=ORIENTED_EDGE('',*,*,#670,.T.);
#381=ORIENTED_EDGE('',*,*,#671,.T.);
#382=ORIENTED_EDGE('',*,*,#672,.T.);
#383=ORIENTED_EDGE('',*,*,#673,.T.);
#384=ORIENTED_EDGE('',*,*,#587,.T.);
#385=ORIENTED_EDGE('',*,*,#581,.T.);
#386=ORIENTED_EDGE('',*,*,#674,.F.);
#387=ORIENTED_EDGE('',*,*,#675,.F.);
#388=ORIENTED_EDGE('',*,*,#668,.T.);
#389=ORIENTED_EDGE('',*,*,#674,.T.);
#390=ORIENTED_EDGE('',*,*,#580,.T.);
#391=ORIENTED_EDGE('',*,*,#676,.T.);
#392=ORIENTED_EDGE('',*,*,#677,.T.);
#393=ORIENTED_EDGE('',*,*,#572,.T.);
#394=ORIENTED_EDGE('',*,*,#678,.T.);
#395=ORIENTED_EDGE('',*,*,#679,.T.);
#396=ORIENTED_EDGE('',*,*,#680,.T.);
#397=ORIENTED_EDGE('',*,*,#681,.F.);
#398=ORIENTED_EDGE('',*,*,#682,.F.);
#399=ORIENTED_EDGE('',*,*,#683,.F.);
#400=ORIENTED_EDGE('',*,*,#684,.F.);
#401=ORIENTED_EDGE('',*,*,#685,.F.);
#402=ORIENTED_EDGE('',*,*,#686,.F.);
#403=ORIENTED_EDGE('',*,*,#681,.T.);
#404=ORIENTED_EDGE('',*,*,#687,.T.);
#405=ORIENTED_EDGE('',*,*,#593,.F.);
#406=ORIENTED_EDGE('',*,*,#688,.F.);
#407=ORIENTED_EDGE('',*,*,#689,.T.);
#408=ORIENTED_EDGE('',*,*,#592,.F.);
#409=ORIENTED_EDGE('',*,*,#690,.F.);
#410=ORIENTED_EDGE('',*,*,#691,.T.);
#411=ORIENTED_EDGE('',*,*,#688,.T.);
#412=ORIENTED_EDGE('',*,*,#692,.F.);
#413=ORIENTED_EDGE('',*,*,#693,.F.);
#414=ORIENTED_EDGE('',*,*,#694,.F.);
#415=ORIENTED_EDGE('',*,*,#695,.F.);
#416=ORIENTED_EDGE('',*,*,#591,.F.);
#417=ORIENTED_EDGE('',*,*,#696,.T.);
#418=ORIENTED_EDGE('',*,*,#657,.F.);
#419=ORIENTED_EDGE('',*,*,#697,.T.);
#420=ORIENTED_EDGE('',*,*,#690,.T.);
#421=ORIENTED_EDGE('',*,*,#660,.F.);
#422=ORIENTED_EDGE('',*,*,#666,.T.);
#423=ORIENTED_EDGE('',*,*,#669,.T.);
#424=ORIENTED_EDGE('',*,*,#675,.T.);
#425=ORIENTED_EDGE('',*,*,#682,.T.);
#426=ORIENTED_EDGE('',*,*,#689,.F.);
#427=ORIENTED_EDGE('',*,*,#691,.F.);
#428=ORIENTED_EDGE('',*,*,#697,.F.);
#429=ORIENTED_EDGE('',*,*,#621,.T.);
#430=ORIENTED_EDGE('',*,*,#698,.T.);
#431=ORIENTED_EDGE('',*,*,#603,.T.);
#432=ORIENTED_EDGE('',*,*,#602,.F.);
#433=ORIENTED_EDGE('',*,*,#601,.T.);
#434=ORIENTED_EDGE('',*,*,#604,.F.);
#435=ORIENTED_EDGE('',*,*,#686,.T.);
#436=ORIENTED_EDGE('',*,*,#695,.T.);
#437=ORIENTED_EDGE('',*,*,#685,.T.);
#438=ORIENTED_EDGE('',*,*,#694,.T.);
#439=ORIENTED_EDGE('',*,*,#684,.T.);
#440=ORIENTED_EDGE('',*,*,#693,.T.);
#441=ORIENTED_EDGE('',*,*,#683,.T.);
#442=ORIENTED_EDGE('',*,*,#692,.T.);
#443=ORIENTED_EDGE('',*,*,#673,.F.);
#444=ORIENTED_EDGE('',*,*,#664,.F.);
#445=ORIENTED_EDGE('',*,*,#672,.F.);
#446=ORIENTED_EDGE('',*,*,#663,.F.);
#447=ORIENTED_EDGE('',*,*,#671,.F.);
#448=ORIENTED_EDGE('',*,*,#662,.F.);
#449=ORIENTED_EDGE('',*,*,#670,.F.);
#450=ORIENTED_EDGE('',*,*,#661,.F.);
#451=ORIENTED_EDGE('',*,*,#667,.F.);
#452=ORIENTED_EDGE('',*,*,#658,.F.);
#453=ORIENTED_EDGE('',*,*,#696,.F.);
#454=ORIENTED_EDGE('',*,*,#590,.F.);
#455=ORIENTED_EDGE('',*,*,#680,.F.);
#456=ORIENTED_EDGE('',*,*,#699,.T.);
#457=ORIENTED_EDGE('',*,*,#700,.T.);
#458=ORIENTED_EDGE('',*,*,#701,.T.);
#459=ORIENTED_EDGE('',*,*,#583,.F.);
#460=ORIENTED_EDGE('',*,*,#687,.F.);
#461=ORIENTED_EDGE('',*,*,#594,.F.);
#462=ORIENTED_EDGE('',*,*,#567,.F.);
#463=ORIENTED_EDGE('',*,*,#702,.F.);
#464=ORIENTED_EDGE('',*,*,#644,.F.);
#465=ORIENTED_EDGE('',*,*,#645,.F.);
#466=ORIENTED_EDGE('',*,*,#565,.F.);
#467=ORIENTED_EDGE('',*,*,#564,.F.);
#468=ORIENTED_EDGE('',*,*,#703,.F.);
#469=ORIENTED_EDGE('',*,*,#640,.F.);
#470=ORIENTED_EDGE('',*,*,#702,.T.);
#471=ORIENTED_EDGE('',*,*,#566,.F.);
#472=ORIENTED_EDGE('',*,*,#636,.F.);
#473=ORIENTED_EDGE('',*,*,#641,.F.);
#474=ORIENTED_EDGE('',*,*,#703,.T.);
#475=ORIENTED_EDGE('',*,*,#563,.F.);
#476=ORIENTED_EDGE('',*,*,#606,.F.);
#477=ORIENTED_EDGE('',*,*,#584,.F.);
#478=ORIENTED_EDGE('',*,*,#701,.F.);
#479=ORIENTED_EDGE('',*,*,#704,.F.);
#480=ORIENTED_EDGE('',*,*,#613,.F.);
#481=ORIENTED_EDGE('',*,*,#619,.F.);
#482=ORIENTED_EDGE('',*,*,#699,.F.);
#483=ORIENTED_EDGE('',*,*,#679,.F.);
#484=ORIENTED_EDGE('',*,*,#705,.F.);
#485=ORIENTED_EDGE('',*,*,#615,.F.);
#486=ORIENTED_EDGE('',*,*,#614,.F.);
#487=ORIENTED_EDGE('',*,*,#704,.T.);
#488=ORIENTED_EDGE('',*,*,#700,.F.);
#489=ORIENTED_EDGE('',*,*,#571,.F.);
#490=ORIENTED_EDGE('',*,*,#570,.F.);
#491=ORIENTED_EDGE('',*,*,#706,.F.);
#492=ORIENTED_EDGE('',*,*,#608,.F.);
#493=ORIENTED_EDGE('',*,*,#616,.F.);
#494=ORIENTED_EDGE('',*,*,#705,.T.);
#495=ORIENTED_EDGE('',*,*,#678,.F.);
#496=ORIENTED_EDGE('',*,*,#569,.F.);
#497=ORIENTED_EDGE('',*,*,#596,.F.);
#498=ORIENTED_EDGE('',*,*,#648,.F.);
#499=ORIENTED_EDGE('',*,*,#609,.F.);
#500=ORIENTED_EDGE('',*,*,#706,.T.);
#501=ORIENTED_EDGE('',*,*,#607,.F.);
#502=ORIENTED_EDGE('',*,*,#575,.F.);
#503=ORIENTED_EDGE('',*,*,#707,.F.);
#504=ORIENTED_EDGE('',*,*,#631,.F.);
#505=ORIENTED_EDGE('',*,*,#637,.F.);
#506=ORIENTED_EDGE('',*,*,#573,.F.);
#507=ORIENTED_EDGE('',*,*,#677,.F.);
#508=ORIENTED_EDGE('',*,*,#708,.F.);
#509=ORIENTED_EDGE('',*,*,#629,.F.);
#510=ORIENTED_EDGE('',*,*,#632,.F.);
#511=ORIENTED_EDGE('',*,*,#707,.T.);
#512=ORIENTED_EDGE('',*,*,#574,.F.);
#513=ORIENTED_EDGE('',*,*,#579,.F.);
#514=ORIENTED_EDGE('',*,*,#578,.F.);
#515=ORIENTED_EDGE('',*,*,#709,.F.);
#516=ORIENTED_EDGE('',*,*,#625,.F.);
#517=ORIENTED_EDGE('',*,*,#630,.F.);
#518=ORIENTED_EDGE('',*,*,#708,.T.);
#519=ORIENTED_EDGE('',*,*,#676,.F.);
#520=ORIENTED_EDGE('',*,*,#577,.F.);
#521=ORIENTED_EDGE('',*,*,#586,.F.);
#522=ORIENTED_EDGE('',*,*,#624,.F.);
#523=ORIENTED_EDGE('',*,*,#626,.F.);
#524=ORIENTED_EDGE('',*,*,#709,.T.);
#525=ORIENTED_EDGE('',*,*,#598,.F.);
#526=ORIENTED_EDGE('',*,*,#646,.F.);
#527=ORIENTED_EDGE('',*,*,#710,.F.);
#528=ORIENTED_EDGE('',*,*,#654,.F.);
#529=ORIENTED_EDGE('',*,*,#711,.F.);
#530=ORIENTED_EDGE('',*,*,#647,.F.);
#531=ORIENTED_EDGE('',*,*,#710,.T.);
#532=ORIENTED_EDGE('',*,*,#642,.F.);
#533=ORIENTED_EDGE('',*,*,#712,.F.);
#534=ORIENTED_EDGE('',*,*,#655,.F.);
#535=ORIENTED_EDGE('',*,*,#711,.T.);
#536=ORIENTED_EDGE('',*,*,#653,.F.);
#537=ORIENTED_EDGE('',*,*,#713,.F.);
#538=ORIENTED_EDGE('',*,*,#611,.F.);
#539=ORIENTED_EDGE('',*,*,#600,.F.);
#540=ORIENTED_EDGE('',*,*,#638,.F.);
#541=ORIENTED_EDGE('',*,*,#714,.F.);
#542=ORIENTED_EDGE('',*,*,#656,.F.);
#543=ORIENTED_EDGE('',*,*,#712,.T.);
#544=ORIENTED_EDGE('',*,*,#639,.F.);
#545=ORIENTED_EDGE('',*,*,#713,.T.);
#546=ORIENTED_EDGE('',*,*,#652,.F.);
#547=ORIENTED_EDGE('',*,*,#715,.F.);
#548=ORIENTED_EDGE('',*,*,#617,.F.);
#549=ORIENTED_EDGE('',*,*,#714,.T.);
#550=ORIENTED_EDGE('',*,*,#633,.F.);
#551=ORIENTED_EDGE('',*,*,#716,.F.);
#552=ORIENTED_EDGE('',*,*,#649,.F.);
#553=ORIENTED_EDGE('',*,*,#715,.T.);
#554=ORIENTED_EDGE('',*,*,#651,.F.);
#555=ORIENTED_EDGE('',*,*,#717,.F.);
#556=ORIENTED_EDGE('',*,*,#622,.F.);
#557=ORIENTED_EDGE('',*,*,#698,.F.);
#558=ORIENTED_EDGE('',*,*,#620,.F.);
#559=ORIENTED_EDGE('',*,*,#716,.T.);
#560=ORIENTED_EDGE('',*,*,#627,.F.);
#561=ORIENTED_EDGE('',*,*,#717,.T.);
#562=ORIENTED_EDGE('',*,*,#650,.F.);
#563=EDGE_CURVE('',#718,#719,#828,.T.);
#564=EDGE_CURVE('',#719,#720,#829,.F.);
#565=EDGE_CURVE('',#720,#721,#830,.T.);
#566=EDGE_CURVE('',#721,#722,#831,.F.);
#567=EDGE_CURVE('',#722,#723,#832,.T.);
#568=EDGE_CURVE('',#724,#723,#223,.F.);
#569=EDGE_CURVE('',#724,#725,#833,.T.);
#570=EDGE_CURVE('',#725,#726,#834,.F.);
#571=EDGE_CURVE('',#726,#727,#835,.T.);
#572=EDGE_CURVE('',#728,#727,#224,.T.);
#573=EDGE_CURVE('',#728,#729,#836,.T.);
#574=EDGE_CURVE('',#729,#730,#837,.F.);
#575=EDGE_CURVE('',#730,#731,#838,.T.);
#576=EDGE_CURVE('',#718,#731,#225,.F.);
#577=EDGE_CURVE('',#732,#733,#839,.T.);
#578=EDGE_CURVE('',#733,#734,#840,.F.);
#579=EDGE_CURVE('',#734,#735,#841,.T.);
#580=EDGE_CURVE('',#736,#735,#226,.T.);
#581=EDGE_CURVE('',#737,#736,#842,.T.);
#582=EDGE_CURVE('',#732,#737,#227,.F.);
#583=EDGE_CURVE('',#738,#739,#228,.F.);
#584=EDGE_CURVE('',#739,#740,#34,.T.);
#585=EDGE_CURVE('',#740,#741,#35,.T.);
#586=EDGE_CURVE('',#741,#732,#36,.T.);
#587=EDGE_CURVE('',#742,#737,#37,.T.);
#588=EDGE_CURVE('',#743,#742,#38,.T.);
#589=EDGE_CURVE('',#744,#743,#39,.T.);
#590=EDGE_CURVE('',#744,#745,#229,.T.);
#591=EDGE_CURVE('',#745,#746,#40,.T.);
#592=EDGE_CURVE('',#746,#747,#41,.T.);
#593=EDGE_CURVE('',#747,#738,#42,.T.);
#594=EDGE_CURVE('',#723,#748,#43,.T.);
#595=EDGE_CURVE('',#749,#748,#44,.T.);
#596=EDGE_CURVE('',#749,#724,#45,.T.);
#597=EDGE_CURVE('',#750,#751,#230,.T.);
#598=EDGE_CURVE('',#750,#751,#17,.F.);
#599=EDGE_CURVE('',#752,#753,#231,.T.);
#600=EDGE_CURVE('',#753,#752,#18,.T.);
#601=EDGE_CURVE('',#754,#755,#46,.F.);
#602=EDGE_CURVE('',#754,#756,#19,.F.);
#603=EDGE_CURVE('',#757,#756,#47,.T.);
#604=EDGE_CURVE('',#757,#755,#20,.T.);
#605=EDGE_CURVE('',#758,#759,#48,.T.);
#606=EDGE_CURVE('',#759,#718,#49,.T.);
#607=EDGE_CURVE('',#731,#758,#50,.T.);
#608=EDGE_CURVE('',#760,#761,#843,.T.);
#609=EDGE_CURVE('',#761,#762,#51,.T.);
#610=EDGE_CURVE('',#763,#762,#52,.T.);
#611=EDGE_CURVE('',#763,#764,#53,.T.);
#612=EDGE_CURVE('',#764,#760,#54,.T.);
#613=EDGE_CURVE('',#765,#766,#55,.T.);
#614=EDGE_CURVE('',#766,#767,#844,.T.);
#615=EDGE_CURVE('',#767,#768,#845,.T.);
#616=EDGE_CURVE('',#768,#760,#846,.T.);
#617=EDGE_CURVE('',#764,#769,#56,.T.);
#618=EDGE_CURVE('',#769,#765,#57,.T.);
#619=EDGE_CURVE('',#740,#765,#58,.F.);
#620=EDGE_CURVE('',#769,#770,#59,.T.);
#621=EDGE_CURVE('',#771,#770,#232,.T.);
#622=EDGE_CURVE('',#771,#772,#60,.T.);
#623=EDGE_CURVE('',#772,#773,#61,.T.);
#624=EDGE_CURVE('',#773,#741,#62,.T.);
#625=EDGE_CURVE('',#774,#775,#847,.T.);
#626=EDGE_CURVE('',#775,#773,#63,.T.);
#627=EDGE_CURVE('',#772,#776,#64,.T.);
#628=EDGE_CURVE('',#776,#777,#65,.T.);
#629=EDGE_CURVE('',#777,#778,#848,.T.);
#630=EDGE_CURVE('',#778,#774,#849,.T.);
#631=EDGE_CURVE('',#779,#780,#66,.T.);
#632=EDGE_CURVE('',#780,#777,#850,.T.);
#633=EDGE_CURVE('',#776,#781,#67,.T.);
#634=EDGE_CURVE('',#781,#779,#68,.T.);
#635=EDGE_CURVE('',#782,#783,#69,.T.);
#636=EDGE_CURVE('',#783,#759,#70,.F.);
#637=EDGE_CURVE('',#758,#779,#71,.T.);
#638=EDGE_CURVE('',#781,#753,#72,.T.);
#639=EDGE_CURVE('',#752,#782,#73,.T.);
#640=EDGE_CURVE('',#784,#785,#851,.T.);
#641=EDGE_CURVE('',#785,#783,#74,.T.);
#642=EDGE_CURVE('',#782,#786,#75,.T.);
#643=EDGE_CURVE('',#786,#787,#76,.T.);
#644=EDGE_CURVE('',#787,#784,#77,.T.);
#645=EDGE_CURVE('',#748,#787,#78,.F.);
#646=EDGE_CURVE('',#786,#750,#79,.T.);
#647=EDGE_CURVE('',#751,#763,#80,.T.);
#648=EDGE_CURVE('',#762,#749,#81,.T.);
#649=EDGE_CURVE('',#788,#789,#82,.T.);
#650=EDGE_CURVE('',#789,#790,#83,.T.);
#651=EDGE_CURVE('',#790,#791,#84,.T.);
#652=EDGE_CURVE('',#791,#792,#85,.T.);
#653=EDGE_CURVE('',#792,#793,#86,.T.);
#654=EDGE_CURVE('',#793,#794,#87,.T.);
#655=EDGE_CURVE('',#794,#795,#88,.T.);
#656=EDGE_CURVE('',#795,#788,#89,.T.);
#657=EDGE_CURVE('',#796,#797,#90,.T.);
#658=EDGE_CURVE('',#797,#798,#233,.F.);
#659=EDGE_CURVE('',#799,#798,#91,.T.);
#660=EDGE_CURVE('',#799,#796,#234,.T.);
#661=EDGE_CURVE('',#800,#800,#235,.T.);
#662=EDGE_CURVE('',#801,#801,#236,.T.);
#663=EDGE_CURVE('',#802,#802,#237,.T.);
#664=EDGE_CURVE('',#803,#803,#238,.T.);
#665=EDGE_CURVE('',#804,#743,#92,.T.);
#666=EDGE_CURVE('',#799,#804,#93,.T.);
#667=EDGE_CURVE('',#798,#744,#852,.T.);
#668=EDGE_CURVE('',#805,#742,#94,.T.);
#669=EDGE_CURVE('',#804,#805,#95,.T.);
#670=EDGE_CURVE('',#806,#806,#239,.T.);
#671=EDGE_CURVE('',#807,#807,#240,.T.);
#672=EDGE_CURVE('',#808,#808,#241,.T.);
#673=EDGE_CURVE('',#809,#809,#242,.T.);
#674=EDGE_CURVE('',#810,#736,#96,.T.);
#675=EDGE_CURVE('',#805,#810,#97,.T.);
#676=EDGE_CURVE('',#735,#811,#853,.T.);
#677=EDGE_CURVE('',#811,#728,#854,.T.);
#678=EDGE_CURVE('',#727,#812,#855,.T.);
#679=EDGE_CURVE('',#812,#813,#856,.T.);
#680=EDGE_CURVE('',#813,#814,#243,.T.);
#681=EDGE_CURVE('',#815,#814,#98,.T.);
#682=EDGE_CURVE('',#810,#815,#244,.T.);
#683=EDGE_CURVE('',#816,#816,#245,.T.);
#684=EDGE_CURVE('',#817,#817,#246,.T.);
#685=EDGE_CURVE('',#818,#818,#247,.T.);
#686=EDGE_CURVE('',#819,#819,#248,.T.);
#687=EDGE_CURVE('',#814,#738,#857,.T.);
#688=EDGE_CURVE('',#820,#747,#99,.T.);
#689=EDGE_CURVE('',#820,#815,#100,.T.);
#690=EDGE_CURVE('',#821,#746,#101,.T.);
#691=EDGE_CURVE('',#821,#820,#102,.T.);
#692=EDGE_CURVE('',#822,#822,#249,.T.);
#693=EDGE_CURVE('',#823,#823,#250,.T.);
#694=EDGE_CURVE('',#824,#824,#251,.T.);
#695=EDGE_CURVE('',#825,#825,#252,.T.);
#696=EDGE_CURVE('',#745,#797,#858,.T.);
#697=EDGE_CURVE('',#796,#821,#103,.T.);
#698=EDGE_CURVE('',#770,#771,#21,.T.);
#699=EDGE_CURVE('',#813,#826,#859,.T.);
#700=EDGE_CURVE('',#826,#827,#860,.F.);
#701=EDGE_CURVE('',#827,#739,#861,.T.);
#702=EDGE_CURVE('',#784,#722,#862,.F.);
#703=EDGE_CURVE('',#785,#719,#863,.T.);
#704=EDGE_CURVE('',#766,#827,#864,.F.);
#705=EDGE_CURVE('',#768,#812,#865,.F.);
#706=EDGE_CURVE('',#761,#725,#866,.T.);
#707=EDGE_CURVE('',#780,#730,#867,.F.);
#708=EDGE_CURVE('',#778,#811,#868,.F.);
#709=EDGE_CURVE('',#775,#733,#869,.T.);
#710=EDGE_CURVE('',#794,#786,#104,.T.);
#711=EDGE_CURVE('',#763,#793,#105,.T.);
#712=EDGE_CURVE('',#795,#782,#106,.F.);
#713=EDGE_CURVE('',#764,#792,#107,.F.);
#714=EDGE_CURVE('',#788,#781,#108,.T.);
#715=EDGE_CURVE('',#769,#791,#109,.T.);
#716=EDGE_CURVE('',#789,#776,#110,.F.);
#717=EDGE_CURVE('',#772,#790,#111,.T.);
#718=VERTEX_POINT('',#1441);
#719=VERTEX_POINT('',#1442);
#720=VERTEX_POINT('',#1457);
#721=VERTEX_POINT('',#1479);
#722=VERTEX_POINT('',#1494);
#723=VERTEX_POINT('',#1499);
#724=VERTEX_POINT('',#1501);
#725=VERTEX_POINT('',#1506);
#726=VERTEX_POINT('',#1511);
#727=VERTEX_POINT('',#1516);
#728=VERTEX_POINT('',#1518);
#729=VERTEX_POINT('',#1523);
#730=VERTEX_POINT('',#1528);
#731=VERTEX_POINT('',#1533);
#732=VERTEX_POINT('',#1540);
#733=VERTEX_POINT('',#1541);
#734=VERTEX_POINT('',#1546);
#735=VERTEX_POINT('',#1551);
#736=VERTEX_POINT('',#1553);
#737=VERTEX_POINT('',#1558);
#738=VERTEX_POINT('',#1562);
#739=VERTEX_POINT('',#1563);
#740=VERTEX_POINT('',#1565);
#741=VERTEX_POINT('',#1567);
#742=VERTEX_POINT('',#1570);
#743=VERTEX_POINT('',#1572);
#744=VERTEX_POINT('',#1574);
#745=VERTEX_POINT('',#1576);
#746=VERTEX_POINT('',#1578);
#747=VERTEX_POINT('',#1580);
#748=VERTEX_POINT('',#1584);
#749=VERTEX_POINT('',#1586);
#750=VERTEX_POINT('',#1590);
#751=VERTEX_POINT('',#1591);
#752=VERTEX_POINT('',#1594);
#753=VERTEX_POINT('',#1595);
#754=VERTEX_POINT('',#1598);
#755=VERTEX_POINT('',#1599);
#756=VERTEX_POINT('',#1601);
#757=VERTEX_POINT('',#1603);
#758=VERTEX_POINT('',#1607);
#759=VERTEX_POINT('',#1608);
#760=VERTEX_POINT('',#1616);
#761=VERTEX_POINT('',#1617);
#762=VERTEX_POINT('',#1619);
#763=VERTEX_POINT('',#1621);
#764=VERTEX_POINT('',#1623);
#765=VERTEX_POINT('',#1627);
#766=VERTEX_POINT('',#1628);
#767=VERTEX_POINT('',#1640);
#768=VERTEX_POINT('',#1645);
#769=VERTEX_POINT('',#1651);
#770=VERTEX_POINT('',#1656);
#771=VERTEX_POINT('',#1658);
#772=VERTEX_POINT('',#1660);
#773=VERTEX_POINT('',#1662);
#774=VERTEX_POINT('',#1676);
#775=VERTEX_POINT('',#1677);
#776=VERTEX_POINT('',#1680);
#777=VERTEX_POINT('',#1682);
#778=VERTEX_POINT('',#1687);
#779=VERTEX_POINT('',#1694);
#780=VERTEX_POINT('',#1695);
#781=VERTEX_POINT('',#1701);
#782=VERTEX_POINT('',#1705);
#783=VERTEX_POINT('',#1706);
#784=VERTEX_POINT('',#1731);
#785=VERTEX_POINT('',#1732);
#786=VERTEX_POINT('',#1735);
#787=VERTEX_POINT('',#1737);
#788=VERTEX_POINT('',#1746);
#789=VERTEX_POINT('',#1747);
#790=VERTEX_POINT('',#1749);
#791=VERTEX_POINT('',#1751);
#792=VERTEX_POINT('',#1753);
#793=VERTEX_POINT('',#1755);
#794=VERTEX_POINT('',#1757);
#795=VERTEX_POINT('',#1759);
#796=VERTEX_POINT('',#1763);
#797=VERTEX_POINT('',#1764);
#798=VERTEX_POINT('',#1766);
#799=VERTEX_POINT('',#1768);
#800=VERTEX_POINT('',#1772);
#801=VERTEX_POINT('',#1774);
#802=VERTEX_POINT('',#1776);
#803=VERTEX_POINT('',#1778);
#804=VERTEX_POINT('',#1780);
#805=VERTEX_POINT('',#1788);
#806=VERTEX_POINT('',#1792);
#807=VERTEX_POINT('',#1794);
#808=VERTEX_POINT('',#1796);
#809=VERTEX_POINT('',#1798);
#810=VERTEX_POINT('',#1800);
#811=VERTEX_POINT('',#1807);
#812=VERTEX_POINT('',#1816);
#813=VERTEX_POINT('',#1821);
#814=VERTEX_POINT('',#1823);
#815=VERTEX_POINT('',#1825);
#816=VERTEX_POINT('',#1829);
#817=VERTEX_POINT('',#1831);
#818=VERTEX_POINT('',#1833);
#819=VERTEX_POINT('',#1835);
#820=VERTEX_POINT('',#1841);
#821=VERTEX_POINT('',#1845);
#822=VERTEX_POINT('',#1849);
#823=VERTEX_POINT('',#1851);
#824=VERTEX_POINT('',#1853);
#825=VERTEX_POINT('',#1855);
#826=VERTEX_POINT('',#1878);
#827=VERTEX_POINT('',#1883);
#828=B_SPLINE_CURVE_WITH_KNOTS('',3,(#1437,#1438,#1439,#1440),
 .UNSPECIFIED.,.F.,.F.,(4,4),(0.,0.000719413300199325),.UNSPECIFIED.);
#829=B_SPLINE_CURVE_WITH_KNOTS('',3,(#1443,#1444,#1445,#1446,#1447,#1448,
#1449,#1450,#1451,#1452,#1453,#1454,#1455,#1456),.UNSPECIFIED.,.F.,.F.,
(4,2,2,2,2,2,4),(0.0282870885352326,0.0315441518970421,0.0331726835779468,
0.0348012152588515,0.0364297469397561,0.0380582786206609,0.0413153419824702),
 .UNSPECIFIED.);
#830=B_SPLINE_CURVE_WITH_KNOTS('',3,(#1458,#1459,#1460,#1461,#1462,#1463,
#1464,#1465,#1466,#1467,#1468,#1469,#1470,#1471,#1472,#1473,#1474,#1475,
#1476,#1477,#1478),.UNSPECIFIED.,.F.,.F.,(4,1,1,1,1,1,1,1,1,1,1,1,1,1,1,
1,1,1,4),(0.,0.125,0.1875,0.21875,0.25,0.28125,0.3125,0.375,0.4375,0.5,
0.5625,0.625,0.6875,0.71875,0.75,0.78125,0.8125,0.875,1.),.UNSPECIFIED.);
#831=B_SPLINE_CURVE_WITH_KNOTS('',3,(#1480,#1481,#1482,#1483,#1484,#1485,
#1486,#1487,#1488,#1489,#1490,#1491,#1492,#1493),.UNSPECIFIED.,.F.,.F.,
(4,2,2,2,2,2,4),(0.0282870885352326,0.0315441518970421,0.0331726835779468,
0.0348012152588515,0.0364297469397561,0.0380582786206609,0.0413153419824702),
 .UNSPECIFIED.);
#832=B_SPLINE_CURVE_WITH_KNOTS('',3,(#1495,#1496,#1497,#1498),
 .UNSPECIFIED.,.F.,.F.,(4,4),(0.,0.00071940593950645),.UNSPECIFIED.);
#833=B_SPLINE_CURVE_WITH_KNOTS('',3,(#1502,#1503,#1504,#1505),
 .UNSPECIFIED.,.F.,.F.,(4,4),(1.10742401877308E-20,0.000392376126183956),
 .UNSPECIFIED.);
#834=B_SPLINE_CURVE_WITH_KNOTS('',3,(#1507,#1508,#1509,#1510),
 .UNSPECIFIED.,.F.,.F.,(4,4),(0.036761278977146,0.0413496464189924),
 .PIECEWISE_BEZIER_KNOTS.);
#835=B_SPLINE_CURVE_WITH_KNOTS('',3,(#1512,#1513,#1514,#1515),
 .UNSPECIFIED.,.F.,.F.,(4,4),(0.,0.999516902066983),.UNSPECIFIED.);
#836=B_SPLINE_CURVE_WITH_KNOTS('',3,(#1519,#1520,#1521,#1522),
 .UNSPECIFIED.,.F.,.F.,(4,4),(7.39061600337113E-5,1.),.UNSPECIFIED.);
#837=B_SPLINE_CURVE_WITH_KNOTS('',3,(#1524,#1525,#1526,#1527),
 .UNSPECIFIED.,.F.,.F.,(4,4),(0.036761278977146,0.0413496464189924),
 .PIECEWISE_BEZIER_KNOTS.);
#838=B_SPLINE_CURVE_WITH_KNOTS('',3,(#1529,#1530,#1531,#1532),
 .UNSPECIFIED.,.F.,.F.,(4,4),(1.0842021724855E-19,0.000392376126183951),
 .UNSPECIFIED.);
#839=B_SPLINE_CURVE_WITH_KNOTS('',3,(#1536,#1537,#1538,#1539),
 .UNSPECIFIED.,.F.,.F.,(4,4),(1.42464034192371E-19,0.000562056120687438),
 .UNSPECIFIED.);
#840=B_SPLINE_CURVE_WITH_KNOTS('',3,(#1542,#1543,#1544,#1545),
 .UNSPECIFIED.,.F.,.F.,(4,4),(0.0333113933982722,0.038481356675662),
 .PIECEWISE_BEZIER_KNOTS.);
#841=B_SPLINE_CURVE_WITH_KNOTS('',3,(#1547,#1548,#1549,#1550),
 .UNSPECIFIED.,.F.,.F.,(4,4),(0.,0.999169097575603),.UNSPECIFIED.);
#842=B_SPLINE_CURVE_WITH_KNOTS('',3,(#1554,#1555,#1556,#1557),
 .UNSPECIFIED.,.F.,.F.,(4,4),(0.,0.00289212565411211),.UNSPECIFIED.);
#843=B_SPLINE_CURVE_WITH_KNOTS('',3,(#1612,#1613,#1614,#1615),
 .UNSPECIFIED.,.F.,.F.,(4,4),(0.,1.),.UNSPECIFIED.);
#844=B_SPLINE_CURVE_WITH_KNOTS('',3,(#1629,#1630,#1631,#1632,#1633,#1634,
#1635,#1636,#1637,#1638,#1639),.UNSPECIFIED.,.F.,.F.,(4,1,1,1,1,1,1,1,4),
(0.,0.25,0.375,0.4375,0.5,0.5625,0.625,0.75,1.),.UNSPECIFIED.);
#845=B_SPLINE_CURVE_WITH_KNOTS('',3,(#1641,#1642,#1643,#1644),
 .UNSPECIFIED.,.F.,.F.,(4,4),(0.0333113933982722,0.038481356675662),
 .PIECEWISE_BEZIER_KNOTS.);
#846=B_SPLINE_CURVE_WITH_KNOTS('',3,(#1646,#1647,#1648,#1649),
 .UNSPECIFIED.,.F.,.F.,(4,4),(0.,0.000419844695068811),.UNSPECIFIED.);
#847=B_SPLINE_CURVE_WITH_KNOTS('',3,(#1665,#1666,#1667,#1668,#1669,#1670,
#1671,#1672,#1673,#1674,#1675),.UNSPECIFIED.,.F.,.F.,(4,1,1,1,1,1,1,1,4),
(0.,0.25,0.375,0.4375,0.5,0.5625,0.625,0.75,1.),.UNSPECIFIED.);
#848=B_SPLINE_CURVE_WITH_KNOTS('',3,(#1683,#1684,#1685,#1686),
 .UNSPECIFIED.,.F.,.F.,(4,4),(0.,0.000419844695068806),.UNSPECIFIED.);
#849=B_SPLINE_CURVE_WITH_KNOTS('',3,(#1688,#1689,#1690,#1691),
 .UNSPECIFIED.,.F.,.F.,(4,4),(0.0333113933982722,0.038481356675662),
 .PIECEWISE_BEZIER_KNOTS.);
#850=B_SPLINE_CURVE_WITH_KNOTS('',3,(#1696,#1697,#1698,#1699),
 .UNSPECIFIED.,.F.,.F.,(4,4),(0.,1.),.UNSPECIFIED.);
#851=B_SPLINE_CURVE_WITH_KNOTS('',3,(#1712,#1713,#1714,#1715,#1716,#1717,
#1718,#1719,#1720,#1721,#1722,#1723,#1724,#1725,#1726,#1727,#1728,#1729,
#1730),.UNSPECIFIED.,.F.,.F.,(4,1,1,1,1,1,1,1,1,1,1,1,1,1,1,1,4),(0.,0.125,
0.1875,0.21875,0.25,0.28125,0.3125,0.375,0.5,0.625,0.6875,0.71875,0.75,
0.78125,0.8125,0.875,1.),.UNSPECIFIED.);
#852=B_SPLINE_CURVE_WITH_KNOTS('',3,(#1782,#1783,#1784,#1785),
 .UNSPECIFIED.,.F.,.F.,(4,4),(0.,0.00287114436168581),.UNSPECIFIED.);
#853=B_SPLINE_CURVE_WITH_KNOTS('',3,(#1803,#1804,#1805,#1806),
 .UNSPECIFIED.,.F.,.F.,(4,4),(6.66698937158947E-10,0.000860527591769737),
 .UNSPECIFIED.);
#854=B_SPLINE_CURVE_WITH_KNOTS('',3,(#1808,#1809,#1810,#1811),
 .UNSPECIFIED.,.F.,.F.,(4,4),(0.,0.000715030609802928),.UNSPECIFIED.);
#855=B_SPLINE_CURVE_WITH_KNOTS('',3,(#1812,#1813,#1814,#1815),
 .UNSPECIFIED.,.F.,.F.,(4,4),(1.72935973754691E-6,0.000715449297292494),
 .UNSPECIFIED.);
#856=B_SPLINE_CURVE_WITH_KNOTS('',3,(#1817,#1818,#1819,#1820),
 .UNSPECIFIED.,.F.,.F.,(4,4),(0.,0.000860481131198394),.UNSPECIFIED.);
#857=B_SPLINE_CURVE_WITH_KNOTS('',3,(#1836,#1837,#1838,#1839),
 .UNSPECIFIED.,.F.,.F.,(4,4),(6.94228120891928E-19,0.00289212565411211),
 .UNSPECIFIED.);
#858=B_SPLINE_CURVE_WITH_KNOTS('',3,(#1856,#1857,#1858,#1859),
 .UNSPECIFIED.,.F.,.F.,(4,4),(0.,0.00287114436168581),.UNSPECIFIED.);
#859=B_SPLINE_CURVE_WITH_KNOTS('',3,(#1874,#1875,#1876,#1877),
 .UNSPECIFIED.,.F.,.F.,(4,4),(0.000180803340308591,1.),.UNSPECIFIED.);
#860=B_SPLINE_CURVE_WITH_KNOTS('',3,(#1879,#1880,#1881,#1882),
 .UNSPECIFIED.,.F.,.F.,(4,4),(0.0333113933982722,0.038481356675662),
 .PIECEWISE_BEZIER_KNOTS.);
#861=B_SPLINE_CURVE_WITH_KNOTS('',3,(#1884,#1885,#1886,#1887),
 .UNSPECIFIED.,.F.,.F.,(4,4),(1.62630325872826E-19,0.000562056120687428),
 .UNSPECIFIED.);
#862=B_SPLINE_CURVE_WITH_KNOTS('',3,(#1889,#1890,#1891,#1892),
 .UNSPECIFIED.,.F.,.F.,(4,4),(0.,1.),.UNSPECIFIED.);
#863=B_SPLINE_CURVE_WITH_KNOTS('',3,(#1921,#1922,#1923,#1924),
 .UNSPECIFIED.,.F.,.F.,(4,4),(0.,1.),.UNSPECIFIED.);
#864=B_SPLINE_CURVE_WITH_KNOTS('',3,(#1927,#1928,#1929,#1930),
 .UNSPECIFIED.,.F.,.F.,(4,4),(0.,1.),.UNSPECIFIED.);
#865=B_SPLINE_CURVE_WITH_KNOTS('',3,(#1939,#1940,#1941,#1942),
 .UNSPECIFIED.,.F.,.F.,(4,4),(0.,1.),.UNSPECIFIED.);
#866=B_SPLINE_CURVE_WITH_KNOTS('',3,(#1951,#1952,#1953,#1954),
 .UNSPECIFIED.,.F.,.F.,(4,4),(0.,1.),.UNSPECIFIED.);
#867=B_SPLINE_CURVE_WITH_KNOTS('',3,(#1957,#1958,#1959,#1960),
 .UNSPECIFIED.,.F.,.F.,(4,4),(0.,0.999999684231693),.UNSPECIFIED.);
#868=B_SPLINE_CURVE_WITH_KNOTS('',3,(#1969,#1970,#1971,#1972),
 .UNSPECIFIED.,.F.,.F.,(4,4),(0.,1.),.UNSPECIFIED.);
#869=B_SPLINE_CURVE_WITH_KNOTS('',3,(#1981,#1982,#1983,#1984),
 .UNSPECIFIED.,.F.,.F.,(4,4),(0.,1.),.UNSPECIFIED.);
#870=EDGE_LOOP('',(#253,#254,#255,#256,#257,#258,#259,#260,#261,#262,#263,
#264,#265,#266));
#871=EDGE_LOOP('',(#267,#268,#269,#270,#271,#272));
#872=EDGE_LOOP('',(#273,#274,#275,#276,#277,#278,#279,#280,#281,#282,#283,
#284));
#873=EDGE_LOOP('',(#285,#286,#287,#288));
#874=EDGE_LOOP('',(#289,#290));
#875=EDGE_LOOP('',(#291,#292));
#876=EDGE_LOOP('',(#293,#294,#295,#296));
#877=EDGE_LOOP('',(#297,#298,#299,#300));
#878=EDGE_LOOP('',(#301,#302,#303,#304,#305));
#879=EDGE_LOOP('',(#306,#307,#308,#309,#310,#311,#312));
#880=EDGE_LOOP('',(#313,#314,#315,#316,#317,#318,#319,#320));
#881=EDGE_LOOP('',(#321,#322,#323,#324,#325,#326,#327));
#882=EDGE_LOOP('',(#328,#329,#330,#331,#332));
#883=EDGE_LOOP('',(#333,#334,#335,#336,#337,#338,#339,#340));
#884=EDGE_LOOP('',(#341,#342,#343,#344,#345,#346));
#885=EDGE_LOOP('',(#347,#348,#349,#350,#351,#352,#353,#354));
#886=EDGE_LOOP('',(#355,#356,#357,#358,#359,#360,#361,#362));
#887=EDGE_LOOP('',(#363,#364,#365,#366));
#888=EDGE_LOOP('',(#367));
#889=EDGE_LOOP('',(#368));
#890=EDGE_LOOP('',(#369));
#891=EDGE_LOOP('',(#370));
#892=EDGE_LOOP('',(#371,#372,#373,#374,#375));
#893=EDGE_LOOP('',(#376,#377,#378,#379));
#894=EDGE_LOOP('',(#380));
#895=EDGE_LOOP('',(#381));
#896=EDGE_LOOP('',(#382));
#897=EDGE_LOOP('',(#383));
#898=EDGE_LOOP('',(#384,#385,#386,#387,#388));
#899=EDGE_LOOP('',(#389,#390,#391,#392,#393,#394,#395,#396,#397,#398));
#900=EDGE_LOOP('',(#399));
#901=EDGE_LOOP('',(#400));
#902=EDGE_LOOP('',(#401));
#903=EDGE_LOOP('',(#402));
#904=EDGE_LOOP('',(#403,#404,#405,#406,#407));
#905=EDGE_LOOP('',(#408,#409,#410,#411));
#906=EDGE_LOOP('',(#412));
#907=EDGE_LOOP('',(#413));
#908=EDGE_LOOP('',(#414));
#909=EDGE_LOOP('',(#415));
#910=EDGE_LOOP('',(#416,#417,#418,#419,#420));
#911=EDGE_LOOP('',(#421,#422,#423,#424,#425,#426,#427,#428));
#912=EDGE_LOOP('',(#429,#430));
#913=EDGE_LOOP('',(#431,#432,#433,#434));
#914=EDGE_LOOP('',(#435));
#915=EDGE_LOOP('',(#436));
#916=EDGE_LOOP('',(#437));
#917=EDGE_LOOP('',(#438));
#918=EDGE_LOOP('',(#439));
#919=EDGE_LOOP('',(#440));
#920=EDGE_LOOP('',(#441));
#921=EDGE_LOOP('',(#442));
#922=EDGE_LOOP('',(#443));
#923=EDGE_LOOP('',(#444));
#924=EDGE_LOOP('',(#445));
#925=EDGE_LOOP('',(#446));
#926=EDGE_LOOP('',(#447));
#927=EDGE_LOOP('',(#448));
#928=EDGE_LOOP('',(#449));
#929=EDGE_LOOP('',(#450));
#930=EDGE_LOOP('',(#451,#452,#453,#454));
#931=EDGE_LOOP('',(#455,#456,#457,#458,#459,#460));
#932=EDGE_LOOP('',(#461,#462,#463,#464,#465));
#933=EDGE_LOOP('',(#466,#467,#468,#469,#470,#471));
#934=EDGE_LOOP('',(#472,#473,#474,#475,#476));
#935=EDGE_LOOP('',(#477,#478,#479,#480,#481));
#936=EDGE_LOOP('',(#482,#483,#484,#485,#486,#487,#488));
#937=EDGE_LOOP('',(#489,#490,#491,#492,#493,#494,#495));
#938=EDGE_LOOP('',(#496,#497,#498,#499,#500));
#939=EDGE_LOOP('',(#501,#502,#503,#504,#505));
#940=EDGE_LOOP('',(#506,#507,#508,#509,#510,#511,#512));
#941=EDGE_LOOP('',(#513,#514,#515,#516,#517,#518,#519));
#942=EDGE_LOOP('',(#520,#521,#522,#523,#524));
#943=EDGE_LOOP('',(#525,#526,#527,#528,#529,#530));
#944=EDGE_LOOP('',(#531,#532,#533,#534));
#945=EDGE_LOOP('',(#535,#536,#537,#538));
#946=EDGE_LOOP('',(#539,#540,#541,#542,#543,#544));
#947=EDGE_LOOP('',(#545,#546,#547,#548));
#948=EDGE_LOOP('',(#549,#550,#551,#552));
#949=EDGE_LOOP('',(#553,#554,#555,#556,#557,#558));
#950=EDGE_LOOP('',(#559,#560,#561,#562));
#951=FACE_BOUND('',#870,.T.);
#952=FACE_BOUND('',#871,.T.);
#953=FACE_BOUND('',#872,.T.);
#954=FACE_BOUND('',#873,.T.);
#955=FACE_BOUND('',#874,.T.);
#956=FACE_BOUND('',#875,.T.);
#957=FACE_BOUND('',#876,.T.);
#958=FACE_BOUND('',#877,.T.);
#959=FACE_BOUND('',#878,.T.);
#960=FACE_BOUND('',#879,.T.);
#961=FACE_BOUND('',#880,.T.);
#962=FACE_BOUND('',#881,.T.);
#963=FACE_BOUND('',#882,.T.);
#964=FACE_BOUND('',#883,.T.);
#965=FACE_BOUND('',#884,.T.);
#966=FACE_BOUND('',#885,.T.);
#967=FACE_BOUND('',#886,.T.);
#968=FACE_BOUND('',#887,.T.);
#969=FACE_BOUND('',#888,.T.);
#970=FACE_BOUND('',#889,.T.);
#971=FACE_BOUND('',#890,.T.);
#972=FACE_BOUND('',#891,.T.);
#973=FACE_BOUND('',#892,.T.);
#974=FACE_BOUND('',#893,.T.);
#975=FACE_BOUND('',#894,.T.);
#976=FACE_BOUND('',#895,.T.);
#977=FACE_BOUND('',#896,.T.);
#978=FACE_BOUND('',#897,.T.);
#979=FACE_BOUND('',#898,.T.);
#980=FACE_BOUND('',#899,.T.);
#981=FACE_BOUND('',#900,.T.);
#982=FACE_BOUND('',#901,.T.);
#983=FACE_BOUND('',#902,.T.);
#984=FACE_BOUND('',#903,.T.);
#985=FACE_BOUND('',#904,.T.);
#986=FACE_BOUND('',#905,.T.);
#987=FACE_BOUND('',#906,.T.);
#988=FACE_BOUND('',#907,.T.);
#989=FACE_BOUND('',#908,.T.);
#990=FACE_BOUND('',#909,.T.);
#991=FACE_BOUND('',#910,.T.);
#992=FACE_BOUND('',#911,.T.);
#993=FACE_BOUND('',#912,.T.);
#994=FACE_BOUND('',#913,.T.);
#995=FACE_BOUND('',#914,.T.);
#996=FACE_BOUND('',#915,.T.);
#997=FACE_BOUND('',#916,.T.);
#998=FACE_BOUND('',#917,.T.);
#999=FACE_BOUND('',#918,.T.);
#1000=FACE_BOUND('',#919,.T.);
#1001=FACE_BOUND('',#920,.T.);
#1002=FACE_BOUND('',#921,.T.);
#1003=FACE_BOUND('',#922,.T.);
#1004=FACE_BOUND('',#923,.T.);
#1005=FACE_BOUND('',#924,.T.);
#1006=FACE_BOUND('',#925,.T.);
#1007=FACE_BOUND('',#926,.T.);
#1008=FACE_BOUND('',#927,.T.);
#1009=FACE_BOUND('',#928,.T.);
#1010=FACE_BOUND('',#929,.T.);
#1011=FACE_BOUND('',#930,.T.);
#1012=FACE_BOUND('',#931,.T.);
#1013=FACE_BOUND('',#932,.T.);
#1014=FACE_BOUND('',#933,.T.);
#1015=FACE_BOUND('',#934,.T.);
#1016=FACE_BOUND('',#935,.T.);
#1017=FACE_BOUND('',#936,.T.);
#1018=FACE_BOUND('',#937,.T.);
#1019=FACE_BOUND('',#938,.T.);
#1020=FACE_BOUND('',#939,.T.);
#1021=FACE_BOUND('',#940,.T.);
#1022=FACE_BOUND('',#941,.T.);
#1023=FACE_BOUND('',#942,.T.);
#1024=FACE_BOUND('',#943,.T.);
#1025=FACE_BOUND('',#944,.T.);
#1026=FACE_BOUND('',#945,.T.);
#1027=FACE_BOUND('',#946,.T.);
#1028=FACE_BOUND('',#947,.T.);
#1029=FACE_BOUND('',#948,.T.);
#1030=FACE_BOUND('',#949,.T.);
#1031=FACE_BOUND('',#950,.T.);
#1032=CONICAL_SURFACE('',#1103,0.006,0.785398163397448);
#1033=CONICAL_SURFACE('',#1107,0.006,0.785398163397448);
#1034=CONICAL_SURFACE('',#1171,0.0033,0.785398163397448);
#1035=CONICAL_SURFACE('',#1172,0.006,0.785398163397448);
#1036=ADVANCED_FACE('',(#951),#1032,.T.);
#1037=ADVANCED_FACE('',(#952),#1033,.T.);
#1038=ADVANCED_FACE('',(#953),#190,.T.);
#1039=ADVANCED_FACE('',(#954),#191,.T.);
#1040=ADVANCED_FACE('',(#955,#956,#957),#22,.F.);
#1041=ADVANCED_FACE('',(#958),#192,.T.);
#1042=ADVANCED_FACE('',(#959),#193,.F.);
#1043=ADVANCED_FACE('',(#960),#194,.T.);
#1044=ADVANCED_FACE('',(#961),#195,.T.);
#1045=ADVANCED_FACE('',(#962),#196,.F.);
#1046=ADVANCED_FACE('',(#963),#197,.F.);
#1047=ADVANCED_FACE('',(#964),#198,.T.);
#1048=ADVANCED_FACE('',(#965),#199,.T.);
#1049=ADVANCED_FACE('',(#966),#200,.F.);
#1050=ADVANCED_FACE('',(#967),#201,.F.);
#1051=ADVANCED_FACE('',(#968),#23,.F.);
#1052=ADVANCED_FACE('',(#969,#970,#971,#972,#973),#202,.F.);
#1053=ADVANCED_FACE('',(#974),#203,.F.);
#1054=ADVANCED_FACE('',(#975,#976,#977,#978,#979),#204,.F.);
#1055=ADVANCED_FACE('',(#980),#24,.T.);
#1056=ADVANCED_FACE('',(#981,#982,#983,#984,#985),#205,.T.);
#1057=ADVANCED_FACE('',(#986),#206,.T.);
#1058=ADVANCED_FACE('',(#987,#988,#989,#990,#991),#207,.T.);
#1059=ADVANCED_FACE('',(#992),#208,.T.);
#1060=ADVANCED_FACE('',(#993,#994),#25,.F.);
#1061=ADVANCED_FACE('',(#995,#996),#26,.F.);
#1062=ADVANCED_FACE('',(#997,#998),#27,.F.);
#1063=ADVANCED_FACE('',(#999,#1000),#28,.F.);
#1064=ADVANCED_FACE('',(#1001,#1002),#29,.F.);
#1065=ADVANCED_FACE('',(#1003,#1004),#30,.F.);
#1066=ADVANCED_FACE('',(#1005,#1006),#31,.F.);
#1067=ADVANCED_FACE('',(#1007,#1008),#32,.F.);
#1068=ADVANCED_FACE('',(#1009,#1010),#33,.F.);
#1069=ADVANCED_FACE('',(#1011),#1034,.F.);
#1070=ADVANCED_FACE('',(#1012),#1035,.T.);
#1071=ADVANCED_FACE('',(#1013),#209,.F.);
#1072=ADVANCED_FACE('',(#1014),#12,.T.);
#1073=ADVANCED_FACE('',(#1015),#210,.F.);
#1074=ADVANCED_FACE('',(#1016),#211,.F.);
#1075=ADVANCED_FACE('',(#1017),#13,.T.);
#1076=ADVANCED_FACE('',(#1018),#14,.T.);
#1077=ADVANCED_FACE('',(#1019),#212,.T.);
#1078=ADVANCED_FACE('',(#1020),#213,.T.);
#1079=ADVANCED_FACE('',(#1021),#15,.T.);
#1080=ADVANCED_FACE('',(#1022),#16,.T.);
#1081=ADVANCED_FACE('',(#1023),#214,.T.);
#1082=ADVANCED_FACE('',(#1024),#215,.F.);
#1083=ADVANCED_FACE('',(#1025),#216,.T.);
#1084=ADVANCED_FACE('',(#1026),#217,.F.);
#1085=ADVANCED_FACE('',(#1027),#218,.T.);
#1086=ADVANCED_FACE('',(#1028),#219,.T.);
#1087=ADVANCED_FACE('',(#1029),#220,.F.);
#1088=ADVANCED_FACE('',(#1030),#221,.T.);
#1089=ADVANCED_FACE('',(#1031),#222,.F.);
#1090=CLOSED_SHELL('',(#1036,#1037,#1038,#1039,#1040,#1041,#1042,#1043,
#1044,#1045,#1046,#1047,#1048,#1049,#1050,#1051,#1052,#1053,#1054,#1055,
#1056,#1057,#1058,#1059,#1060,#1061,#1062,#1063,#1064,#1065,#1066,#1067,
#1068,#1069,#1070,#1071,#1072,#1073,#1074,#1075,#1076,#1077,#1078,#1079,
#1080,#1081,#1082,#1083,#1084,#1085,#1086,#1087,#1088,#1089));
#1091=STYLED_ITEM('',(#1092),#1099);
#1092=PRESENTATION_STYLE_ASSIGNMENT((#1093));
#1093=SURFACE_STYLE_USAGE(.BOTH.,#1094);
#1094=SURFACE_SIDE_STYLE('',(#1095));
#1095=SURFACE_STYLE_FILL_AREA(#1096);
#1096=FILL_AREA_STYLE('',(#1097));
#1097=FILL_AREA_STYLE_COLOUR('',#1098);
#1098=COLOUR_RGB('',0.615686274509804,0.811764705882353,0.929411764705882);
#1099=MANIFOLD_SOLID_BREP('Part 1',#1090);
#1100=SHAPE_DEFINITION_REPRESENTATION(#2008,#1101);
#1101=SHAPE_REPRESENTATION('Part 1',(#1102),#2003);
#1102=AXIS2_PLACEMENT_3D('',#1435,#1187,#1188);
#1103=AXIS2_PLACEMENT_3D('',#1436,#1189,#1190);
#1104=AXIS2_PLACEMENT_3D('',#1500,#1191,#1192);
#1105=AXIS2_PLACEMENT_3D('',#1517,#1193,#1194);
#1106=AXIS2_PLACEMENT_3D('',#1534,#1195,#1196);
#1107=AXIS2_PLACEMENT_3D('',#1535,#1197,#1198);
#1108=AXIS2_PLACEMENT_3D('',#1552,#1199,#1200);
#1109=AXIS2_PLACEMENT_3D('',#1559,#1201,#1202);
#1110=AXIS2_PLACEMENT_3D('',#1560,#1203,#1204);
#1111=AXIS2_PLACEMENT_3D('',#1561,#1205,#1206);
#1112=AXIS2_PLACEMENT_3D('',#1575,#1213,#1214);
#1113=AXIS2_PLACEMENT_3D('',#1582,#1218,#1219);
#1114=AXIS2_PLACEMENT_3D('',#1588,#1223,#1224);
#1115=AXIS2_PLACEMENT_3D('',#1589,#1225,#1226);
#1116=AXIS2_PLACEMENT_3D('',#1592,#1227,#1228);
#1117=AXIS2_PLACEMENT_3D('',#1593,#1229,#1230);
#1118=AXIS2_PLACEMENT_3D('',#1596,#1231,#1232);
#1119=AXIS2_PLACEMENT_3D('',#1600,#1234,#1235);
#1120=AXIS2_PLACEMENT_3D('',#1604,#1237,#1238);
#1121=AXIS2_PLACEMENT_3D('',#1605,#1239,#1240);
#1122=AXIS2_PLACEMENT_3D('',#1611,#1244,#1245);
#1123=AXIS2_PLACEMENT_3D('',#1625,#1250,#1251);
#1124=AXIS2_PLACEMENT_3D('',#1653,#1255,#1256);
#1125=AXIS2_PLACEMENT_3D('',#1657,#1259,#1260);
#1126=AXIS2_PLACEMENT_3D('',#1664,#1264,#1265);
#1127=AXIS2_PLACEMENT_3D('',#1692,#1269,#1270);
#1128=AXIS2_PLACEMENT_3D('',#1703,#1274,#1275);
#1129=AXIS2_PLACEMENT_3D('',#1711,#1281,#1282);
#1130=AXIS2_PLACEMENT_3D('',#1739,#1287,#1288);
#1131=AXIS2_PLACEMENT_3D('',#1744,#1293,#1294);
#1132=AXIS2_PLACEMENT_3D('',#1761,#1303,#1304);
#1133=AXIS2_PLACEMENT_3D('',#1765,#1306,#1307);
#1134=AXIS2_PLACEMENT_3D('',#1769,#1309,#1310);
#1135=AXIS2_PLACEMENT_3D('',#1770,#1311,#1312);
#1136=AXIS2_PLACEMENT_3D('',#1771,#1313,#1314);
#1137=AXIS2_PLACEMENT_3D('',#1773,#1315,#1316);
#1138=AXIS2_PLACEMENT_3D('',#1775,#1317,#1318);
#1139=AXIS2_PLACEMENT_3D('',#1777,#1319,#1320);
#1140=AXIS2_PLACEMENT_3D('',#1786,#1323,#1324);
#1141=AXIS2_PLACEMENT_3D('',#1790,#1327,#1328);
#1142=AXIS2_PLACEMENT_3D('',#1791,#1329,#1330);
#1143=AXIS2_PLACEMENT_3D('',#1793,#1331,#1332);
#1144=AXIS2_PLACEMENT_3D('',#1795,#1333,#1334);
#1145=AXIS2_PLACEMENT_3D('',#1797,#1335,#1336);
#1146=AXIS2_PLACEMENT_3D('',#1802,#1339,#1340);
#1147=AXIS2_PLACEMENT_3D('',#1822,#1341,#1342);
#1148=AXIS2_PLACEMENT_3D('',#1826,#1344,#1345);
#1149=AXIS2_PLACEMENT_3D('',#1827,#1346,#1347);
#1150=AXIS2_PLACEMENT_3D('',#1828,#1348,#1349);
#1151=AXIS2_PLACEMENT_3D('',#1830,#1350,#1351);
#1152=AXIS2_PLACEMENT_3D('',#1832,#1352,#1353);
#1153=AXIS2_PLACEMENT_3D('',#1834,#1354,#1355);
#1154=AXIS2_PLACEMENT_3D('',#1843,#1358,#1359);
#1155=AXIS2_PLACEMENT_3D('',#1847,#1362,#1363);
#1156=AXIS2_PLACEMENT_3D('',#1848,#1364,#1365);
#1157=AXIS2_PLACEMENT_3D('',#1850,#1366,#1367);
#1158=AXIS2_PLACEMENT_3D('',#1852,#1368,#1369);
#1159=AXIS2_PLACEMENT_3D('',#1854,#1370,#1371);
#1160=AXIS2_PLACEMENT_3D('',#1861,#1373,#1374);
#1161=AXIS2_PLACEMENT_3D('',#1862,#1375,#1376);
#1162=AXIS2_PLACEMENT_3D('',#1863,#1377,#1378);
#1163=AXIS2_PLACEMENT_3D('',#1864,#1379,#1380);
#1164=AXIS2_PLACEMENT_3D('',#1865,#1381,#1382);
#1165=AXIS2_PLACEMENT_3D('',#1866,#1383,#1384);
#1166=AXIS2_PLACEMENT_3D('',#1867,#1385,#1386);
#1167=AXIS2_PLACEMENT_3D('',#1868,#1387,#1388);
#1168=AXIS2_PLACEMENT_3D('',#1869,#1389,#1390);
#1169=AXIS2_PLACEMENT_3D('',#1870,#1391,#1392);
#1170=AXIS2_PLACEMENT_3D('',#1871,#1393,#1394);
#1171=AXIS2_PLACEMENT_3D('',#1872,#1395,#1396);
#1172=AXIS2_PLACEMENT_3D('',#1873,#1397,#1398);
#1173=AXIS2_PLACEMENT_3D('',#1888,#1399,#1400);
#1174=AXIS2_PLACEMENT_3D('',#1925,#1401,#1402);
#1175=AXIS2_PLACEMENT_3D('',#1926,#1403,#1404);
#1176=AXIS2_PLACEMENT_3D('',#1955,#1405,#1406);
#1177=AXIS2_PLACEMENT_3D('',#1956,#1407,#1408);
#1178=AXIS2_PLACEMENT_3D('',#1985,#1409,#1410);
#1179=AXIS2_PLACEMENT_3D('',#1986,#1411,#1412);
#1180=AXIS2_PLACEMENT_3D('',#1989,#1415,#1416);
#1181=AXIS2_PLACEMENT_3D('',#1991,#1418,#1419);
#1182=AXIS2_PLACEMENT_3D('',#1993,#1421,#1422);
#1183=AXIS2_PLACEMENT_3D('',#1995,#1424,#1425);
#1184=AXIS2_PLACEMENT_3D('',#1997,#1427,#1428);
#1185=AXIS2_PLACEMENT_3D('',#1999,#1430,#1431);
#1186=AXIS2_PLACEMENT_3D('',#2001,#1433,#1434);
#1187=DIRECTION('',(0.,0.,1.));
#1188=DIRECTION('',(1.,0.,0.));
#1189=DIRECTION('',(0.,0.,-1.));
#1190=DIRECTION('',(-1.,0.,0.));
#1191=DIRECTION('',(0.,0.,1.));
#1192=DIRECTION('',(1.,0.,0.));
#1193=DIRECTION('',(0.,0.,1.));
#1194=DIRECTION('',(1.,0.,0.));
#1195=DIRECTION('',(0.,0.,1.));
#1196=DIRECTION('',(1.,0.,0.));
#1197=DIRECTION('',(0.,0.,-1.));
#1198=DIRECTION('',(-1.,0.,0.));
#1199=DIRECTION('',(0.,0.,1.));
#1200=DIRECTION('',(1.,0.,0.));
#1201=DIRECTION('',(0.,0.,1.));
#1202=DIRECTION('',(1.,0.,0.));
#1203=DIRECTION('',(0.,0.,1.));
#1204=DIRECTION('',(1.,0.,0.));
#1205=DIRECTION('',(0.,0.,1.));
#1206=DIRECTION('',(1.,0.,0.));
#1207=DIRECTION('',(-1.85863229568943E-16,-1.,0.));
#1208=DIRECTION('',(1.,3.46944695195362E-16,0.));
#1209=DIRECTION('',(1.85863229568943E-16,1.,0.));
#1210=DIRECTION('',(0.,1.,0.));
#1211=DIRECTION('',(1.,8.67361737988404E-16,0.));
#1212=DIRECTION('',(-3.75082965501774E-16,-1.,0.));
#1213=DIRECTION('',(0.,0.,1.));
#1214=DIRECTION('',(1.,0.,0.));
#1215=DIRECTION('',(3.75082965501774E-16,-1.,0.));
#1216=DIRECTION('',(-1.,0.,0.));
#1217=DIRECTION('',(0.,1.,0.));
#1218=DIRECTION('',(0.,0.,1.));
#1219=DIRECTION('',(1.,0.,0.));
#1220=DIRECTION('',(-1.,-1.7347234759768E-16,0.));
#1221=DIRECTION('',(0.,1.,0.));
#1222=DIRECTION('',(1.,1.3010426069826E-16,0.));
#1223=DIRECTION('',(1.,0.,0.));
#1224=DIRECTION('',(0.,0.,-1.));
#1225=DIRECTION('',(1.,0.,0.));
#1226=DIRECTION('',(0.,0.,-1.));
#1227=DIRECTION('',(0.707106781186548,0.,0.707106781186547));
#1228=DIRECTION('',(0.707106781186547,0.,-0.707106781186548));
#1229=DIRECTION('',(1.,0.,0.));
#1230=DIRECTION('',(0.,0.,-1.));
#1231=DIRECTION('',(0.707106781186548,0.,-0.707106781186547));
#1232=DIRECTION('',(0.707106781186547,0.,0.707106781186548));
#1233=DIRECTION('',(1.,0.,0.));
#1234=DIRECTION('',(0.707106781186548,0.707106781186548,0.));
#1235=DIRECTION('',(0.707106781186548,-0.707106781186548,0.));
#1236=DIRECTION('',(1.,0.,0.));
#1237=DIRECTION('',(0.707106781186548,-0.707106781186548,0.));
#1238=DIRECTION('',(0.707106781186548,0.707106781186548,0.));
#1239=DIRECTION('',(0.,0.,1.));
#1240=DIRECTION('',(1.,0.,0.));
#1241=DIRECTION('',(0.,1.,0.));
#1242=DIRECTION('',(-1.,-1.7347234759768E-16,0.));
#1243=DIRECTION('',(1.,8.67361737988405E-17,0.));
#1244=DIRECTION('',(-1.3010426069826E-16,1.,0.));
#1245=DIRECTION('',(-1.,-1.3010426069826E-16,0.));
#1246=DIRECTION('',(-1.,-1.3010426069826E-16,0.));
#1247=DIRECTION('',(0.,0.,1.));
#1248=DIRECTION('',(1.,1.3010426069826E-16,0.));
#1249=DIRECTION('',(0.,0.,1.));
#1250=DIRECTION('',(-1.,1.85863229568943E-16,0.));
#1251=DIRECTION('',(-1.85863229568943E-16,-1.,0.));
#1252=DIRECTION('',(1.85863229568943E-16,1.,0.));
#1253=DIRECTION('',(-1.85863229568943E-16,-1.,0.));
#1254=DIRECTION('',(0.,0.,1.));
#1255=DIRECTION('',(3.46944695195362E-16,-1.,0.));
#1256=DIRECTION('',(1.,3.46944695195362E-16,0.));
#1257=DIRECTION('',(0.707106781186548,2.4532694666934E-16,0.707106781186548));
#1258=DIRECTION('',(1.,3.46944695195362E-16,0.));
#1259=DIRECTION('',(3.46944695195362E-16,-1.,0.));
#1260=DIRECTION('',(1.,3.46944695195362E-16,0.));
#1261=DIRECTION('',(1.,3.46944695195362E-16,0.));
#1262=DIRECTION('',(0.,0.,1.));
#1263=DIRECTION('',(-0.707106781186548,-2.4532694666934E-16,0.707106781186548));
#1264=DIRECTION('',(-1.,1.85863229568943E-16,0.));
#1265=DIRECTION('',(-1.85863229568943E-16,-1.,0.));
#1266=DIRECTION('',(-1.85863229568943E-16,-1.,0.));
#1267=DIRECTION('',(1.85863229568943E-16,1.,0.));
#1268=DIRECTION('',(0.,0.,1.));
#1269=DIRECTION('',(-8.67361737988405E-17,1.,0.));
#1270=DIRECTION('',(-1.,-8.67361737988405E-17,0.));
#1271=DIRECTION('',(-1.,-8.67361737988405E-17,0.));
#1272=DIRECTION('',(1.,8.67361737988405E-17,0.));
#1273=DIRECTION('',(0.,0.,1.));
#1274=DIRECTION('',(1.,0.,0.));
#1275=DIRECTION('',(0.,0.,-1.));
#1276=DIRECTION('',(0.,0.,1.));
#1277=DIRECTION('',(0.,0.707106781186547,-0.707106781186548));
#1278=DIRECTION('',(0.,-0.707106781186548,-0.707106781186548));
#1279=DIRECTION('',(0.,1.,0.));
#1280=DIRECTION('',(0.,1.,0.));
#1281=DIRECTION('',(-1.7347234759768E-16,1.,0.));
#1282=DIRECTION('',(-1.,-1.7347234759768E-16,0.));
#1283=DIRECTION('',(1.,1.7347234759768E-16,0.));
#1284=DIRECTION('',(-1.,-1.7347234759768E-16,0.));
#1285=DIRECTION('',(0.,0.,1.));
#1286=DIRECTION('',(1.,1.7347234759768E-16,0.));
#1287=DIRECTION('',(1.,0.,0.));
#1288=DIRECTION('',(0.,0.,-1.));
#1289=DIRECTION('',(0.,-0.707106781186547,0.707106781186548));
#1290=DIRECTION('',(0.,-1.,0.));
#1291=DIRECTION('',(0.,-1.,0.));
#1292=DIRECTION('',(0.,0.707106781186548,0.707106781186547));
#1293=DIRECTION('',(0.,0.,1.));
#1294=DIRECTION('',(1.,0.,0.));
#1295=DIRECTION('',(-1.,-8.67361737988405E-17,0.));
#1296=DIRECTION('',(-1.85863229568943E-16,-1.,0.));
#1297=DIRECTION('',(-1.,-3.46944695195362E-16,0.));
#1298=DIRECTION('',(1.85863229568943E-16,1.,0.));
#1299=DIRECTION('',(-1.,-1.3010426069826E-16,0.));
#1300=DIRECTION('',(0.,1.,0.));
#1301=DIRECTION('',(1.,1.7347234759768E-16,0.));
#1302=DIRECTION('',(0.,-1.,0.));
#1303=DIRECTION('',(0.,0.,-1.));
#1304=DIRECTION('',(-1.,0.,0.));
#1305=DIRECTION('',(0.,0.,-1.));
#1306=DIRECTION('',(0.,0.,1.));
#1307=DIRECTION('',(1.,0.,0.));
#1308=DIRECTION('',(0.,0.,-1.));
#1309=DIRECTION('',(0.,0.,1.));
#1310=DIRECTION('',(1.,0.,0.));
#1311=DIRECTION('',(1.,-3.75082965501774E-16,0.));
#1312=DIRECTION('',(3.75082965501774E-16,1.,0.));
#1313=DIRECTION('',(1.,-3.75082965501774E-16,0.));
#1314=DIRECTION('',(3.75082965501774E-16,1.,0.));
#1315=DIRECTION('',(1.,-3.75082965501774E-16,0.));
#1316=DIRECTION('',(3.75082965501774E-16,1.,0.));
#1317=DIRECTION('',(1.,-3.75082965501774E-16,0.));
#1318=DIRECTION('',(3.75082965501774E-16,1.,0.));
#1319=DIRECTION('',(1.,-3.75082965501774E-16,0.));
#1320=DIRECTION('',(3.75082965501774E-16,1.,0.));
#1321=DIRECTION('',(0.,0.,-1.));
#1322=DIRECTION('',(-3.75082965501774E-16,-1.,0.));
#1323=DIRECTION('',(-8.67361737988404E-16,1.,0.));
#1324=DIRECTION('',(-1.,-8.67361737988404E-16,0.));
#1325=DIRECTION('',(0.,0.,-1.));
#1326=DIRECTION('',(1.,8.67361737988404E-16,0.));
#1327=DIRECTION('',(-1.,0.,0.));
#1328=DIRECTION('',(0.,0.,1.));
#1329=DIRECTION('',(-1.,0.,0.));
#1330=DIRECTION('',(0.,0.,1.));
#1331=DIRECTION('',(-1.,0.,0.));
#1332=DIRECTION('',(0.,0.,1.));
#1333=DIRECTION('',(-1.,0.,0.));
#1334=DIRECTION('',(0.,0.,1.));
#1335=DIRECTION('',(-1.,0.,0.));
#1336=DIRECTION('',(0.,0.,1.));
#1337=DIRECTION('',(0.,0.,-1.));
#1338=DIRECTION('',(0.,1.,0.));
#1339=DIRECTION('',(0.,0.,-1.));
#1340=DIRECTION('',(-1.,0.,0.));
#1341=DIRECTION('',(0.,0.,1.));
#1342=DIRECTION('',(1.,0.,0.));
#1343=DIRECTION('',(0.,0.,-1.));
#1344=DIRECTION('',(0.,0.,1.));
#1345=DIRECTION('',(1.,0.,0.));
#1346=DIRECTION('',(-1.,0.,0.));
#1347=DIRECTION('',(0.,0.,1.));
#1348=DIRECTION('',(-1.,0.,0.));
#1349=DIRECTION('',(0.,0.,1.));
#1350=DIRECTION('',(-1.,0.,0.));
#1351=DIRECTION('',(0.,0.,1.));
#1352=DIRECTION('',(-1.,0.,0.));
#1353=DIRECTION('',(0.,0.,1.));
#1354=DIRECTION('',(-1.,0.,0.));
#1355=DIRECTION('',(0.,0.,1.));
#1356=DIRECTION('',(0.,0.,-1.));
#1357=DIRECTION('',(0.,1.,0.));
#1358=DIRECTION('',(0.,-1.,0.));
#1359=DIRECTION('',(0.,0.,-1.));
#1360=DIRECTION('',(0.,0.,-1.));
#1361=DIRECTION('',(-1.,0.,0.));
#1362=DIRECTION('',(1.,3.75082965501774E-16,0.));
#1363=DIRECTION('',(-3.75082965501774E-16,1.,0.));
#1364=DIRECTION('',(1.,3.75082965501774E-16,0.));
#1365=DIRECTION('',(-3.75082965501774E-16,1.,0.));
#1366=DIRECTION('',(1.,3.75082965501774E-16,0.));
#1367=DIRECTION('',(-3.75082965501774E-16,1.,0.));
#1368=DIRECTION('',(1.,3.75082965501774E-16,0.));
#1369=DIRECTION('',(-3.75082965501774E-16,1.,0.));
#1370=DIRECTION('',(1.,3.75082965501774E-16,0.));
#1371=DIRECTION('',(-3.75082965501774E-16,1.,0.));
#1372=DIRECTION('',(3.75082965501774E-16,-1.,0.));
#1373=DIRECTION('',(0.,0.,1.));
#1374=DIRECTION('',(1.,0.,0.));
#1375=DIRECTION('',(0.,-1.,0.));
#1376=DIRECTION('',(0.,0.,-1.));
#1377=DIRECTION('',(2.4532694666934E-16,-0.707106781186548,-0.707106781186547));
#1378=DIRECTION('',(-2.4532694666934E-16,-0.707106781186547,0.707106781186548));
#1379=DIRECTION('',(1.,0.,0.));
#1380=DIRECTION('',(0.,0.,-1.));
#1381=DIRECTION('',(1.,0.,0.));
#1382=DIRECTION('',(0.,0.,-1.));
#1383=DIRECTION('',(1.,0.,0.));
#1384=DIRECTION('',(0.,0.,-1.));
#1385=DIRECTION('',(1.,0.,0.));
#1386=DIRECTION('',(0.,0.,-1.));
#1387=DIRECTION('',(1.,0.,0.));
#1388=DIRECTION('',(0.,0.,-1.));
#1389=DIRECTION('',(1.,0.,0.));
#1390=DIRECTION('',(0.,0.,-1.));
#1391=DIRECTION('',(1.,0.,0.));
#1392=DIRECTION('',(0.,0.,-1.));
#1393=DIRECTION('',(1.,0.,0.));
#1394=DIRECTION('',(0.,0.,-1.));
#1395=DIRECTION('',(0.,0.,1.));
#1396=DIRECTION('',(1.,0.,0.));
#1397=DIRECTION('',(0.,0.,-1.));
#1398=DIRECTION('',(-1.,0.,0.));
#1399=DIRECTION('',(1.2266347333467E-16,-0.707106781186548,-0.707106781186547));
#1400=DIRECTION('',(-1.,-1.7347234759768E-16,0.));
#1401=DIRECTION('',(1.2266347333467E-16,-0.707106781186548,-0.707106781186547));
#1402=DIRECTION('',(-1.,-1.7347234759768E-16,0.));
#1403=DIRECTION('',(0.707106781186548,-1.31425150001432E-16,-0.707106781186548));
#1404=DIRECTION('',(-1.85863229568943E-16,-1.,0.));
#1405=DIRECTION('',(9.19976050010023E-17,-0.707106781186547,0.707106781186548));
#1406=DIRECTION('',(1.,1.3010426069826E-16,0.));
#1407=DIRECTION('',(6.13317366673351E-17,-0.707106781186548,0.707106781186548));
#1408=DIRECTION('',(1.,8.67361737988405E-17,0.));
#1409=DIRECTION('',(0.707106781186548,-1.31425150001432E-16,0.707106781186548));
#1410=DIRECTION('',(1.85863229568943E-16,1.,0.));
#1411=DIRECTION('',(0.707106781186548,0.,0.707106781186547));
#1412=DIRECTION('',(0.,1.,0.));
#1413=DIRECTION('',(-0.577350269189625,0.577350269189626,0.577350269189626));
#1414=DIRECTION('',(0.577350269189625,0.577350269189626,-0.577350269189626));
#1415=DIRECTION('',(-1.2266347333467E-16,0.707106781186547,-0.707106781186548));
#1416=DIRECTION('',(1.,1.7347234759768E-16,0.));
#1417=DIRECTION('',(-0.577350269189625,-0.577350269189626,-0.577350269189626));
#1418=DIRECTION('',(-9.19976050010023E-17,0.707106781186548,0.707106781186548));
#1419=DIRECTION('',(-1.,-1.3010426069826E-16,0.));
#1420=DIRECTION('',(-0.577350269189626,-0.577350269189626,0.577350269189626));
#1421=DIRECTION('',(0.707106781186548,0.,-0.707106781186547));
#1422=DIRECTION('',(0.,-1.,0.));
#1423=DIRECTION('',(0.577350269189625,-0.577350269189626,0.577350269189626));
#1424=DIRECTION('',(-0.707106781186548,1.31425150001432E-16,-0.707106781186548));
#1425=DIRECTION('',(1.85863229568943E-16,1.,0.));
#1426=DIRECTION('',(0.577350269189626,0.577350269189626,-0.577350269189626));
#1427=DIRECTION('',(-6.13317366673351E-17,0.707106781186548,0.707106781186548));
#1428=DIRECTION('',(-1.,-8.67361737988405E-17,0.));
#1429=DIRECTION('',(-0.577350269189626,0.577350269189626,-0.577350269189626));
#1430=DIRECTION('',(2.4532694666934E-16,-0.707106781186548,-0.707106781186547));
#1431=DIRECTION('',(-1.,-3.46944695195362E-16,0.));
#1432=DIRECTION('',(-0.577350269189626,0.577350269189625,-0.577350269189626));
#1433=DIRECTION('',(-0.707106781186548,1.31425150001432E-16,0.707106781186548));
#1434=DIRECTION('',(-1.85863229568943E-16,-1.,0.));
#1435=CARTESIAN_POINT('',(0.,0.,0.));
#1436=CARTESIAN_POINT('',(1.7347234759768E-18,0.00481051579117775,0.002));
#1437=CARTESIAN_POINT('',(0.00595025520543902,0.010157894867898,0.));
#1438=CARTESIAN_POINT('',(0.00602235195260826,0.0103196194631367,-0.000161724595238649));
#1439=CARTESIAN_POINT('',(0.00609325638879372,0.0104816051548898,-0.000323710286991745));
#1440=CARTESIAN_POINT('',(0.0061630779399848,0.0106438279806636,-0.000485933112765603));
#1441=CARTESIAN_POINT('',(0.00595025520543902,0.010157894867898,0.));
#1442=CARTESIAN_POINT('',(0.00616282071160335,0.0106438833368828,-0.000485988468984784));
#1443=CARTESIAN_POINT('',(-0.00637813535855494,0.010634705432392,-0.000637233100297594));
#1444=CARTESIAN_POINT('',(-0.00547767854335182,0.0106727029193358,-7.92238951958848E-7));
#1445=CARTESIAN_POINT('',(-0.00452511139335663,0.010720441983995,0.000612385094011119));
#1446=CARTESIAN_POINT('',(-0.0029547568092112,0.0107926176009238,0.00134530616435688));
#1447=CARTESIAN_POINT('',(-0.00240640771264735,0.0108162426373787,0.00155409665948321));
#1448=CARTESIAN_POINT('',(-0.00124094834988846,0.010853097639946,0.00185761717217044));
#1449=CARTESIAN_POINT('',(-0.000627513974110029,0.0108649435435191,0.00194491376894343));
#1450=CARTESIAN_POINT('',(0.000607047852335057,0.0108650577346992,0.00194609923967428));
#1451=CARTESIAN_POINT('',(0.00122832994017369,0.010853416712833,0.00186008570323322));
#1452=CARTESIAN_POINT('',(0.00239573777542431,0.0108166541761647,0.00155765635074439));
#1453=CARTESIAN_POINT('',(0.00294576990851381,0.0107930040146468,0.00134887737965679));
#1454=CARTESIAN_POINT('',(0.00451632335250099,0.0107208948873705,0.000617662780579393));
#1455=CARTESIAN_POINT('',(0.0054745920200191,0.0106728167234929,1.76655525385845E-6));
#1456=CARTESIAN_POINT('',(0.00638182303954497,0.0106345481056559,-0.000639850560522037));
#1457=CARTESIAN_POINT('',(0.00543979389415711,0.0106764573217846,-8.00806342457939E-9));
#1458=CARTESIAN_POINT('',(0.00543978152062801,0.0106764578944746,-3.12344013301061E-8));
#1459=CARTESIAN_POINT('',(0.00499840979550505,0.0106966905950048,0.000285252889782359));
#1460=CARTESIAN_POINT('',(0.00435475738227449,0.0107276500395046,0.000667596833418556));
#1461=CARTESIAN_POINT('',(0.00363947684909196,0.0107611997578816,0.00102902463741334));
#1462=CARTESIAN_POINT('',(0.00322433012076937,0.0107799145261154,0.00121693900891521));
#1463=CARTESIAN_POINT('',(0.00294936383697606,0.0107921492450616,0.00133325738303271));
#1464=CARTESIAN_POINT('',(0.0025458814620494,0.0108085096724583,0.00148758813929479));
#1465=CARTESIAN_POINT('',(0.00206314630462313,0.0108254105179721,0.00164806858065527));
#1466=CARTESIAN_POINT('',(0.00145353748416506,0.0108435214999322,0.00180793891999034));
#1467=CARTESIAN_POINT('',(0.000734412119603556,0.0108597778074124,0.00192074498572483));
#1468=CARTESIAN_POINT('',(-9.48545764511604E-6,0.0108677273932879,0.00195822714204043));
#1469=CARTESIAN_POINT('',(-0.000747248602020546,0.0108593206608581,0.00191939766242505));
#1470=CARTESIAN_POINT('',(-0.00146434089926234,0.0108430705349466,0.00180577735421951));
#1471=CARTESIAN_POINT('',(-0.00207182348808832,0.0108250249075642,0.00164555529163206));
#1472=CARTESIAN_POINT('',(-0.00255320483075342,0.0108081805008149,0.00148500483106046));
#1473=CARTESIAN_POINT('',(-0.00295563662553854,0.0107918446183827,0.00133073808163973));
#1474=CARTESIAN_POINT('',(-0.00322988390826794,0.0107796253674258,0.0012145430741402));
#1475=CARTESIAN_POINT('',(-0.00364396802635147,0.0107609513973848,0.00102686516695838));
#1476=CARTESIAN_POINT('',(-0.00435744553395917,0.0107274954311075,0.000666044712510928));
#1477=CARTESIAN_POINT('',(-0.00499949207832764,0.0106966415744291,0.00028455169771891));
#1478=CARTESIAN_POINT('',(-0.00543975143686743,0.0106764679641351,-1.81618746500356E-8));
#1479=CARTESIAN_POINT('',(-0.00543977753029849,0.0106764667565135,-1.68885651379534E-8));
#1480=CARTESIAN_POINT('',(-0.00637813535855494,0.010634705432392,-0.000637233100297594));
#1481=CARTESIAN_POINT('',(-0.00547767854335182,0.0106727029193358,-7.92238951958848E-7));
#1482=CARTESIAN_POINT('',(-0.00452511139335663,0.010720441983995,0.000612385094011119));
#1483=CARTESIAN_POINT('',(-0.0029547568092112,0.0107926176009238,0.00134530616435688));
#1484=CARTESIAN_POINT('',(-0.00240640771264735,0.0108162426373787,0.00155409665948321));
#1485=CARTESIAN_POINT('',(-0.00124094834988846,0.010853097639946,0.00185761717217044));
#1486=CARTESIAN_POINT('',(-0.000627513974110029,0.0108649435435191,0.00194491376894343));
#1487=CARTESIAN_POINT('',(0.000607047852335057,0.0108650577346992,0.00194609923967428));
#1488=CARTESIAN_POINT('',(0.00122832994017369,0.010853416712833,0.00186008570323322));
#1489=CARTESIAN_POINT('',(0.00239573777542431,0.0108166541761647,0.00155765635074439));
#1490=CARTESIAN_POINT('',(0.00294576990851381,0.0107930040146468,0.00134887737965679));
#1491=CARTESIAN_POINT('',(0.00451632335250099,0.0107208948873705,0.000617662780579393));
#1492=CARTESIAN_POINT('',(0.0054745920200191,0.0106728167234929,1.76655525385845E-6));
#1493=CARTESIAN_POINT('',(0.00638182303954497,0.0106345481056559,-0.000639850560522037));
#1494=CARTESIAN_POINT('',(-0.00616252823560673,0.0106439408379528,-0.000486045970054845));
#1495=CARTESIAN_POINT('',(-0.00616307579684227,0.0106438230013046,-0.000485928133406539));
#1496=CARTESIAN_POINT('',(-0.00609325493782669,0.0104816018401363,-0.000323706972238273));
#1497=CARTESIAN_POINT('',(-0.00602235121493064,0.0103196178084071,-0.000161722940509122));
#1498=CARTESIAN_POINT('',(-0.00595025520543903,0.010157894867898,4.72255177995118E-18));
#1499=CARTESIAN_POINT('',(-0.00595025520543901,0.010157894867898,0.));
#1500=CARTESIAN_POINT('',(1.7347234759768E-18,0.00481051579117775,0.));
#1501=CARTESIAN_POINT('',(-0.00754742354962133,0.00215789486789803,0.));
#1502=CARTESIAN_POINT('',(-0.00754742354962133,0.00215789486789803,0.));
#1503=CARTESIAN_POINT('',(-0.00760600854450121,0.00207520655205826,-8.268831583977E-5));
#1504=CARTESIAN_POINT('',(-0.00766404724434922,0.00199232691733224,-0.000165567950565791));
#1505=CARTESIAN_POINT('',(-0.0077215688661637,0.00190926619585326,-0.000248628672044766));
#1506=CARTESIAN_POINT('',(-0.00772131106404794,0.00190917692865488,-0.000248717939243157));
#1507=CARTESIAN_POINT('',(-0.00442099619073932,0.0017559473140381,0.00262639823767458));
#1508=CARTESIAN_POINT('',(-0.00565593390278708,0.00183887426925566,0.00165094561270985));
#1509=CARTESIAN_POINT('',(-0.00679310058564879,0.00188160076936636,0.000609626647113246));
#1510=CARTESIAN_POINT('',(-0.00792318417103739,0.00191519801381634,-0.000435621639220342));
#1511=CARTESIAN_POINT('',(-0.00745185698629819,0.00190069898846663,-2.3014914079359E-7));
#1512=CARTESIAN_POINT('',(-0.0074520025991,0.00190043915521358,-5.55475682651428E-8));
#1513=CARTESIAN_POINT('',(-0.00659195988452666,0.00187260467335626,0.000790943968795585));
#1514=CARTESIAN_POINT('',(-0.00583982603327966,0.00184001622537205,0.00145782553068781));
#1515=CARTESIAN_POINT('',(-0.00519126673792078,0.00180324454542351,0.0020005891381084));
#1516=CARTESIAN_POINT('',(-0.00519083920452053,0.00180133312289472,0.00199994877281211));
#1517=CARTESIAN_POINT('',(1.7347234759768E-18,0.00481051579117775,0.002));
#1518=CARTESIAN_POINT('',(0.00519162158684119,0.0018032646982332,0.00199999987403759));
#1519=CARTESIAN_POINT('',(0.0051917651858795,0.00180327284010082,0.00200017200978959));
#1520=CARTESIAN_POINT('',(0.00584006875209771,0.00184002948682615,0.00145760583564014));
#1521=CARTESIAN_POINT('',(0.00659187076032319,0.00187259942542486,0.000791016731563727));
#1522=CARTESIAN_POINT('',(0.00745150217446703,0.00190042294957844,4.04697560355254E-7));
#1523=CARTESIAN_POINT('',(0.00745175236021382,0.00190043105741868,-2.30149140793577E-7));
#1524=CARTESIAN_POINT('',(0.00792318417103741,0.00191519801381635,-0.000435621639220357));
#1525=CARTESIAN_POINT('',(0.00679310058564881,0.00188160076936636,0.000609626647113236));
#1526=CARTESIAN_POINT('',(0.0056559339027871,0.00183887426925566,0.00165094561270983));
#1527=CARTESIAN_POINT('',(0.00442099619073935,0.0017559473140381,0.00262639823767456));
#1528=CARTESIAN_POINT('',(0.00772105326193219,0.0019090876614565,-0.000248807206441542));
#1529=CARTESIAN_POINT('',(0.00772156886616369,0.00190926619585327,-0.000248628672044762));
#1530=CARTESIAN_POINT('',(0.00766404724434921,0.00199232691733224,-0.000165567950565787));
#1531=CARTESIAN_POINT('',(0.00760600854450121,0.00207520655205827,-8.26883158397688E-5));
#1532=CARTESIAN_POINT('',(0.00754742354962133,0.00215789486789804,1.68408340779048E-19));
#1533=CARTESIAN_POINT('',(0.00754742354962133,0.00215789486789804,0.));
#1534=CARTESIAN_POINT('',(1.7347234759768E-18,0.00481051579117775,0.));
#1535=CARTESIAN_POINT('',(1.7347234759768E-18,0.00481051579117775,0.002));
#1536=CARTESIAN_POINT('',(0.004,-0.00211768743909776,0.));
#1537=CARTESIAN_POINT('',(0.00412265237714213,-0.00218850082205752,-0.000122652377142129));
#1538=CARTESIAN_POINT('',(0.00424556973584298,-0.0022583823893998,-0.000245569735842974));
#1539=CARTESIAN_POINT('',(0.00436873242865543,-0.00232740123196307,-0.000368732428655425));
#1540=CARTESIAN_POINT('',(0.004,-0.00211768743909776,0.));
#1541=CARTESIAN_POINT('',(0.00436890501777428,-0.00232678526855833,-0.000368905017774278));
#1542=CARTESIAN_POINT('',(0.00460329509358694,0.00199625460325128,0.00260459531151642));
#1543=CARTESIAN_POINT('',(0.00449678195638794,0.000314085313315834,0.00179064935788214));
#1544=CARTESIAN_POINT('',(0.00441670473505172,-0.00106925308629914,0.000663767438060088));
#1545=CARTESIAN_POINT('',(0.00436550002459272,-0.00241934748770547,-0.000445620965687653));
#1546=CARTESIAN_POINT('',(0.00438850740391175,-0.00187744727991089,-9.75922887799232E-7));
#1547=CARTESIAN_POINT('',(0.00438855925133541,-0.0018762463070711,1.7352093682802E-6));
#1548=CARTESIAN_POINT('',(0.00443278833876301,-0.000850323550652522,0.000835165910531121));
#1549=CARTESIAN_POINT('',(0.00448332294381947,6.05023987707311E-5,0.0015011737964484));
#1550=CARTESIAN_POINT('',(0.00453492273297763,0.000881473992134842,0.00199975886712012));
#1551=CARTESIAN_POINT('',(0.00453509411767071,0.000882040240670856,0.00199880874365125));
#1552=CARTESIAN_POINT('',(1.7347234759768E-18,0.00481051579117775,0.002));
#1553=CARTESIAN_POINT('',(0.002,-0.000846338458314631,0.002));
#1554=CARTESIAN_POINT('',(0.002,-0.00293545090123708,0.));
#1555=CARTESIAN_POINT('',(0.002,-0.00224285168232944,0.000670606310106399));
#1556=CARTESIAN_POINT('',(0.002,-0.00154780243130408,0.00133865342392147));
#1557=CARTESIAN_POINT('',(0.002,-0.000846338458314633,0.002));
#1558=CARTESIAN_POINT('',(0.002,-0.00293545090123708,0.));
#1559=CARTESIAN_POINT('',(1.7347234759768E-18,0.00481051579117775,0.));
#1560=CARTESIAN_POINT('',(-3.46944695195361E-18,-0.000842105132101968,0.));
#1561=CARTESIAN_POINT('',(1.7347234759768E-18,0.00481051579117775,0.));
#1562=CARTESIAN_POINT('',(-0.002,-0.00293545090123708,0.));
#1563=CARTESIAN_POINT('',(-0.004,-0.00211768743909776,0.));
#1564=CARTESIAN_POINT('',(-0.004,-0.000842105132101967,0.));
#1565=CARTESIAN_POINT('',(-0.004,-0.012842105132102,0.));
#1566=CARTESIAN_POINT('',(0.,-0.012842105132102,0.));
#1567=CARTESIAN_POINT('',(0.004,-0.012842105132102,0.));
#1568=CARTESIAN_POINT('',(0.004,-0.00143448220722065,0.));
#1569=CARTESIAN_POINT('',(0.002,-0.00415557413371555,0.));
#1570=CARTESIAN_POINT('',(0.002,-0.00746480980911647,0.));
#1571=CARTESIAN_POINT('',(0.0015,-0.00746480980911647,0.));
#1572=CARTESIAN_POINT('',(0.001,-0.00746480980911647,0.));
#1573=CARTESIAN_POINT('',(0.001,-0.00428518690051917,0.));
#1574=CARTESIAN_POINT('',(0.001,0.00166567875247447,0.));
#1575=CARTESIAN_POINT('',(-8.67361737988404E-19,0.00481051579117775,0.));
#1576=CARTESIAN_POINT('',(-0.001,0.00166567875247447,0.));
#1577=CARTESIAN_POINT('',(-0.001,-0.00428518690051917,0.));
#1578=CARTESIAN_POINT('',(-0.001,-0.00746480980911647,0.));
#1579=CARTESIAN_POINT('',(-0.0015,-0.00746480980911647,0.));
#1580=CARTESIAN_POINT('',(-0.002,-0.00746480980911647,0.));
#1581=CARTESIAN_POINT('',(-0.002,-0.00415557413371555,0.));
#1582=CARTESIAN_POINT('',(-3.46944695195361E-18,-0.000842105132101968,0.));
#1583=CARTESIAN_POINT('',(-5.3776427755281E-18,0.010157894867898,0.));
#1584=CARTESIAN_POINT('',(-0.01,0.010157894867898,0.));
#1585=CARTESIAN_POINT('',(-0.01,0.00615789486789803,0.));
#1586=CARTESIAN_POINT('',(-0.01,0.00215789486789803,0.));
#1587=CARTESIAN_POINT('',(-0.00711746867859769,0.00215789486789803,0.));
#1588=CARTESIAN_POINT('',(-0.0162,0.00615789486789803,-0.004));
#1589=CARTESIAN_POINT('',(-0.01,0.00615789486789803,-0.004));
#1590=CARTESIAN_POINT('',(-0.01,0.00764870001948559,-0.007));
#1591=CARTESIAN_POINT('',(-0.01,0.00466708971631047,-0.007));
#1592=CARTESIAN_POINT('',(-0.013,0.00615789486789803,-0.004));
#1593=CARTESIAN_POINT('',(0.01,0.00615789486789803,-0.004));
#1594=CARTESIAN_POINT('',(0.01,0.00764870001948559,-0.007));
#1595=CARTESIAN_POINT('',(0.01,0.00466708971631047,-0.007));
#1596=CARTESIAN_POINT('',(0.013,0.00615789486789803,-0.004));
#1597=CARTESIAN_POINT('',(-0.0162,0.00614,-0.00734995220468933));
#1598=CARTESIAN_POINT('',(1.78948678980918E-5,0.00614,-0.00734995220468933));
#1599=CARTESIAN_POINT('',(-1.78948678980918E-5,0.00614,-0.00734995220468933));
#1600=CARTESIAN_POINT('',(0.,0.00615789486789803,-0.004));
#1601=CARTESIAN_POINT('',(1.78948678981864E-5,0.00614,-0.000650047795310669));
#1602=CARTESIAN_POINT('',(-0.0162,0.00614,-0.000650047795310669));
#1603=CARTESIAN_POINT('',(-1.78948678981864E-5,0.00614,-0.000650047795310669));
#1604=CARTESIAN_POINT('',(0.,0.00615789486789803,-0.004));
#1605=CARTESIAN_POINT('',(-3.46944695195361E-18,-0.000842105132101968,0.));
#1606=CARTESIAN_POINT('',(0.01,0.00615789486789804,0.));
#1607=CARTESIAN_POINT('',(0.01,0.00215789486789804,0.));
#1608=CARTESIAN_POINT('',(0.01,0.010157894867898,0.));
#1609=CARTESIAN_POINT('',(-5.3776427755281E-18,0.010157894867898,0.));
#1610=CARTESIAN_POINT('',(0.01,0.00215789486789804,0.));
#1611=CARTESIAN_POINT('',(-0.0075,0.00115789486789803,-0.008));
#1612=CARTESIAN_POINT('',(-0.00500008142094981,0.00115789486789803,0.000925808268766619));
#1613=CARTESIAN_POINT('',(-0.00555154549237768,0.00115789486789803,0.000439366522708325));
#1614=CARTESIAN_POINT('',(-0.00625375040759126,0.00115789486789803,-0.000202635470561548));
#1615=CARTESIAN_POINT('',(-0.00710669616659056,0.00115789486789803,-0.001000197711043));
#1616=CARTESIAN_POINT('',(-0.0050000407104749,0.00115789486789803,0.000925808268766624));
#1617=CARTESIAN_POINT('',(-0.00710678860322322,0.00115789486789803,-0.0010000988555215));
#1618=CARTESIAN_POINT('',(-0.01,0.00115789486789803,-0.001));
#1619=CARTESIAN_POINT('',(-0.01,0.00115789486789803,-0.001));
#1620=CARTESIAN_POINT('',(-0.01,0.00115789486789803,-0.008));
#1621=CARTESIAN_POINT('',(-0.01,0.00115789486789803,-0.007));
#1622=CARTESIAN_POINT('',(-0.0075,0.00115789486789803,-0.007));
#1623=CARTESIAN_POINT('',(-0.005,0.00115789486789803,-0.007));
#1624=CARTESIAN_POINT('',(-0.005,0.00115789486789803,-0.008));
#1625=CARTESIAN_POINT('',(-0.005,-0.00584210513210197,-0.008));
#1626=CARTESIAN_POINT('',(-0.005,-0.00584210513210197,-0.001));
#1627=CARTESIAN_POINT('',(-0.005,-0.012842105132102,-0.001));
#1628=CARTESIAN_POINT('',(-0.005,-0.00163413799529938,-0.0010009751182059));
#1629=CARTESIAN_POINT('',(-0.005,-0.00163413799529937,-0.0010009751182059));
#1630=CARTESIAN_POINT('',(-0.005,-0.00135482929373715,-0.000765574643745947));
#1631=CARTESIAN_POINT('',(-0.005,-0.000972637558051563,-0.00044709100271299));
#1632=CARTESIAN_POINT('',(-0.005,-0.000601442002752762,-0.000144221043330555));
#1633=CARTESIAN_POINT('',(-0.005,-0.000398848773325168,1.84941822791854E-5));
#1634=CARTESIAN_POINT('',(-0.005,-0.000284175963011798,0.000109851493543228));
#1635=CARTESIAN_POINT('',(-0.005,-7.37681363841598E-5,0.000274857887659347));
#1636=CARTESIAN_POINT('',(-0.005,0.000167926397225864,0.000460675831386236));
#1637=CARTESIAN_POINT('',(-0.005,0.000595747472912419,0.00078105679441079));
#1638=CARTESIAN_POINT('',(-0.005,0.000937476024832878,0.00102096185351377));
#1639=CARTESIAN_POINT('',(-0.005,0.00115789486786556,0.00116841512537211));
#1640=CARTESIAN_POINT('',(-0.005,0.00115802864297319,0.00116850461488621));
#1641=CARTESIAN_POINT('',(-0.005,-0.00181402961086494,-0.0011527277468742));
#1642=CARTESIAN_POINT('',(-0.005,-0.000499781325278169,-4.33393431264517E-5));
#1643=CARTESIAN_POINT('',(-0.005,0.000845747407561271,0.00108354257669559));
#1644=CARTESIAN_POINT('',(-0.005,0.00236508387277029,0.00189748853032987));
#1645=CARTESIAN_POINT('',(-0.005,0.00135349631838002,0.00129730490136071));
#1646=CARTESIAN_POINT('',(-0.005,0.00135349631838002,0.00129730490136071));
#1647=CARTESIAN_POINT('',(-0.005,0.00128876357684625,0.00117322641343747));
#1648=CARTESIAN_POINT('',(-0.005,0.00122354081509014,0.0010494059825829));
#1649=CARTESIAN_POINT('',(-0.005,0.0011578651055505,0.000925824085511131));
#1650=CARTESIAN_POINT('',(-0.005,-0.012842105132102,-0.007));
#1651=CARTESIAN_POINT('',(-0.005,-0.012842105132102,-0.007));
#1652=CARTESIAN_POINT('',(-0.005,-0.012842105132102,-0.008));
#1653=CARTESIAN_POINT('',(0.,-0.012842105132102,-0.008));
#1654=CARTESIAN_POINT('',(-0.006,-0.012842105132102,-0.002));
#1655=CARTESIAN_POINT('',(0.005,-0.012842105132102,-0.007));
#1656=CARTESIAN_POINT('',(-0.00149080515158756,-0.012842105132102,-0.007));
#1657=CARTESIAN_POINT('',(0.,-0.012842105132102,-0.004));
#1658=CARTESIAN_POINT('',(0.00149080515158756,-0.012842105132102,-0.007));
#1659=CARTESIAN_POINT('',(0.005,-0.012842105132102,-0.007));
#1660=CARTESIAN_POINT('',(0.005,-0.012842105132102,-0.007));
#1661=CARTESIAN_POINT('',(0.005,-0.012842105132102,-0.008));
#1662=CARTESIAN_POINT('',(0.005,-0.012842105132102,-0.001));
#1663=CARTESIAN_POINT('',(0.006,-0.012842105132102,-0.002));
#1664=CARTESIAN_POINT('',(0.005,-0.00584210513210197,-0.008));
#1665=CARTESIAN_POINT('',(0.005,0.00115789486786556,0.00116841512537211));
#1666=CARTESIAN_POINT('',(0.005,0.000937634105175328,0.00102106760428983));
#1667=CARTESIAN_POINT('',(0.005,0.000596033756403328,0.000781249272304425));
#1668=CARTESIAN_POINT('',(0.005,0.000168121020486503,0.000460804743899137));
#1669=CARTESIAN_POINT('',(0.005,-7.36369560682773E-5,0.000274947890734099));
#1670=CARTESIAN_POINT('',(0.005,-0.000284257005451387,0.000109788689771621));
#1671=CARTESIAN_POINT('',(0.005,-0.000398655783882693,1.86553942908606E-5));
#1672=CARTESIAN_POINT('',(0.005,-0.000601131182485888,-0.00014395826279937));
#1673=CARTESIAN_POINT('',(0.005,-0.0009721954802718,-0.00044671903764165));
#1674=CARTESIAN_POINT('',(0.005,-0.00135458236601878,-0.00076536653385988));
#1675=CARTESIAN_POINT('',(0.005,-0.00163413799529937,-0.00100097511820591));
#1676=CARTESIAN_POINT('',(0.005,0.00115802864297319,0.00116850461488621));
#1677=CARTESIAN_POINT('',(0.005,-0.00163454890854168,-0.00100048755910295));
#1678=CARTESIAN_POINT('',(0.005,-0.012842105132102,-0.001));
#1679=CARTESIAN_POINT('',(0.005,-0.00584210513210197,-0.007));
#1680=CARTESIAN_POINT('',(0.005,0.00115789486789803,-0.007));
#1681=CARTESIAN_POINT('',(0.005,0.00115789486789803,-0.008));
#1682=CARTESIAN_POINT('',(0.005,0.00115787998672427,0.000925816177138876));
#1683=CARTESIAN_POINT('',(0.005,0.0011578651055505,0.00092582408551113));
#1684=CARTESIAN_POINT('',(0.005,0.00122354081509015,0.0010494059825829));
#1685=CARTESIAN_POINT('',(0.005,0.00128876357684625,0.00117322641343747));
#1686=CARTESIAN_POINT('',(0.005,0.00135349631838002,0.00129730490136071));
#1687=CARTESIAN_POINT('',(0.005,0.00135349631838002,0.00129730490136071));
#1688=CARTESIAN_POINT('',(0.005,0.0023650838727703,0.00189748853032987));
#1689=CARTESIAN_POINT('',(0.005,0.000845747407561273,0.00108354257669559));
#1690=CARTESIAN_POINT('',(0.005,-0.000499781325278175,-4.33393431264605E-5));
#1691=CARTESIAN_POINT('',(0.005,-0.00181402961086494,-0.0011527277468742));
#1692=CARTESIAN_POINT('',(0.0075,0.00115789486789803,-0.008));
#1693=CARTESIAN_POINT('',(0.0071174686785977,0.00115789486789803,-0.001));
#1694=CARTESIAN_POINT('',(0.01,0.00115789486789803,-0.001));
#1695=CARTESIAN_POINT('',(0.00710669616659057,0.00115789486789803,-0.001000197711043));
#1696=CARTESIAN_POINT('',(0.00710669616659057,0.00115789486789803,-0.001000197711043));
#1697=CARTESIAN_POINT('',(0.00625375040759123,0.00115789486789803,-0.000202635470561514));
#1698=CARTESIAN_POINT('',(0.00555154549237765,0.00115789486789803,0.000439366522708359));
#1699=CARTESIAN_POINT('',(0.00500008142094981,0.00115789486789803,0.000925808268766619));
#1700=CARTESIAN_POINT('',(0.0075,0.00115789486789803,-0.007));
#1701=CARTESIAN_POINT('',(0.01,0.00115789486789803,-0.007));
#1702=CARTESIAN_POINT('',(0.01,0.00115789486789803,-0.008));
#1703=CARTESIAN_POINT('',(0.01,0.00615789486789804,-0.008));
#1704=CARTESIAN_POINT('',(0.01,0.011157894867898,-0.008));
#1705=CARTESIAN_POINT('',(0.01,0.011157894867898,-0.007));
#1706=CARTESIAN_POINT('',(0.01,0.011157894867898,-0.001));
#1707=CARTESIAN_POINT('',(0.01,0.012157894867898,-0.002));
#1708=CARTESIAN_POINT('',(0.01,0.000157894867898032,-0.002));
#1709=CARTESIAN_POINT('',(0.01,0.011157894867898,-0.007));
#1710=CARTESIAN_POINT('',(0.01,0.011157894867898,-0.007));
#1711=CARTESIAN_POINT('',(-3.46944695195361E-18,0.011157894867898,-0.008));
#1712=CARTESIAN_POINT('',(-0.00538032383213325,0.011157894867898,-0.00100023671559249));
#1713=CARTESIAN_POINT('',(-0.00491466757890002,0.011157894867898,-0.000669657523421904));
#1714=CARTESIAN_POINT('',(-0.00424687713941896,0.011157894867898,-0.000229874756610409));
#1715=CARTESIAN_POINT('',(-0.00353791675787391,0.011157894867898,0.000177762137812567));
#1716=CARTESIAN_POINT('',(-0.00313407430814329,0.011157894867898,0.000388905177614442));
#1717=CARTESIAN_POINT('',(-0.00288341842858689,0.011157894867898,0.000513447124877259));
#1718=CARTESIAN_POINT('',(-0.00247395047843295,0.011157894867898,0.000697933973786978));
#1719=CARTESIAN_POINT('',(-0.00199271973279374,0.011157894867898,0.000885591994715908));
#1720=CARTESIAN_POINT('',(-0.00114034260981042,0.011157894867898,0.00114958146758129));
#1721=CARTESIAN_POINT('',(-1.09140799179139E-5,0.011157894867898,0.00129679027073098));
#1722=CARTESIAN_POINT('',(0.00112758830988852,0.011157894867898,0.00115204600011772));
#1723=CARTESIAN_POINT('',(0.00198206279761486,0.011157894867898,0.00088897234853682));
#1724=CARTESIAN_POINT('',(0.00246461997746681,0.011157894867898,0.000701686391228173));
#1725=CARTESIAN_POINT('',(0.00287505401124309,0.011157894867898,0.000517394260537378));
#1726=CARTESIAN_POINT('',(0.00312615334138116,0.011157894867898,0.000392947073383667));
#1727=CARTESIAN_POINT('',(0.00353099846918244,0.011157894867898,0.000181691351196018));
#1728=CARTESIAN_POINT('',(0.0042420823601627,0.011157894867898,-0.000226702331694121));
#1729=CARTESIAN_POINT('',(0.00491254686920176,0.011157894867898,-0.000668114229178893));
#1730=CARTESIAN_POINT('',(0.00538034072697561,0.011157894867898,-0.00100021291613539));
#1731=CARTESIAN_POINT('',(-0.00538032383213325,0.011157894867898,-0.00100023671559249));
#1732=CARTESIAN_POINT('',(0.00538041630424946,0.011157894867898,-0.00100010645806769));
#1733=CARTESIAN_POINT('',(-3.46944695195361E-18,0.011157894867898,-0.001));
#1734=CARTESIAN_POINT('',(-0.01,0.011157894867898,-0.007));
#1735=CARTESIAN_POINT('',(-0.01,0.011157894867898,-0.007));
#1736=CARTESIAN_POINT('',(-0.01,0.011157894867898,-0.008));
#1737=CARTESIAN_POINT('',(-0.01,0.011157894867898,-0.001));
#1738=CARTESIAN_POINT('',(-3.46944695195361E-18,0.011157894867898,-0.001));
#1739=CARTESIAN_POINT('',(-0.01,0.00615789486789803,-0.008));
#1740=CARTESIAN_POINT('',(-0.01,0.010157894867898,-8.67361737988404E-19));
#1741=CARTESIAN_POINT('',(-0.01,0.00615789486789803,-0.007));
#1742=CARTESIAN_POINT('',(-0.01,0.00615789486789803,-0.007));
#1743=CARTESIAN_POINT('',(-0.01,0.00115789486789803,-0.001));
#1744=CARTESIAN_POINT('',(-3.46944695195361E-18,-0.000842105132101968,-0.008));
#1745=CARTESIAN_POINT('',(-3.72965547335014E-18,0.00215789486789803,-0.008));
#1746=CARTESIAN_POINT('',(0.009,0.00215789486789804,-0.008));
#1747=CARTESIAN_POINT('',(0.004,0.00215789486789804,-0.008));
#1748=CARTESIAN_POINT('',(0.004,-0.000842105132101968,-0.008));
#1749=CARTESIAN_POINT('',(0.004,-0.011842105132102,-0.008));
#1750=CARTESIAN_POINT('',(-0.005,-0.011842105132102,-0.008));
#1751=CARTESIAN_POINT('',(-0.004,-0.011842105132102,-0.008));
#1752=CARTESIAN_POINT('',(-0.004,0.00115789486789803,-0.008));
#1753=CARTESIAN_POINT('',(-0.004,0.00215789486789803,-0.008));
#1754=CARTESIAN_POINT('',(-3.85975973404839E-18,0.00215789486789803,-0.008));
#1755=CARTESIAN_POINT('',(-0.009,0.00215789486789803,-0.008));
#1756=CARTESIAN_POINT('',(-0.009,-0.000842105132101968,-0.008));
#1757=CARTESIAN_POINT('',(-0.009,0.010157894867898,-0.008));
#1758=CARTESIAN_POINT('',(0.01,0.010157894867898,-0.008));
#1759=CARTESIAN_POINT('',(0.009,0.010157894867898,-0.008));
#1760=CARTESIAN_POINT('',(0.009,0.00115789486789803,-0.008));
#1761=CARTESIAN_POINT('',(-8.67361737988404E-19,0.00481051579117775,0.05));
#1762=CARTESIAN_POINT('',(-0.001,-0.000394289680691492,0.05));
#1763=CARTESIAN_POINT('',(-0.001,-0.000394289680691492,0.05));
#1764=CARTESIAN_POINT('',(-0.001,-0.000394289680691492,0.002));
#1765=CARTESIAN_POINT('',(-8.67361737988404E-19,0.00481051579117775,0.002));
#1766=CARTESIAN_POINT('',(0.001,-0.000394289680691493,0.002));
#1767=CARTESIAN_POINT('',(0.001,-0.000394289680691493,0.05));
#1768=CARTESIAN_POINT('',(0.001,-0.000394289680691493,0.05));
#1769=CARTESIAN_POINT('',(-8.67361737988404E-19,0.00481051579117775,0.05));
#1770=CARTESIAN_POINT('',(0.001,-0.00428518690051917,0.05));
#1771=CARTESIAN_POINT('',(0.001,-0.00415557413371555,0.044558956717135));
#1772=CARTESIAN_POINT('',(0.001,-0.00290557413371555,0.044558956717135));
#1773=CARTESIAN_POINT('',(0.001,-0.00415557413371555,0.035952590610832));
#1774=CARTESIAN_POINT('',(0.001,-0.00290557413371555,0.035952590610832));
#1775=CARTESIAN_POINT('',(0.001,-0.00415557413371555,0.026958956717135));
#1776=CARTESIAN_POINT('',(0.001,-0.00290557413371555,0.026958956717135));
#1777=CARTESIAN_POINT('',(0.001,-0.00415557413371555,0.018352590610832));
#1778=CARTESIAN_POINT('',(0.001,-0.00290557413371555,0.018352590610832));
#1779=CARTESIAN_POINT('',(0.001,-0.00746480980911647,0.05));
#1780=CARTESIAN_POINT('',(0.001,-0.00746480980911647,0.05));
#1781=CARTESIAN_POINT('',(0.001,-0.00428518690051917,0.05));
#1782=CARTESIAN_POINT('',(0.001,-0.000394289680691493,0.002));
#1783=CARTESIAN_POINT('',(0.001,0.000288561195240309,0.00132941396688292));
#1784=CARTESIAN_POINT('',(0.001,0.000972821560135401,0.000660279685151464));
#1785=CARTESIAN_POINT('',(0.001,0.00166567875247447,-5.90095987218972E-18));
#1786=CARTESIAN_POINT('',(0.0015,-0.00746480980911647,0.05));
#1787=CARTESIAN_POINT('',(0.002,-0.00746480980911647,0.05));
#1788=CARTESIAN_POINT('',(0.002,-0.00746480980911647,0.05));
#1789=CARTESIAN_POINT('',(0.0015,-0.00746480980911647,0.05));
#1790=CARTESIAN_POINT('',(0.002,-0.00415557413371555,0.05));
#1791=CARTESIAN_POINT('',(0.002,-0.00415557413371555,0.044558956717135));
#1792=CARTESIAN_POINT('',(0.002,-0.00415557413371555,0.045808956717135));
#1793=CARTESIAN_POINT('',(0.002,-0.00415557413371555,0.035952590610832));
#1794=CARTESIAN_POINT('',(0.002,-0.00415557413371555,0.037202590610832));
#1795=CARTESIAN_POINT('',(0.002,-0.00415557413371555,0.026958956717135));
#1796=CARTESIAN_POINT('',(0.002,-0.00415557413371555,0.028208956717135));
#1797=CARTESIAN_POINT('',(0.002,-0.00415557413371555,0.018352590610832));
#1798=CARTESIAN_POINT('',(0.002,-0.00415557413371555,0.019602590610832));
#1799=CARTESIAN_POINT('',(0.002,-0.000846338458314631,0.05));
#1800=CARTESIAN_POINT('',(0.002,-0.000846338458314631,0.05));
#1801=CARTESIAN_POINT('',(0.002,-0.00415557413371555,0.05));
#1802=CARTESIAN_POINT('',(1.7347234759768E-18,0.00481051579117775,0.05));
#1803=CARTESIAN_POINT('',(0.00453437899297631,0.000881214689447932,0.00199761748730248));
#1804=CARTESIAN_POINT('',(0.00467292913550753,0.00104110033819368,0.0018038026794023));
#1805=CARTESIAN_POINT('',(0.0048104627617028,0.00121684607354509,0.00162239424052727));
#1806=CARTESIAN_POINT('',(0.00494339137844424,0.00141009204118346,0.0014571174731833));
#1807=CARTESIAN_POINT('',(0.00494339137844424,0.00141009204118346,0.0014571174731833));
#1808=CARTESIAN_POINT('',(0.00494339137843536,0.00141009204117085,0.0014571174731789));
#1809=CARTESIAN_POINT('',(0.00503508106340073,0.00154338660428179,0.00163220552860843));
#1810=CARTESIAN_POINT('',(0.00511750084634298,0.00167469646185817,0.00181344171474547));
#1811=CARTESIAN_POINT('',(0.00519213434483879,0.0018035670145693,0.00199958494659956));
#1812=CARTESIAN_POINT('',(-0.00519171808475911,0.00180284836800985,0.00199854700648942));
#1813=CARTESIAN_POINT('',(-0.00511719366417107,0.00167420722266819,0.00181276646417364));
#1814=CARTESIAN_POINT('',(-0.00503491176155802,0.00154314048046446,0.00163188223454765));
#1815=CARTESIAN_POINT('',(-0.00494339137843617,0.00141009204117074,0.00145711747317862));
#1816=CARTESIAN_POINT('',(-0.00494339137843617,0.00141009204117074,0.00145711747317862));
#1817=CARTESIAN_POINT('',(-0.00494339137844395,0.00141009204118334,0.00145711747318367));
#1818=CARTESIAN_POINT('',(-0.00481046296602007,0.00121684637057315,0.00162239398648945));
#1819=CARTESIAN_POINT('',(-0.00467292892976781,0.00104110010077159,0.00180380296720715));
#1820=CARTESIAN_POINT('',(-0.00453437899297633,0.000881214689447702,0.00199761748730244));
#1821=CARTESIAN_POINT('',(-0.00453505134109128,0.000883519740152603,0.00199999866322385));
#1822=CARTESIAN_POINT('',(1.7347234759768E-18,0.00481051579117775,0.002));
#1823=CARTESIAN_POINT('',(-0.002,-0.000846338458314631,0.002));
#1824=CARTESIAN_POINT('',(-0.002,-0.000846338458314631,0.05));
#1825=CARTESIAN_POINT('',(-0.002,-0.000846338458314631,0.05));
#1826=CARTESIAN_POINT('',(1.7347234759768E-18,0.00481051579117775,0.05));
#1827=CARTESIAN_POINT('',(-0.002,-0.00415557413371555,0.05));
#1828=CARTESIAN_POINT('',(-0.002,-0.00415557413371555,0.044558956717135));
#1829=CARTESIAN_POINT('',(-0.002,-0.00415557413371555,0.045808956717135));
#1830=CARTESIAN_POINT('',(-0.002,-0.00415557413371555,0.035952590610832));
#1831=CARTESIAN_POINT('',(-0.002,-0.00415557413371555,0.037202590610832));
#1832=CARTESIAN_POINT('',(-0.002,-0.00415557413371555,0.026958956717135));
#1833=CARTESIAN_POINT('',(-0.002,-0.00415557413371555,0.028208956717135));
#1834=CARTESIAN_POINT('',(-0.002,-0.00415557413371555,0.018352590610832));
#1835=CARTESIAN_POINT('',(-0.002,-0.00415557413371555,0.019602590610832));
#1836=CARTESIAN_POINT('',(-0.002,-0.00084633845831463,0.002));
#1837=CARTESIAN_POINT('',(-0.002,-0.00154780243130408,0.00133865342392147));
#1838=CARTESIAN_POINT('',(-0.002,-0.00224285168232944,0.000670606310106399));
#1839=CARTESIAN_POINT('',(-0.002,-0.00293545090123708,-1.41430307158551E-20));
#1840=CARTESIAN_POINT('',(-0.002,-0.00746480980911647,0.05));
#1841=CARTESIAN_POINT('',(-0.002,-0.00746480980911647,0.05));
#1842=CARTESIAN_POINT('',(-0.002,-0.00415557413371555,0.05));
#1843=CARTESIAN_POINT('',(-0.0015,-0.00746480980911647,0.05));
#1844=CARTESIAN_POINT('',(-0.001,-0.00746480980911647,0.05));
#1845=CARTESIAN_POINT('',(-0.001,-0.00746480980911647,0.05));
#1846=CARTESIAN_POINT('',(-0.0015,-0.00746480980911647,0.05));
#1847=CARTESIAN_POINT('',(-0.001,-0.00428518690051917,0.05));
#1848=CARTESIAN_POINT('',(-0.001,-0.00415557413371555,0.044558956717135));
#1849=CARTESIAN_POINT('',(-0.001,-0.00290557413371555,0.044558956717135));
#1850=CARTESIAN_POINT('',(-0.001,-0.00415557413371555,0.035952590610832));
#1851=CARTESIAN_POINT('',(-0.001,-0.00290557413371555,0.035952590610832));
#1852=CARTESIAN_POINT('',(-0.001,-0.00415557413371555,0.026958956717135));
#1853=CARTESIAN_POINT('',(-0.001,-0.00290557413371555,0.026958956717135));
#1854=CARTESIAN_POINT('',(-0.001,-0.00415557413371555,0.018352590610832));
#1855=CARTESIAN_POINT('',(-0.001,-0.00290557413371555,0.018352590610832));
#1856=CARTESIAN_POINT('',(-0.001,0.00166567875247447,0.));
#1857=CARTESIAN_POINT('',(-0.001,0.000972821560135406,0.00066027968515147));
#1858=CARTESIAN_POINT('',(-0.001,0.000288561195240309,0.00132941396688292));
#1859=CARTESIAN_POINT('',(-0.001,-0.000394289680691493,0.002));
#1860=CARTESIAN_POINT('',(-0.001,-0.00428518690051917,0.05));
#1861=CARTESIAN_POINT('',(-3.46944695195361E-18,-0.000842105132101968,0.05));
#1862=CARTESIAN_POINT('',(0.,0.00614,-0.004));
#1863=CARTESIAN_POINT('',(0.,-0.0158421051321019,-0.004));
#1864=CARTESIAN_POINT('',(-0.0125,-0.00415557413371555,0.018352590610832));
#1865=CARTESIAN_POINT('',(-0.0125,-0.00415557413371555,0.026958956717135));
#1866=CARTESIAN_POINT('',(-0.0125,-0.00415557413371555,0.035952590610832));
#1867=CARTESIAN_POINT('',(-0.0125,-0.00415557413371555,0.044558956717135));
#1868=CARTESIAN_POINT('',(-0.0125,-0.00415557413371555,0.018352590610832));
#1869=CARTESIAN_POINT('',(-0.0125,-0.00415557413371555,0.026958956717135));
#1870=CARTESIAN_POINT('',(-0.0125,-0.00415557413371555,0.035952590610832));
#1871=CARTESIAN_POINT('',(-0.0125,-0.00415557413371555,0.044558956717135));
#1872=CARTESIAN_POINT('',(-8.67361737988404E-19,0.00481051579117775,0.));
#1873=CARTESIAN_POINT('',(1.7347234759768E-18,0.00481051579117775,0.002));
#1874=CARTESIAN_POINT('',(-0.00453502345887045,0.000883076353518993,0.00200073185221875));
#1875=CARTESIAN_POINT('',(-0.00448338263138729,6.16821009450468E-5,0.00150204038791739));
#1876=CARTESIAN_POINT('',(-0.00443281711596324,-0.000849656044576406,0.000835708173633859));
#1877=CARTESIAN_POINT('',(-0.00438855925133538,-0.00187624630707127,1.7352093681553E-6));
#1878=CARTESIAN_POINT('',(-0.00438850740391169,-0.00187744727991092,-9.7592288779953E-7));
#1879=CARTESIAN_POINT('',(-0.00436550002459271,-0.00241934748770547,-0.00044562096568765));
#1880=CARTESIAN_POINT('',(-0.00441670473505172,-0.00106925308629913,0.000663767438060094));
#1881=CARTESIAN_POINT('',(-0.00449678195638793,0.000314085313315824,0.00179064935788214));
#1882=CARTESIAN_POINT('',(-0.00460329509358693,0.00199625460325128,0.00260459531151642));
#1883=CARTESIAN_POINT('',(-0.00436907760689312,-0.0023261693051536,-0.000369077606893127));
#1884=CARTESIAN_POINT('',(-0.00436873242865542,-0.00232740123196306,-0.000368732428655422));
#1885=CARTESIAN_POINT('',(-0.00424556973584297,-0.0022583823893998,-0.000245569735842973));
#1886=CARTESIAN_POINT('',(-0.00412265237714213,-0.00218850082205752,-0.000122652377142125));
#1887=CARTESIAN_POINT('',(-0.004,-0.00211768743909777,1.22596788845775E-18));
#1888=CARTESIAN_POINT('',(-5.3776427755281E-18,0.010157894867898,0.));
#1889=CARTESIAN_POINT('',(-0.0061625282356067,0.0106439408379528,-0.000486045970054825));
#1890=CARTESIAN_POINT('',(-0.00589242544188236,0.010827044984897,-0.000669150116999002));
#1891=CARTESIAN_POINT('',(-0.00563161336700746,0.0109983415153738,-0.000840446647475743));
#1892=CARTESIAN_POINT('',(-0.00538009201098201,0.0111578304293831,-0.000999935561485045));
#1893=CARTESIAN_POINT('',(-0.0057092301760192,0.011157894867898,-0.00123689669719016));
#1894=CARTESIAN_POINT('',(-0.00488874624108347,0.011157894867898,-0.000639130385793259));
#1895=CARTESIAN_POINT('',(-0.00403282924555136,0.011157894867898,-6.71643404335762E-5));
#1896=CARTESIAN_POINT('',(-0.00263892564833967,0.011157894867898,0.000638199308576234));
#1897=CARTESIAN_POINT('',(-0.00214102774122817,0.011157894867898,0.000846989879603369));
#1898=CARTESIAN_POINT('',(-0.00109657115965269,0.011157894867898,0.00115051038967719));
#1899=CARTESIAN_POINT('',(-0.000553782367778505,0.011157894867898,0.00123780698732609));
#1900=CARTESIAN_POINT('',(0.000535706492768513,0.011157894867898,0.00123899245891854));
#1901=CARTESIAN_POINT('',(0.00108534350314272,0.011157894867898,0.0011529789210148));
#1902=CARTESIAN_POINT('',(0.00213138828464772,0.011157894867898,0.000850549570589721));
#1903=CARTESIAN_POINT('',(0.00263072461885137,0.011157894867898,0.000641770527096101));
#1904=CARTESIAN_POINT('',(0.004023849686575,0.011157894867898,-6.15851423524476E-5));
#1905=CARTESIAN_POINT('',(0.00488377536464462,0.011157894867898,-0.000635364086491568));
#1906=CARTESIAN_POINT('',(0.00570970423568618,0.011157894867898,-0.00123722544900264));
#1907=CARTESIAN_POINT('',(-0.00622527669280355,0.0106412257397893,-0.00052978991734694));
#1908=CARTESIAN_POINT('',(-0.00536993134561882,0.0106780889658415,6.79763795143214E-5));
#1909=CARTESIAN_POINT('',(-0.00446606740285276,0.0107231557255178,0.000639942299978794));
#1910=CARTESIAN_POINT('',(-0.0029547568092112,0.0107926176009238,0.00134530616435688));
#1911=CARTESIAN_POINT('',(-0.00240640771264735,0.0108162426373787,0.00155409665948321));
#1912=CARTESIAN_POINT('',(-0.00124094834988846,0.010853097639946,0.00185761717217044));
#1913=CARTESIAN_POINT('',(-0.000627513974110029,0.0108649435435191,0.00194491376894343));
#1914=CARTESIAN_POINT('',(0.000607047852335057,0.0108650577346992,0.00194609923967428));
#1915=CARTESIAN_POINT('',(0.00122832994017369,0.010853416712833,0.00186008570323322));
#1916=CARTESIAN_POINT('',(0.00239573777542431,0.0108166541761647,0.00155765635074439));
#1917=CARTESIAN_POINT('',(0.00294576990851381,0.0107930040146468,0.00134887737965679));
#1918=CARTESIAN_POINT('',(0.00445648645311292,0.0107236421906286,0.000645521504243713));
#1919=CARTESIAN_POINT('',(0.00536477417146992,0.010678311930953,7.17426793116032E-5));
#1920=CARTESIAN_POINT('',(0.00622577425843262,0.0106412034118342,-0.00053011866913481));
#1921=CARTESIAN_POINT('',(0.00538029082515623,0.0111577363330367,-0.00099984146513863));
#1922=CARTESIAN_POINT('',(0.00563179169801664,0.0109982576815296,-0.000840362813631547));
#1923=CARTESIAN_POINT('',(0.0058925492507052,0.0108269918015513,-0.000669096933653323));
#1924=CARTESIAN_POINT('',(0.00616256348322192,0.010643938693102,-0.000486043825203957));
#1925=CARTESIAN_POINT('',(-5.3776427755281E-18,0.010157894867898,0.));
#1926=CARTESIAN_POINT('',(-0.004,-0.000842105132101967,0.));
#1927=CARTESIAN_POINT('',(-0.00436907760689313,-0.0023261693051536,-0.000369077606893126));
#1928=CARTESIAN_POINT('',(-0.00457935337091261,-0.00209514165879176,-0.000579353370912608));
#1929=CARTESIAN_POINT('',(-0.00478962913493209,-0.00186411401242991,-0.00078962913493209));
#1930=CARTESIAN_POINT('',(-0.00499990489895157,-0.00163308636606806,-0.000999904898951572));
#1931=CARTESIAN_POINT('',(-0.005,-0.00174169025543827,-0.00109167613846242));
#1932=CARTESIAN_POINT('',(-0.005,-0.000709476645737228,-0.000220735375146758));
#1933=CARTESIAN_POINT('',(-0.005,0.000343606906613562,0.000657245527621371));
#1934=CARTESIAN_POINT('',(-0.005,0.00148642406425259,0.00138261584490435));
#1935=CARTESIAN_POINT('',(-0.00436834630669951,-0.00234503322129596,-0.000384569357275875));
#1936=CARTESIAN_POINT('',(-0.00440935640333323,-0.00128460258127708,0.000486371406039788));
#1937=CARTESIAN_POINT('',(-0.00446811683777798,-0.000200703363904836,0.00136435230880792));
#1938=CARTESIAN_POINT('',(-0.00454345034171686,0.00103498572821022,0.0020897226260909));
#1939=CARTESIAN_POINT('',(-0.00494339137844586,0.00141009204117238,0.00145711747317238));
#1940=CARTESIAN_POINT('',(-0.00496195474166411,0.00139075512265336,0.00140400947892983));
#1941=CARTESIAN_POINT('',(-0.00498082651082224,0.00137189890352081,0.00135073671603358));
#1942=CARTESIAN_POINT('',(-0.005,0.00135349631838001,0.00129730490136071));
#1943=CARTESIAN_POINT('',(-0.00456474454115339,0.00115789486789803,0.00130579853287303));
#1944=CARTESIAN_POINT('',(-0.00543599027314696,0.00115789486789803,0.000553696792236755));
#1945=CARTESIAN_POINT('',(-0.00628142250873982,0.00115789486789803,-0.000228408891083872));
#1946=CARTESIAN_POINT('',(-0.00712164132409617,0.00115789486789803,-0.00101417336772336));
#1947=CARTESIAN_POINT('',(-0.00517591217410358,0.00180254068042484,0.00201290531405958));
#1948=CARTESIAN_POINT('',(-0.00607714280085196,0.00185339425239006,0.0012608035734233));
#1949=CARTESIAN_POINT('',(-0.00693368965699707,0.0018851475824905,0.000478697890102676));
#1950=CARTESIAN_POINT('',(-0.00778412720270312,0.00191101692478171,-0.000307066586536818));
#1951=CARTESIAN_POINT('',(-0.00710658357502153,0.00115801611990074,-0.000999878747997291));
#1952=CARTESIAN_POINT('',(-0.00731140680399175,0.00140837330041932,-0.000749521567478709));
#1953=CARTESIAN_POINT('',(-0.00751623003296197,0.0016587304809379,-0.000499164386960127));
#1954=CARTESIAN_POINT('',(-0.00772105326193219,0.00190908766145649,-0.000248807206441545));
#1955=CARTESIAN_POINT('',(-0.0075,0.00115789486789803,-0.001));
#1956=CARTESIAN_POINT('',(0.0075,0.00115789486789803,-0.001));
#1957=CARTESIAN_POINT('',(0.00772105326193219,0.00190908766145649,-0.00024880720644154));
#1958=CARTESIAN_POINT('',(0.00751619456402333,0.00165868697305221,-0.000499207894845826));
#1959=CARTESIAN_POINT('',(0.00731133586611448,0.00140828628464792,-0.000749608583250112));
#1960=CARTESIAN_POINT('',(0.00710647716820562,0.00115788559624363,-0.0010000092716544));
#1961=CARTESIAN_POINT('',(0.00712164370150751,0.00115789486789803,-0.00101417559105538));
#1962=CARTESIAN_POINT('',(0.00628129123254667,0.00115789486789803,-0.00022828610676169));
#1963=CARTESIAN_POINT('',(0.00543572370393342,0.00115789486789803,0.000553943444882287));
#1964=CARTESIAN_POINT('',(0.00456433120665391,0.00115789486789803,0.00130615533941711));
#1965=CARTESIAN_POINT('',(0.00778412960902851,0.00191101699797938,-0.000307068809868832));
#1966=CARTESIAN_POINT('',(0.00693355678579514,0.00188514355145011,0.000478820674424858));
#1967=CARTESIAN_POINT('',(0.006076872744603,0.00185338425736225,0.00126105022606883));
#1968=CARTESIAN_POINT('',(0.00517548461288661,0.00180251655326419,0.00201326212060365));
#1969=CARTESIAN_POINT('',(0.00494339137844019,0.00141009204117807,0.0014571174731885));
#1970=CARTESIAN_POINT('',(0.00496242116141246,0.00139142247200924,0.00140389765365016));
#1971=CARTESIAN_POINT('',(0.0049812871793036,0.00137255418340573,0.00135062612058805));
#1972=CARTESIAN_POINT('',(0.00500000000000001,0.00135349631838002,0.00129730490136071));
#1973=CARTESIAN_POINT('',(0.005,0.00148642589203697,0.00138261700503772));
#1974=CARTESIAN_POINT('',(0.005,0.000343505876614085,0.000657181625204433));
#1975=CARTESIAN_POINT('',(0.005,-0.000709664358387458,-0.000220891871958577));
#1976=CARTESIAN_POINT('',(0.005,-0.00174196705393434,-0.00109190969027043));
#1977=CARTESIAN_POINT('',(0.00454345046220283,0.00103498770453098,0.00208972378622427));
#1978=CARTESIAN_POINT('',(0.00446811016660415,-0.000200812662583663,0.00136428840639098));
#1979=CARTESIAN_POINT('',(0.00440934592050606,-0.00128479578741959,0.000486214909227971));
#1980=CARTESIAN_POINT('',(0.00436833530983386,-0.00234531758642488,-0.000384802909083882));
#1981=CARTESIAN_POINT('',(0.00499932068906614,-0.00163373372907517,-0.000999320689066136));
#1982=CARTESIAN_POINT('',(0.00478923966167513,-0.00186454558776798,-0.000789239661675134));
#1983=CARTESIAN_POINT('',(0.00457915863428413,-0.00209535744646079,-0.000579158634284132));
#1984=CARTESIAN_POINT('',(0.00436907760689313,-0.0023261693051536,-0.000369077606893129));
#1985=CARTESIAN_POINT('',(0.005,-0.00584210513210197,-0.001));
#1986=CARTESIAN_POINT('',(-0.009,-0.000842105132101968,-0.008));
#1987=CARTESIAN_POINT('',(-0.00533333333333334,0.00649122820123136,-0.0116666666666667));
#1988=CARTESIAN_POINT('',(-0.006,0.00515789486789803,-0.011));
#1989=CARTESIAN_POINT('',(-3.46944695195361E-18,0.011157894867898,-0.007));
#1990=CARTESIAN_POINT('',(0.00666666666666667,0.0078245615345647,-0.0103333333333333));
#1991=CARTESIAN_POINT('',(-3.85975973404839E-18,0.00215789486789803,-0.008));
#1992=CARTESIAN_POINT('',(-0.00266666666666666,0.00349122820123136,-0.00933333333333333));
#1993=CARTESIAN_POINT('',(0.01,0.00615789486789804,-0.007));
#1994=CARTESIAN_POINT('',(0.00833333333333333,0.0028245615345647,-0.00866666666666667));
#1995=CARTESIAN_POINT('',(-0.005,-0.00584210513210197,-0.007));
#1996=CARTESIAN_POINT('',(-0.00333333333333333,-0.0111754384654353,-0.00866666666666667));
#1997=CARTESIAN_POINT('',(-3.72965547335014E-18,0.00215789486789803,-0.008));
#1998=CARTESIAN_POINT('',(0.005,0.00115789486789803,-0.007));
#1999=CARTESIAN_POINT('',(0.,-0.012842105132102,-0.007));
#2000=CARTESIAN_POINT('',(0.00333333333333333,-0.0111754384654353,-0.00866666666666667));
#2001=CARTESIAN_POINT('',(0.004,-0.000842105132101968,-0.008));
#2002=MECHANICAL_DESIGN_GEOMETRIC_PRESENTATION_REPRESENTATION('',(#1091),
#2003);
#2003=(
GEOMETRIC_REPRESENTATION_CONTEXT(3)
GLOBAL_UNCERTAINTY_ASSIGNED_CONTEXT((#2004))
GLOBAL_UNIT_ASSIGNED_CONTEXT((#2007,#2006,#2005))
REPRESENTATION_CONTEXT('Part 1','TOP_LEVEL_ASSEMBLY_PART')
);
#2004=UNCERTAINTY_MEASURE_WITH_UNIT(LENGTH_MEASURE(2.E-5),#2007,
'DISTANCE_ACCURACY_VALUE','Maximum Tolerance applied to model');
#2005=(
NAMED_UNIT(*)
SI_UNIT($,.STERADIAN.)
SOLID_ANGLE_UNIT()
);
#2006=(
NAMED_UNIT(*)
PLANE_ANGLE_UNIT()
SI_UNIT($,.RADIAN.)
);
#2007=(
LENGTH_UNIT()
NAMED_UNIT(*)
SI_UNIT($,.METRE.)
);
#2008=PRODUCT_DEFINITION_SHAPE('','',#2009);
#2009=PRODUCT_DEFINITION('','',#2011,#2010);
#2010=PRODUCT_DEFINITION_CONTEXT('',#2017,'design');
#2011=PRODUCT_DEFINITION_FORMATION_WITH_SPECIFIED_SOURCE('','',#2013,
 .NOT_KNOWN.);
#2012=PRODUCT_RELATED_PRODUCT_CATEGORY('','',(#2013));
#2013=PRODUCT('Part 1','Part 1','Part 1',(#2015));
#2014=PRODUCT_CATEGORY('','');
#2015=PRODUCT_CONTEXT('',#2017,'mechanical');
#2016=APPLICATION_PROTOCOL_DEFINITION('international standard',
'ap242_managed_model_based_3d_engineering',2020,#2017);
#2017=APPLICATION_CONTEXT('managed model based 3d engineering');
ENDSEC;
END-ISO-10303-21;
