<gpx creator="Mission Planner" xmlns="http://www.topografix.com/GPX/1/1"><trk><trkseg><trkpt lat="23.3187707" lon="77.3549608"><ele>507.61</ele><time>2026-08-28T17:11:26+05:30</time><course>301.8357</course><roll>15.31379</roll><pitch>-40.58136</pitch><mode /></trkpt><trkpt lat="23.318771" lon="77.3549593"><ele>507.51</ele><time>2026-08-28T17:11:28+05:30</time><course>300.6238</course><roll>22.76303</roll><pitch>-49.17192</pitch><mode /></trkpt><trkpt lat="23.3187707" lon="77.3549591"><ele>507.47</ele><time>2026-08-28T17:11:28+05:30</time><course>298.1724</course><roll>24.48348</roll><pitch>-46.52033</pitch><mode /></trkpt><trkpt lat="23.3187702" lon="77.3549589"><ele>507.35</ele><time>2026-08-28T17:11:28+05:30</time><course>296.4708</course><roll>26.28217</roll><pitch>-46.41382</pitch><mode /></trkpt><trkpt lat="23.3187696" lon="77.3549587"><ele>507.3</ele><time>2026-08-28T17:11:28+05:30</time><course>296.5345</course><roll>26.50003</roll><pitch>-45.78765</pitch><mode /></trkpt><trkpt lat="23.3187693" lon="77.3549586"><ele>507.36</ele><time>2026-08-28T17:11:28+05:30</time><course>296.0511</course><roll>26.79343</roll><pitch>-45.30365</pitch><mode /></trkpt><trkpt lat="23.3187689" lon="77.3549585"><ele>507.34</ele><time>2026-08-28T17:11:29+05:30</time><course>294.737</course><roll>26.99441</roll><pitch>-45.12725</pitch><mode /></trkpt><trkpt lat="23.3187688" lon="77.3549582"><ele>507.3</ele><time>2026-08-28T17:11:29+05:30</time><course>294.9889</course><roll>26.5015</roll><pitch>-44.59571</pitch><mode /></trkpt><trkpt lat="23.3187689" lon="77.354958"><ele>507.25</ele><time>2026-08-28T17:11:29+05:30</time><course>294.5297</course><roll>26.86216</roll><pitch>-45.24338</pitch><mode /></trkpt><trkpt lat="23.3187691" lon="77.3549578"><ele>507.21</ele><time>2026-08-28T17:11:29+05:30</time><course>296.2227</course><roll>25.83466</roll><pitch>-44.88619</pitch><mode /></trkpt><trkpt lat="23.3187696" lon="77.3549581"><ele>507.31</ele><time>2026-08-28T17:11:29+05:30</time><course>291.3292</course><roll>31.98874</roll><pitch>-45.20472</pitch><mode /></trkpt><trkpt lat="23.3187697" lon="77.354957"><ele>507.46</ele><time>2026-08-28T17:11:30+05:30</time><course>291.7887</course><roll>31.64056</roll><pitch>-42.73324</pitch><mode /></trkpt><trkpt lat="23.3187695" lon="77.3549571"><ele>507.4</ele><time>2026-08-28T17:11:30+05:30</time><course>304.886</course><roll>25.15638</roll><pitch>-25.21981</pitch><mode /></trkpt><trkpt lat="23.3187685" lon="77.3549576"><ele>507.34</ele><time>2026-08-28T17:11:30+05:30</time><course>314.5021</course><roll>17.48771</roll><pitch>-4.621167</pitch><mode /></trkpt><trkpt lat="23.3187681" lon="77.3549582"><ele>507.38</ele><time>2026-08-28T17:11:31+05:30</time><course>317.1609</course><roll>14.588</roll><pitch>0.8555452</pitch><mode /></trkpt><trkpt lat="23.3187671" lon="77.354958"><ele>507.28</ele><time>2026-08-28T17:11:31+05:30</time><course>317.7921</course><roll>11.94228</roll><pitch>2.109911</pitch><mode /></trkpt><trkpt lat="23.3187672" lon="77.3549586"><ele>507.22</ele><time>2026-08-28T17:11:31+05:30</time><course>317.3675</course><roll>10.33982</roll><pitch>0.05808165</pitch><mode /></trkpt><trkpt lat="23.3187673" lon="77.3549587"><ele>507.21</ele><time>2026-08-28T17:11:31+05:30</time><course>315.1385</course><roll>9.898702</roll><pitch>-3.91645</pitch><mode /></trkpt><trkpt lat="23.3187671" lon="77.3549586"><ele>507.17</ele><time>2026-08-28T17:11:31+05:30</time><course>309.6382</course><roll>10.07308</roll><pitch>-19.30722</pitch><mode /></trkpt><trkpt lat="23.3187659" lon="77.3549578"><ele>507.15</ele><time>2026-08-28T17:11:32+05:30</time><course>304.4854</course><roll>10.05953</roll><pitch>-37.3332</pitch><mode /></trkpt><trkpt lat="23.3187665" lon="77.354958"><ele>507.07</ele><time>2026-08-28T17:11:32+05:30</time><course>299.3383</course><roll>11.64969</roll><pitch>-46.13554</pitch><mode /></trkpt><trkpt lat="23.3187668" lon="77.3549581"><ele>506.89</ele><time>2026-08-28T17:11:32+05:30</time><course>300.1978</course><roll>12.25628</roll><pitch>-38.51334</pitch><mode /></trkpt><trkpt lat="23.3187664" lon="77.3549579"><ele>506.92</ele><time>2026-08-28T17:11:32+05:30</time><course>297.2498</course><roll>11.08661</roll><pitch>-34.74218</pitch><mode /></trkpt><trkpt lat="23.3187671" lon="77.3549577"><ele>506.97</ele><time>2026-08-28T17:11:33+05:30</time><course>282.7148</course><roll>-3.643243</roll><pitch>-37.91095</pitch><mode /></trkpt><trkpt lat="23.3187679" lon="77.35496"><ele>507.17</ele><time>2026-08-28T17:11:33+05:30</time><course>248.585</course><roll>-14.35045</roll><pitch>-58.38807</pitch><mode /></trkpt><trkpt lat="23.3187674" lon="77.3549624"><ele>507.15</ele><time>2026-08-28T17:11:34+05:30</time><course>239.4109</course><roll>-20.76558</roll><pitch>-63.41449</pitch><mode /></trkpt><trkpt lat="23.3187672" lon="77.3549637"><ele>507.05</ele><time>2026-08-28T17:11:34+05:30</time><course>233.244</course><roll>-25.51479</roll><pitch>-53.71993</pitch><mode /></trkpt><trkpt lat="23.3187663" lon="77.3549651"><ele>507.02</ele><time>2026-08-28T17:11:34+05:30</time><course>227.3772</course><roll>-45.09544</roll><pitch>-63.38851</pitch><mode /></trkpt><trkpt lat="23.3187666" lon="77.3549663"><ele>507.28</ele><time>2026-08-28T17:11:34+05:30</time><course>209.4841</course><roll>-33.92314</roll><pitch>-73.02303</pitch><mode /></trkpt><trkpt lat="23.3187672" lon="77.3549658"><ele>506.95</ele><time>2026-08-28T17:11:35+05:30</time><course>185.5459</course><roll>-13.60256</roll><pitch>-70.39117</pitch><mode /></trkpt><trkpt lat="23.3187678" lon="77.354967"><ele>507.23</ele><time>2026-08-28T17:11:35+05:30</time><course>179.7297</course><roll>-9.671972</roll><pitch>-55.19194</pitch><mode /></trkpt><trkpt lat="23.318768" lon="77.3549687"><ele>507.43</ele><time>2026-08-28T17:11:35+05:30</time><course>174.3266</course><roll>-3.769515</roll><pitch>19.98797</pitch><mode /></trkpt><trkpt lat="23.3187684" lon="77.3549693"><ele>507.61</ele><time>2026-08-28T17:11:35+05:30</time><course>173.0324</course><roll>-5.742742</roll><pitch>32.58152</pitch><mode /></trkpt><trkpt lat="23.3187686" lon="77.3549695"><ele>507.72</ele><time>2026-08-28T17:11:36+05:30</time><course>174.6864</course><roll>-7.452368</roll><pitch>17.09902</pitch><mode /></trkpt><trkpt lat="23.3187687" lon="77.3549704"><ele>508.05</ele><time>2026-08-28T17:11:36+05:30</time><course>178.9227</course><roll>-9.12583</roll><pitch>-15.80519</pitch><mode /></trkpt><trkpt lat="23.3187688" lon="77.3549711"><ele>508.13</ele><time>2026-08-28T17:11:36+05:30</time><course>190.1075</course><roll>-19.9892</roll><pitch>-52.59584</pitch><mode /></trkpt><trkpt lat="23.3187689" lon="77.3549708"><ele>508.06</ele><time>2026-08-28T17:11:36+05:30</time><course>179.5886</course><roll>-11.14222</roll><pitch>-16.13626</pitch><mode /></trkpt><trkpt lat="23.3187694" lon="77.3549706"><ele>508.13</ele><time>2026-08-28T17:11:37+05:30</time><course>180.8743</course><roll>-14.53303</roll><pitch>-6.982704</pitch><mode /></trkpt><trkpt lat="23.3187692" lon="77.3549705"><ele>508.14</ele><time>2026-08-28T17:11:37+05:30</time><course>184.1261</course><roll>-24.35034</roll><pitch>-39.60991</pitch><mode /></trkpt><trkpt lat="23.3187697" lon="77.3549703"><ele>508.13</ele><time>2026-08-28T17:11:37+05:30</time><course>167.3263</course><roll>-19.11235</roll><pitch>-35.26427</pitch><mode /></trkpt><trkpt lat="23.3187711" lon="77.354971"><ele>508.32</ele><time>2026-08-28T17:11:37+05:30</time><course>146.8016</course><roll>-17.15026</roll><pitch>-38.70483</pitch><mode /></trkpt><trkpt lat="23.3187733" lon="77.35497"><ele>508.19</ele><time>2026-08-28T17:11:37+05:30</time><course>133.005</course><roll>-19.2207</roll><pitch>-36.70756</pitch><mode /></trkpt><trkpt lat="23.3187743" lon="77.3549695"><ele>507.74</ele><time>2026-08-28T17:11:38+05:30</time><course>125.8611</course><roll>-23.25617</roll><pitch>-35.77348</pitch><mode /></trkpt><trkpt lat="23.3187757" lon="77.3549684"><ele>507.73</ele><time>2026-08-28T17:11:38+05:30</time><course>114.6756</course><roll>-25.06859</roll><pitch>-33.80653</pitch><mode /></trkpt><trkpt lat="23.318777" lon="77.3549677"><ele>507.59</ele><time>2026-08-28T17:11:38+05:30</time><course>79.04392</course><roll>-23.77937</roll><pitch>-29.51486</pitch><mode /></trkpt><trkpt lat="23.3187782" lon="77.3549672"><ele>507.48</ele><time>2026-08-28T17:11:38+05:30</time><course>68.41335</course><roll>-21.03621</roll><pitch>-33.40527</pitch><mode /></trkpt><trkpt lat="23.3187785" lon="77.3549664"><ele>507.54</ele><time>2026-08-28T17:11:39+05:30</time><course>51.37919</course><roll>-20.06766</roll><pitch>-31.1311</pitch><mode /></trkpt><trkpt lat="23.3187787" lon="77.3549691"><ele>507.79</ele><time>2026-08-28T17:11:39+05:30</time><course>62.04866</course><roll>-16.54126</roll><pitch>-27.52526</pitch><mode /></trkpt><trkpt lat="23.3187779" lon="77.3549709"><ele>507.65</ele><time>2026-08-28T17:11:39+05:30</time><course>43.66222</course><roll>-13.94284</roll><pitch>-38.61051</pitch><mode /></trkpt><trkpt lat="23.3187769" lon="77.3549722"><ele>507.53</ele><time>2026-08-28T17:11:39+05:30</time><course>0.6638373</course><roll>17.21941</roll><pitch>-48.21122</pitch><mode /></trkpt><trkpt lat="23.318777" lon="77.3549738"><ele>507.51</ele><time>2026-08-28T17:11:40+05:30</time><course>359.8943</course><roll>19.73698</roll><pitch>-30.67302</pitch><mode /></trkpt><trkpt lat="23.3187765" lon="77.3549741"><ele>507.56</ele><time>2026-08-28T17:11:40+05:30</time><course>8.757126</course><roll>4.942964</roll><pitch>-22.6333</pitch><mode /></trkpt><trkpt lat="23.3187762" lon="77.3549737"><ele>507.87</ele><time>2026-08-28T17:11:40+05:30</time><course>14.2551</course><roll>-23.81941</roll><pitch>-20.50894</pitch><mode /></trkpt><trkpt lat="23.3187747" lon="77.3549733"><ele>507.86</ele><time>2026-08-28T17:11:40+05:30</time><course>6.728534</course><roll>-14.09579</roll><pitch>-7.138538</pitch><mode /></trkpt><trkpt lat="23.3187754" lon="77.3549735"><ele>507.95</ele><time>2026-08-28T17:11:41+05:30</time><course>3.023363</course><roll>3.675641</roll><pitch>-7.562148</pitch><mode /></trkpt><trkpt lat="23.3187752" lon="77.3549729"><ele>507.75</ele><time>2026-08-28T17:11:41+05:30</time><course>0.07593655</course><roll>12.74048</roll><pitch>-6.86851</pitch><mode /></trkpt><trkpt lat="23.3187742" lon="77.3549724"><ele>507.72</ele><time>2026-08-28T17:11:41+05:30</time><course>359.2437</course><roll>12.28153</roll><pitch>-8.122705</pitch><mode /></trkpt><trkpt lat="23.3187735" lon="77.3549717"><ele>507.79</ele><time>2026-08-28T17:11:41+05:30</time><course>354.2971</course><roll>4.726708</roll><pitch>-9.478215</pitch><mode /></trkpt><trkpt lat="23.3187732" lon="77.3549706"><ele>507.85</ele><time>2026-08-28T17:11:42+05:30</time><course>346.9552</course><roll>1.646158</roll><pitch>-6.242001</pitch><mode /></trkpt><trkpt lat="23.3187734" lon="77.3549695"><ele>507.83</ele><time>2026-08-28T17:11:42+05:30</time><course>347.3663</course><roll>2.518077</roll><pitch>-6.472727</pitch><mode /></trkpt><trkpt lat="23.318774" lon="77.3549686"><ele>507.87</ele><time>2026-08-28T17:11:42+05:30</time><course>346.5448</course><roll>2.89827</roll><pitch>-6.855496</pitch><mode /></trkpt><trkpt lat="23.3187742" lon="77.3549687"><ele>507.96</ele><time>2026-08-28T17:11:43+05:30</time><course>347.6133</course><roll>2.782728</roll><pitch>-6.383909</pitch><mode /></trkpt><trkpt lat="23.3187743" lon="77.3549691"><ele>508.26</ele><time>2026-08-28T17:11:43+05:30</time><course>348.712</course><roll>2.699115</roll><pitch>-6.771708</pitch><mode /></trkpt><trkpt lat="23.3187742" lon="77.3549693"><ele>508.32</ele><time>2026-08-28T17:11:43+05:30</time><course>350.5643</course><roll>1.960667</roll><pitch>-6.207944</pitch><mode /></trkpt><trkpt lat="23.3187744" lon="77.354969"><ele>508.32</ele><time>2026-08-28T17:11:43+05:30</time><course>352.427</course><roll>1.541353</roll><pitch>-5.655583</pitch><mode /></trkpt><trkpt lat="23.3187742" lon="77.3549691"><ele>508.31</ele><time>2026-08-28T17:11:43+05:30</time><course>353.3573</course><roll>1.277095</roll><pitch>-5.811712</pitch><mode /></trkpt><trkpt lat="23.3187736" lon="77.3549694"><ele>508.41</ele><time>2026-08-28T17:11:44+05:30</time><course>353.2865</course><roll>1.766109</roll><pitch>-5.261074</pitch><mode /></trkpt><trkpt lat="23.3187731" lon="77.3549696"><ele>508.48</ele><time>2026-08-28T17:11:44+05:30</time><course>349.4559</course><roll>3.2328</roll><pitch>-1.95385</pitch><mode /></trkpt><trkpt lat="23.3187728" lon="77.3549697"><ele>508.64</ele><time>2026-08-28T17:11:44+05:30</time><course>340.3869</course><roll>4.265175</roll><pitch>-1.695465</pitch><mode /></trkpt><trkpt lat="23.3187719" lon="77.3549701"><ele>508.85</ele><time>2026-08-28T17:11:44+05:30</time><course>331.8922</course><roll>4.647512</roll><pitch>-2.268768</pitch><mode /></trkpt><trkpt lat="23.3187714" lon="77.3549705"><ele>508.94</ele><time>2026-08-28T17:11:44+05:30</time><course>330.0701</course><roll>4.878707</roll><pitch>-2.008733</pitch><mode /></trkpt><trkpt lat="23.3187715" lon="77.3549708"><ele>509.01</ele><time>2026-08-28T17:11:45+05:30</time><course>332.4266</course><roll>4.867642</roll><pitch>-2.320039</pitch><mode /></trkpt><trkpt lat="23.3187718" lon="77.3549716"><ele>509.34</ele><time>2026-08-28T17:11:45+05:30</time><course>336.5703</course><roll>4.536236</roll><pitch>-2.189807</pitch><mode /></trkpt><trkpt lat="23.3187724" lon="77.3549723"><ele>509.78</ele><time>2026-08-28T17:11:45+05:30</time><course>340.7318</course><roll>4.876958</roll><pitch>-1.595725</pitch><mode /></trkpt><trkpt lat="23.3187729" lon="77.3549726"><ele>510.03</ele><time>2026-08-28T17:11:45+05:30</time><course>342.7288</course><roll>5.401268</roll><pitch>-1.26578</pitch><mode /></trkpt><trkpt lat="23.3187733" lon="77.3549724"><ele>510.11</ele><time>2026-08-28T17:11:45+05:30</time><course>344.0764</course><roll>5.180687</roll><pitch>-1.772898</pitch><mode /></trkpt><trkpt lat="23.3187735" lon="77.3549728"><ele>510.24</ele><time>2026-08-28T17:11:46+05:30</time><course>345.3136</course><roll>5.813339</roll><pitch>-1.937629</pitch><mode /></trkpt><trkpt lat="23.3187738" lon="77.3549731"><ele>510.27</ele><time>2026-08-28T17:11:46+05:30</time><course>346.0888</course><roll>6.897162</roll><pitch>-1.591853</pitch><mode /></trkpt><trkpt lat="23.3187741" lon="77.3549732"><ele>510.31</ele><time>2026-08-28T17:11:46+05:30</time><course>346.311</course><roll>7.40692</roll><pitch>-1.562607</pitch><mode /></trkpt><trkpt lat="23.3187742" lon="77.354974"><ele>510.45</ele><time>2026-08-28T17:11:47+05:30</time><course>350.4109</course><roll>6.649302</roll><pitch>-0.6737851</pitch><mode /></trkpt><trkpt lat="23.3187743" lon="77.3549742"><ele>510.5</ele><time>2026-08-28T17:11:47+05:30</time><course>356.4247</course><roll>6.018791</roll><pitch>0.5207984</pitch><mode /></trkpt><trkpt lat="23.318775" lon="77.3549747"><ele>510.51</ele><time>2026-08-28T17:11:47+05:30</time><course>4.987324</course><roll>6.002162</roll><pitch>1.977052</pitch><mode /></trkpt><trkpt lat="23.3187756" lon="77.3549752"><ele>510.51</ele><time>2026-08-28T17:11:47+05:30</time><course>10.85319</course><roll>6.103755</roll><pitch>1.443465</pitch><mode /></trkpt><trkpt lat="23.3187764" lon="77.3549755"><ele>510.5</ele><time>2026-08-28T17:11:47+05:30</time><course>17.28175</course><roll>6.191948</roll><pitch>4.520029</pitch><mode /></trkpt><trkpt lat="23.3187774" lon="77.3549752"><ele>510.42</ele><time>2026-08-28T17:11:48+05:30</time><course>19.12454</course><roll>5.402039</roll><pitch>4.363349</pitch><mode /></trkpt><trkpt lat="23.3187778" lon="77.3549744"><ele>510.44</ele><time>2026-08-28T17:11:48+05:30</time><course>17.52163</course><roll>5.294423</roll><pitch>4.301419</pitch><mode /></trkpt><trkpt lat="23.318778" lon="77.3549736"><ele>510.33</ele><time>2026-08-28T17:11:48+05:30</time><course>16.99663</course><roll>4.053825</roll><pitch>5.417627</pitch><mode /></trkpt><trkpt lat="23.3187782" lon="77.3549733"><ele>510.37</ele><time>2026-08-28T17:11:48+05:30</time><course>21.46688</course><roll>3.476687</roll><pitch>6.854851</pitch><mode /></trkpt><trkpt lat="23.3187783" lon="77.3549734"><ele>510.36</ele><time>2026-08-28T17:11:48+05:30</time><course>26.49358</course><roll>2.548887</roll><pitch>6.72728</pitch><mode /></trkpt><trkpt lat="23.3187786" lon="77.3549735"><ele>510.35</ele><time>2026-08-28T17:11:49+05:30</time><course>33.91447</course><roll>2.306152</roll><pitch>5.354689</pitch><mode /></trkpt><trkpt lat="23.3187791" lon="77.3549739"><ele>510.35</ele><time>2026-08-28T17:11:49+05:30</time><course>44.65286</course><roll>0.5915797</roll><pitch>4.585666</pitch><mode /></trkpt><trkpt lat="23.3187796" lon="77.3549745"><ele>510.32</ele><time>2026-08-28T17:11:49+05:30</time><course>59.05639</course><roll>-0.03241373</roll><pitch>5.994474</pitch><mode /></trkpt><trkpt lat="23.3187798" lon="77.3549758"><ele>510.26</ele><time>2026-08-28T17:11:49+05:30</time><course>75.78027</course><roll>0.7431211</roll><pitch>7.366896</pitch><mode /></trkpt><trkpt lat="23.318779" lon="77.3549775"><ele>510.25</ele><time>2026-08-28T17:11:49+05:30</time><course>95.53325</course><roll>0.6285005</roll><pitch>9.107707</pitch><mode /></trkpt><trkpt lat="23.3187775" lon="77.354979"><ele>510.14</ele><time>2026-08-28T17:11:50+05:30</time><course>120.247</course><roll>2.273506</roll><pitch>9.88068</pitch><mode /></trkpt><trkpt lat="23.3187756" lon="77.3549802"><ele>510.05</ele><time>2026-08-28T17:11:50+05:30</time><course>142.8154</course><roll>7.283409</roll><pitch>8.385155</pitch><mode /></trkpt><trkpt lat="23.3187738" lon="77.3549816"><ele>510.05</ele><time>2026-08-28T17:11:50+05:30</time><course>155.5785</course><roll>13.18079</roll><pitch>6.252272</pitch><mode /></trkpt><trkpt lat="23.3187727" lon="77.3549827"><ele>510.04</ele><time>2026-08-28T17:11:50+05:30</time><course>162.0121</course><roll>20.79612</roll><pitch>5.96215</pitch><mode /></trkpt><trkpt lat="23.3187722" lon="77.3549836"><ele>510.07</ele><time>2026-08-28T17:11:50+05:30</time><course>163.2427</course><roll>25.69948</roll><pitch>5.208161</pitch><mode /></trkpt><trkpt lat="23.3187727" lon="77.3549845"><ele>510.01</ele><time>2026-08-28T17:11:51+05:30</time><course>157.8985</course><roll>24.67121</roll><pitch>6.330736</pitch><mode /></trkpt><trkpt lat="23.3187742" lon="77.354985"><ele>509.92</ele><time>2026-08-28T17:11:51+05:30</time><course>145.2195</course><roll>24.52396</roll><pitch>4.909611</pitch><mode /></trkpt><trkpt lat="23.3187758" lon="77.3549846"><ele>509.8</ele><time>2026-08-28T17:11:51+05:30</time><course>129.8066</course><roll>24.77023</roll><pitch>3.165219</pitch><mode /></trkpt><trkpt lat="23.3187778" lon="77.3549839"><ele>509.82</ele><time>2026-08-28T17:11:51+05:30</time><course>116.9523</course><roll>24.66739</roll><pitch>2.837137</pitch><mode /></trkpt><trkpt lat="23.3187798" lon="77.3549824"><ele>509.83</ele><time>2026-08-28T17:11:51+05:30</time><course>103.661</course><roll>25.3525</roll><pitch>0.6735498</pitch><mode /></trkpt><trkpt lat="23.3187812" lon="77.3549811"><ele>509.9</ele><time>2026-08-28T17:11:52+05:30</time><course>90.16394</course><roll>22.8816</roll><pitch>1.951558</pitch><mode /></trkpt><trkpt lat="23.3187825" lon="77.3549798"><ele>509.86</ele><time>2026-08-28T17:11:52+05:30</time><course>81.23334</course><roll>20.04778</roll><pitch>2.308641</pitch><mode /></trkpt><trkpt lat="23.3187845" lon="77.3549787"><ele>509.77</ele><time>2026-08-28T17:11:52+05:30</time><course>75.7393</course><roll>16.4836</roll><pitch>2.56342</pitch><mode /></trkpt><trkpt lat="23.3187863" lon="77.3549774"><ele>509.78</ele><time>2026-08-28T17:11:52+05:30</time><course>64.83826</course><roll>16.92832</roll><pitch>-1.764502</pitch><mode /></trkpt><trkpt lat="23.3187878" lon="77.354976"><ele>509.78</ele><time>2026-08-28T17:11:52+05:30</time><course>54.08878</course><roll>13.38448</roll><pitch>-2.301345</pitch><mode /></trkpt><trkpt lat="23.3187891" lon="77.3549745"><ele>509.7</ele><time>2026-08-28T17:11:53+05:30</time><course>46.43602</course><roll>8.607609</roll><pitch>-0.847489</pitch><mode /></trkpt><trkpt lat="23.31879" lon="77.3549727"><ele>509.66</ele><time>2026-08-28T17:11:53+05:30</time><course>40.731</course><roll>7.077905</roll><pitch>2.874545</pitch><mode /></trkpt><trkpt lat="23.3187909" lon="77.3549714"><ele>509.65</ele><time>2026-08-28T17:11:53+05:30</time><course>29.36166</course><roll>5.339964</roll><pitch>3.118825</pitch><mode /></trkpt><trkpt lat="23.3187911" lon="77.3549703"><ele>509.65</ele><time>2026-08-28T17:11:53+05:30</time><course>16.43972</course><roll>5.344906</roll><pitch>2.636753</pitch><mode /></trkpt><trkpt lat="23.3187912" lon="77.3549696"><ele>509.74</ele><time>2026-08-28T17:11:53+05:30</time><course>4.181797</course><roll>5.968043</roll><pitch>3.370355</pitch><mode /></trkpt><trkpt lat="23.3187914" lon="77.354969"><ele>509.7</ele><time>2026-08-28T17:11:54+05:30</time><course>353.8811</course><roll>7.242456</roll><pitch>3.770528</pitch><mode /></trkpt><trkpt lat="23.3187912" lon="77.3549684"><ele>509.66</ele><time>2026-08-28T17:11:54+05:30</time><course>346.8523</course><roll>6.902187</roll><pitch>3.136458</pitch><mode /></trkpt><trkpt lat="23.3187903" lon="77.3549679"><ele>509.67</ele><time>2026-08-28T17:11:54+05:30</time><course>348.0239</course><roll>4.36438</roll><pitch>5.012455</pitch><mode /></trkpt><trkpt lat="23.3187897" lon="77.3549675"><ele>509.63</ele><time>2026-08-28T17:11:54+05:30</time><course>2.005146</course><roll>-2.212984</roll><pitch>3.466802</pitch><mode /></trkpt><trkpt lat="23.3187893" lon="77.3549686"><ele>509.87</ele><time>2026-08-28T17:11:54+05:30</time><course>20.86337</course><roll>-15.50931</roll><pitch>6.28078</pitch><mode /></trkpt><trkpt lat="23.3187888" lon="77.3549692"><ele>509.72</ele><time>2026-08-28T17:11:55+05:30</time><course>30.60029</course><roll>-19.6708</roll><pitch>5.384398</pitch><mode /></trkpt><trkpt lat="23.318788" lon="77.3549688"><ele>509.62</ele><time>2026-08-28T17:11:55+05:30</time><course>20.66448</course><roll>-13.01644</roll><pitch>5.826596</pitch><mode /></trkpt><trkpt lat="23.3187865" lon="77.3549681"><ele>509.62</ele><time>2026-08-28T17:11:55+05:30</time><course>11.65002</course><roll>-1.48634</roll><pitch>7.38028</pitch><mode /></trkpt><trkpt lat="23.3187854" lon="77.3549672"><ele>509.57</ele><time>2026-08-28T17:11:55+05:30</time><course>6.774044</course><roll>7.823639</roll><pitch>6.211546</pitch><mode /></trkpt><trkpt lat="23.3187852" lon="77.354967"><ele>509.58</ele><time>2026-08-28T17:11:55+05:30</time><course>7.704041</course><roll>8.680472</roll><pitch>5.983749</pitch><mode /></trkpt><trkpt lat="23.318785" lon="77.3549668"><ele>509.57</ele><time>2026-08-28T17:11:56+05:30</time><course>10.90348</course><roll>3.267697</roll><pitch>6.780315</pitch><mode /></trkpt><trkpt lat="23.3187846" lon="77.3549666"><ele>509.61</ele><time>2026-08-28T17:11:56+05:30</time><course>13.35711</course><roll>-2.34982</roll><pitch>14.51837</pitch><mode /></trkpt><trkpt lat="23.3187838" lon="77.3549667"><ele>509.62</ele><time>2026-08-28T17:11:56+05:30</time><course>12.29076</course><roll>-7.639904</roll><pitch>22.75511</pitch><mode /></trkpt><trkpt lat="23.3187833" lon="77.3549665"><ele>509.6</ele><time>2026-08-28T17:11:56+05:30</time><course>7.989695</course><roll>-7.910295</roll><pitch>20.8439</pitch><mode /></trkpt><trkpt lat="23.3187831" lon="77.3549662"><ele>509.56</ele><time>2026-08-28T17:11:56+05:30</time><course>5.452014</course><roll>-4.035859</roll><pitch>9.232654</pitch><mode /></trkpt><trkpt lat="23.3187828" lon="77.3549659"><ele>509.58</ele><time>2026-08-28T17:11:57+05:30</time><course>2.656918</course><roll>0.9639264</roll><pitch>6.355305</pitch><mode /></trkpt><trkpt lat="23.3187823" lon="77.3549657"><ele>509.45</ele><time>2026-08-28T17:11:57+05:30</time><course>358.6178</course><roll>3.731915</roll><pitch>3.451088</pitch><mode /></trkpt><trkpt lat="23.3187824" lon="77.3549658"><ele>509.48</ele><time>2026-08-28T17:11:57+05:30</time><course>349.408</course><roll>6.175739</roll><pitch>1.110865</pitch><mode /></trkpt><trkpt lat="23.3187821" lon="77.3549656"><ele>509.49</ele><time>2026-08-28T17:11:58+05:30</time><course>341.2839</course><roll>6.593009</roll><pitch>2.315815</pitch><mode /></trkpt><trkpt lat="23.3187817" lon="77.3549653"><ele>509.56</ele><time>2026-08-28T17:11:58+05:30</time><course>339.7902</course><roll>5.981214</roll><pitch>-0.421312</pitch><mode /></trkpt><trkpt lat="23.3187816" lon="77.3549648"><ele>509.63</ele><time>2026-08-28T17:11:59+05:30</time><course>342.1669</course><roll>-5.585807</roll><pitch>-25.62172</pitch><mode /></trkpt><trkpt lat="23.3187819" lon="77.3549645"><ele>509.59</ele><time>2026-08-28T17:11:59+05:30</time><course>344.9091</course><roll>-8.101707</roll><pitch>-30.70166</pitch><mode /></trkpt><trkpt lat="23.3187824" lon="77.3549641"><ele>509.62</ele><time>2026-08-28T17:12:00+05:30</time><course>344.9023</course><roll>2.977277</roll><pitch>19.11815</pitch><mode /></trkpt><trkpt lat="23.3187825" lon="77.3549639"><ele>509.61</ele><time>2026-08-28T17:12:00+05:30</time><course>344.9502</course><roll>5.270882</roll><pitch>11.72308</pitch><mode /></trkpt><trkpt lat="23.318783" lon="77.3549637"><ele>509.47</ele><time>2026-08-28T17:12:00+05:30</time><course>339.8481</course><roll>-2.233056</roll><pitch>42.38418</pitch><mode /></trkpt><trkpt lat="23.3187832" lon="77.3549635"><ele>509.47</ele><time>2026-08-28T17:12:01+05:30</time><course>335.8936</course><roll>-8.469473</roll><pitch>42.55341</pitch><mode /></trkpt><trkpt lat="23.3187835" lon="77.3549634"><ele>509.48</ele><time>2026-08-28T17:12:01+05:30</time><course>336.9768</course><roll>-7.073612</roll><pitch>29.24338</pitch><mode /></trkpt><trkpt lat="23.3187838" lon="77.3549632"><ele>509.43</ele><time>2026-08-28T17:12:02+05:30</time><course>341.4171</course><roll>-5.83761</roll><pitch>21.72512</pitch><mode /></trkpt><trkpt lat="23.3187842" lon="77.3549631"><ele>509.34</ele><time>2026-08-28T17:12:02+05:30</time><course>342.2714</course><roll>2.44064</roll><pitch>-12.2752</pitch><mode /></trkpt><trkpt lat="23.3187848" lon="77.3549628"><ele>509.32</ele><time>2026-08-28T17:12:02+05:30</time><course>346.7864</course><roll>0.7810634</roll><pitch>21.79106</pitch><mode /></trkpt><trkpt lat="23.3187856" lon="77.3549625"><ele>509.27</ele><time>2026-08-28T17:12:02+05:30</time><course>348.938</course><roll>-8.813866</roll><pitch>24.97258</pitch><mode /></trkpt><trkpt lat="23.3187857" lon="77.3549626"><ele>509.24</ele><time>2026-08-28T17:12:03+05:30</time><course>345.1208</course><roll>-30.97768</roll><pitch>20.1662</pitch><mode /></trkpt><trkpt lat="23.3187859" lon="77.354963"><ele>509.3</ele><time>2026-08-28T17:12:03+05:30</time><course>344.1651</course><roll>-54.35138</roll><pitch>16.94888</pitch><mode /></trkpt><trkpt lat="23.3187867" lon="77.3549628"><ele>509.08</ele><time>2026-08-28T17:12:03+05:30</time><course>6.26222</course><roll>-25.10958</roll><pitch>6.542222</pitch><mode /></trkpt><trkpt lat="23.3187872" lon="77.3549624"><ele>508.99</ele><time>2026-08-28T17:12:03+05:30</time><course>12.20923</course><roll>-14.252</roll><pitch>-14.69694</pitch><mode /></trkpt><trkpt lat="23.3187877" lon="77.3549625"><ele>508.95</ele><time>2026-08-28T17:12:04+05:30</time><course>8.76708</course><roll>-6.915843</roll><pitch>-44.38814</pitch><mode /></trkpt><trkpt lat="23.3187882" lon="77.3549632"><ele>509.03</ele><time>2026-08-28T17:12:04+05:30</time><course>332.4358</course><roll>27.17179</roll><pitch>-59.42131</pitch><mode /></trkpt><trkpt lat="23.3187886" lon="77.3549639"><ele>508.99</ele><time>2026-08-28T17:12:04+05:30</time><course>303.7682</course><roll>55.08598</roll><pitch>-52.22523</pitch><mode /></trkpt><trkpt lat="23.3187884" lon="77.3549642"><ele>508.88</ele><time>2026-08-28T17:12:04+05:30</time><course>298.4419</course><roll>54.14323</roll><pitch>-47.24401</pitch><mode /></trkpt><trkpt lat="23.318788" lon="77.3549643"><ele>508.82</ele><time>2026-08-28T17:12:04+05:30</time><course>292.3736</course><roll>48.5041</roll><pitch>-46.88623</pitch><mode /></trkpt><trkpt lat="23.3187875" lon="77.3549645"><ele>508.85</ele><time>2026-08-28T17:12:05+05:30</time><course>271.5468</course><roll>58.48867</roll><pitch>-47.80746</pitch><mode /></trkpt><trkpt lat="23.3187869" lon="77.3549647"><ele>508.86</ele><time>2026-08-28T17:12:05+05:30</time><course>251.3001</course><roll>70.70191</roll><pitch>-49.90348</pitch><mode /></trkpt><trkpt lat="23.3187861" lon="77.3549648"><ele>508.99</ele><time>2026-08-28T17:12:05+05:30</time><course>260.9065</course><roll>60.92177</roll><pitch>-52.71985</pitch><mode /></trkpt><trkpt lat="23.3187823" lon="77.3549633"><ele>509.18</ele><time>2026-08-28T17:12:05+05:30</time><course>335.9081</course><roll>-33.72674</roll><pitch>-67.62272</pitch><mode /></trkpt><trkpt lat="23.3187808" lon="77.3549623"><ele>509.11</ele><time>2026-08-28T17:12:06+05:30</time><course>23.6567</course><roll>-88.77343</roll><pitch>-55.78738</pitch><mode /></trkpt><trkpt lat="23.3187805" lon="77.3549626"><ele>509.04</ele><time>2026-08-28T17:12:06+05:30</time><course>9.688464</course><roll>-89.35378</roll><pitch>-70.00329</pitch><mode /></trkpt><trkpt lat="23.3187803" lon="77.3549629"><ele>509</ele><time>2026-08-28T17:12:06+05:30</time><course>217.1541</course><roll>59.31004</roll><pitch>-66.86245</pitch><mode /></trkpt><trkpt lat="23.3187806" lon="77.3549626"><ele>508.92</ele><time>2026-08-28T17:12:06+05:30</time><course>217.906</course><roll>67.29937</roll><pitch>-47.86469</pitch><mode /></trkpt><trkpt lat="23.3187807" lon="77.3549627"><ele>509</ele><time>2026-08-28T17:12:06+05:30</time><course>235.8268</course><roll>65.48314</roll><pitch>-53.22394</pitch><mode /></trkpt><trkpt lat="23.3187804" lon="77.3549629"><ele>509.02</ele><time>2026-08-28T17:12:07+05:30</time><course>248.4911</course><roll>64.75069</roll><pitch>-57.84689</pitch><mode /></trkpt><trkpt lat="23.3187803" lon="77.3549634"><ele>509.06</ele><time>2026-08-28T17:12:07+05:30</time><course>256.3651</course><roll>63.14006</roll><pitch>-54.31265</pitch><mode /></trkpt><trkpt lat="23.3187807" lon="77.3549643"><ele>509.08</ele><time>2026-08-28T17:12:07+05:30</time><course>265.7559</course><roll>62.98967</roll><pitch>-46.85614</pitch><mode /></trkpt><trkpt lat="23.3187811" lon="77.3549654"><ele>509.1</ele><time>2026-08-28T17:12:07+05:30</time><course>274.316</course><roll>64.82552</roll><pitch>-40.95549</pitch><mode /></trkpt><trkpt lat="23.3187815" lon="77.3549656"><ele>509.15</ele><time>2026-08-28T17:12:07+05:30</time><course>277.3891</course><roll>71.45697</roll><pitch>-37.93908</pitch><mode /></trkpt><trkpt lat="23.3187816" lon="77.3549657"><ele>509.22</ele><time>2026-08-28T17:12:08+05:30</time><course>277.8498</course><roll>77.59508</roll><pitch>-39.72116</pitch><mode /></trkpt><trkpt lat="23.3187815" lon="77.3549656"><ele>509.26</ele><time>2026-08-28T17:12:08+05:30</time><course>281.4411</course><roll>76.91695</roll><pitch>-43.30993</pitch><mode /></trkpt><trkpt lat="23.3187809" lon="77.3549651"><ele>509.26</ele><time>2026-08-28T17:12:08+05:30</time><course>279.5244</course><roll>70.61417</roll><pitch>-45.60852</pitch><mode /></trkpt><trkpt lat="23.31878" lon="77.3549645"><ele>509.17</ele><time>2026-08-28T17:12:08+05:30</time><course>276.9987</course><roll>61.74499</roll><pitch>-46.03443</pitch><mode /></trkpt><trkpt lat="23.3187796" lon="77.3549642"><ele>509.12</ele><time>2026-08-28T17:12:08+05:30</time><course>276.1824</course><roll>57.32612</roll><pitch>-44.04595</pitch><mode /></trkpt><trkpt lat="23.3187798" lon="77.3549647"><ele>509.07</ele><time>2026-08-28T17:12:09+05:30</time><course>273.3242</course><roll>61.36068</roll><pitch>-40.21936</pitch><mode /></trkpt><trkpt lat="23.3187807" lon="77.3549648"><ele>509.07</ele><time>2026-08-28T17:12:09+05:30</time><course>271.935</course><roll>68.26045</roll><pitch>-36.7943</pitch><mode /></trkpt><trkpt lat="23.3187812" lon="77.3549646"><ele>509.04</ele><time>2026-08-28T17:12:09+05:30</time><course>273.8524</course><roll>71.81342</roll><pitch>-35.52119</pitch><mode /></trkpt><trkpt lat="23.3187814" lon="77.3549643"><ele>509.06</ele><time>2026-08-28T17:12:09+05:30</time><course>274.7734</course><roll>71.45411</roll><pitch>-35.43905</pitch><mode /></trkpt><trkpt lat="23.3187815" lon="77.3549635"><ele>509.02</ele><time>2026-08-28T17:12:09+05:30</time><course>273.8483</course><roll>67.76313</roll><pitch>-36.77822</pitch><mode /></trkpt><trkpt lat="23.3187817" lon="77.3549636"><ele>508.96</ele><time>2026-08-28T17:12:10+05:30</time><course>276.4312</course><roll>66.79551</roll><pitch>-34.38239</pitch><mode /></trkpt><trkpt lat="23.318782" lon="77.3549637"><ele>508.87</ele><time>2026-08-28T17:12:10+05:30</time><course>272.2954</course><roll>69.14503</roll><pitch>-31.75285</pitch><mode /></trkpt><trkpt lat="23.3187821" lon="77.3549638"><ele>508.86</ele><time>2026-08-28T17:12:10+05:30</time><course>272.3661</course><roll>68.64131</roll><pitch>-31.37155</pitch><mode /></trkpt><trkpt lat="23.3187823" lon="77.3549637"><ele>508.82</ele><time>2026-08-28T17:12:11+05:30</time><course>276.4951</course><roll>64.48106</roll><pitch>-33.65644</pitch><mode /></trkpt><trkpt lat="23.3187827" lon="77.3549638"><ele>508.74</ele><time>2026-08-28T17:12:11+05:30</time><course>277.4314</course><roll>65.17294</roll><pitch>-33.49783</pitch><mode /></trkpt><trkpt lat="23.3187831" lon="77.3549637"><ele>508.63</ele><time>2026-08-28T17:12:11+05:30</time><course>279.3327</course><roll>66.25844</roll><pitch>-33.05794</pitch><mode /></trkpt><trkpt lat="23.3187833" lon="77.3549639"><ele>508.66</ele><time>2026-08-28T17:12:11+05:30</time><course>279.4066</course><roll>68.10943</roll><pitch>-33.56793</pitch><mode /></trkpt><trkpt lat="23.3187831" lon="77.3549639"><ele>508.72</ele><time>2026-08-28T17:12:12+05:30</time><course>273.8856</course><roll>71.09829</roll><pitch>-36.10205</pitch><mode /></trkpt><trkpt lat="23.3187823" lon="77.3549641"><ele>508.78</ele><time>2026-08-28T17:12:12+05:30</time><course>261.9974</course><roll>76.95047</roll><pitch>-28.29791</pitch><mode /></trkpt><trkpt lat="23.3187811" lon="77.3549633"><ele>508.7</ele><time>2026-08-28T17:12:13+05:30</time><course>243.03</course><roll>81.52836</roll><pitch>-19.92305</pitch><mode /></trkpt><trkpt lat="23.3187808" lon="77.3549626"><ele>508.69</ele><time>2026-08-28T17:12:13+05:30</time><course>235.4127</course><roll>83.85275</roll><pitch>-18.57176</pitch><mode /></trkpt><trkpt lat="23.3187801" lon="77.3549622"><ele>508.83</ele><time>2026-08-28T17:12:13+05:30</time><course>239.8331</course><roll>94.21818</roll><pitch>-23.17602</pitch><mode /></trkpt><trkpt lat="23.3187793" lon="77.3549624"><ele>508.89</ele><time>2026-08-28T17:12:14+05:30</time><course>237.1574</course><roll>90.94349</roll><pitch>-28.6863</pitch><mode /></trkpt><trkpt lat="23.3187792" lon="77.3549625"><ele>508.75</ele><time>2026-08-28T17:12:14+05:30</time><course>236.8657</course><roll>89.27011</roll><pitch>-27.79999</pitch><mode /></trkpt><trkpt lat="23.3187789" lon="77.3549629"><ele>508.76</ele><time>2026-08-28T17:12:14+05:30</time><course>239.5306</course><roll>87.95261</roll><pitch>-21.27134</pitch><mode /></trkpt><trkpt lat="23.3187785" lon="77.3549612"><ele>508.73</ele><time>2026-08-28T17:12:14+05:30</time><course>232.6483</course><roll>90.95627</roll><pitch>-16.47165</pitch><mode /></trkpt><trkpt lat="23.3187781" lon="77.354961"><ele>508.76</ele><time>2026-08-28T17:12:15+05:30</time><course>236.4884</course><roll>95.80296</roll><pitch>-19.25782</pitch><mode /></trkpt><trkpt lat="23.3187779" lon="77.3549608"><ele>508.75</ele><time>2026-08-28T17:12:15+05:30</time><course>239.47</course><roll>94.62431</roll><pitch>-19.05497</pitch><mode /></trkpt><trkpt lat="23.3187775" lon="77.3549607"><ele>508.75</ele><time>2026-08-28T17:12:15+05:30</time><course>240.0849</course><roll>93.13882</roll><pitch>-18.51801</pitch><mode /></trkpt><trkpt lat="23.3187781" lon="77.3549607"><ele>508.69</ele><time>2026-08-28T17:12:16+05:30</time><course>238.5783</course><roll>91.96698</roll><pitch>-16.78018</pitch><mode /></trkpt><trkpt lat="23.3187783" lon="77.3549605"><ele>508.58</ele><time>2026-08-28T17:12:16+05:30</time><course>238.8205</course><roll>91.31229</roll><pitch>-18.05404</pitch><mode /></trkpt><trkpt lat="23.3187784" lon="77.3549606"><ele>508.43</ele><time>2026-08-28T17:12:16+05:30</time><course>238.4756</course><roll>89.73811</roll><pitch>-17.6607</pitch><mode /></trkpt><trkpt lat="23.3187786" lon="77.3549608"><ele>508.44</ele><time>2026-08-28T17:12:17+05:30</time><course>238.4004</course><roll>88.51752</roll><pitch>-19.12479</pitch><mode /></trkpt><trkpt lat="23.3187785" lon="77.3549605"><ele>508.26</ele><time>2026-08-28T17:12:17+05:30</time><course>236.8315</course><roll>87.64183</roll><pitch>-21.81165</pitch><mode /></trkpt><trkpt lat="23.3187787" lon="77.3549612"><ele>508.28</ele><time>2026-08-28T17:12:17+05:30</time><course>235.4698</course><roll>87.37297</roll><pitch>-21.7748</pitch><mode /></trkpt><trkpt lat="23.3187789" lon="77.3549619"><ele>508.25</ele><time>2026-08-28T17:12:17+05:30</time><course>236.9801</course><roll>87.394</roll><pitch>-22.02049</pitch><mode /></trkpt><trkpt lat="23.3187791" lon="77.3549621"><ele>508.27</ele><time>2026-08-28T17:12:18+05:30</time><course>257.8337</course><roll>75.53266</roll><pitch>-25.13327</pitch><mode /></trkpt><trkpt lat="23.3187793" lon="77.3549622"><ele>508.31</ele><time>2026-08-28T17:12:18+05:30</time><course>275.5432</course><roll>60.88166</roll><pitch>-27.73767</pitch><mode /></trkpt><trkpt lat="23.3187797" lon="77.3549623"><ele>508.28</ele><time>2026-08-28T17:12:18+05:30</time><course>284.3744</course><roll>56.12352</roll><pitch>-30.8327</pitch><mode /></trkpt><trkpt lat="23.3187806" lon="77.354962"><ele>508.16</ele><time>2026-08-28T17:12:18+05:30</time><course>288.9837</course><roll>52.46754</roll><pitch>-32.03953</pitch><mode /></trkpt><trkpt lat="23.3187815" lon="77.3549617"><ele>508.11</ele><time>2026-08-28T17:12:18+05:30</time><course>290.7489</course><roll>41.01026</roll><pitch>-30.2738</pitch><mode /></trkpt><trkpt lat="23.3187819" lon="77.3549607"><ele>507.92</ele><time>2026-08-28T17:12:19+05:30</time><course>288.6458</course><roll>12.90353</roll><pitch>-39.67574</pitch><mode /></trkpt><trkpt lat="23.3187814" lon="77.3549608"><ele>507.61</ele><time>2026-08-28T17:12:19+05:30</time><course>288.6707</course><roll>-2.166027</roll><pitch>-39.15396</pitch><mode /></trkpt><trkpt lat="23.318781" lon="77.3549617"><ele>507.56</ele><time>2026-08-28T17:12:19+05:30</time><course>277.428</course><roll>-8.424149</roll><pitch>-42.48701</pitch><mode /></trkpt><trkpt lat="23.3187806" lon="77.3549632"><ele>507.65</ele><time>2026-08-28T17:12:19+05:30</time><course>262.4542</course><roll>-13.38038</roll><pitch>-48.32043</pitch><mode /></trkpt><trkpt lat="23.3187788" lon="77.3549668"><ele>507.73</ele><time>2026-08-28T17:12:20+05:30</time><course>224.576</course><roll>-19.18318</roll><pitch>-47.0787</pitch><mode /></trkpt><trkpt lat="23.3187791" lon="77.3549685"><ele>507.77</ele><time>2026-08-28T17:12:20+05:30</time><course>222.0682</course><roll>-33.87936</roll><pitch>-38.42207</pitch><mode /></trkpt><trkpt lat="23.3187795" lon="77.3549702"><ele>507.85</ele><time>2026-08-28T17:12:20+05:30</time><course>213.0398</course><roll>-37.31561</roll><pitch>-24.49268</pitch><mode /></trkpt><trkpt lat="23.3187797" lon="77.3549725"><ele>508.08</ele><time>2026-08-28T17:12:20+05:30</time><course>207.2903</course><roll>-40.40007</roll><pitch>-21.41757</pitch><mode /></trkpt><trkpt lat="23.31878" lon="77.3549741"><ele>508.49</ele><time>2026-08-28T17:12:21+05:30</time><course>218.6985</course><roll>-63.23487</roll><pitch>-20.58088</pitch><mode /></trkpt><trkpt lat="23.3187805" lon="77.3549742"><ele>508.6</ele><time>2026-08-28T17:12:21+05:30</time><course>215.4961</course><roll>-80.8709</roll><pitch>-5.992822</pitch><mode /></trkpt><trkpt lat="23.3187811" lon="77.3549748"><ele>508.6</ele><time>2026-08-28T17:12:21+05:30</time><course>210.9272</course><roll>-78.12084</roll><pitch>-2.305106</pitch><mode /></trkpt><trkpt lat="23.3187818" lon="77.3549754"><ele>508.53</ele><time>2026-08-28T17:12:21+05:30</time><course>208.3775</course><roll>-62.76807</roll><pitch>-10.11417</pitch><mode /></trkpt><trkpt lat="23.3187824" lon="77.3549757"><ele>508.39</ele><time>2026-08-28T17:12:21+05:30</time><course>193.7661</course><roll>-29.57796</roll><pitch>-21.29114</pitch><mode /></trkpt><trkpt lat="23.318784" lon="77.3549764"><ele>508.39</ele><time>2026-08-28T17:12:22+05:30</time><course>170.6039</course><roll>4.368378</roll><pitch>-28.65817</pitch><mode /></trkpt><trkpt lat="23.3187858" lon="77.3549763"><ele>508.24</ele><time>2026-08-28T17:12:22+05:30</time><course>139.2662</course><roll>28.53955</roll><pitch>-26.99096</pitch><mode /></trkpt><trkpt lat="23.3187877" lon="77.3549748"><ele>508.2</ele><time>2026-08-28T17:12:22+05:30</time><course>108.4277</course><roll>36.22039</roll><pitch>-26.17801</pitch><mode /></trkpt><trkpt lat="23.3187893" lon="77.3549735"><ele>508.71</ele><time>2026-08-28T17:12:22+05:30</time><course>59.62029</course><roll>38.52096</roll><pitch>-37.80504</pitch><mode /></trkpt><trkpt lat="23.3187899" lon="77.3549718"><ele>508.59</ele><time>2026-08-28T17:12:22+05:30</time><course>13.71346</course><roll>48.59821</roll><pitch>-42.02891</pitch><mode /></trkpt><trkpt lat="23.3187898" lon="77.3549711"><ele>508.56</ele><time>2026-08-28T17:12:23+05:30</time><course>9.968989</course><roll>36.31926</roll><pitch>-32.13447</pitch><mode /></trkpt><trkpt lat="23.3187888" lon="77.3549708"><ele>508.63</ele><time>2026-08-28T17:12:23+05:30</time><course>5.075333</course><roll>22.22203</roll><pitch>-20.62911</pitch><mode /></trkpt><trkpt lat="23.318787" lon="77.3549695"><ele>508.52</ele><time>2026-08-28T17:12:23+05:30</time><course>358.1817</course><roll>8.897345</roll><pitch>-15.12738</pitch><mode /></trkpt><trkpt lat="23.3187856" lon="77.3549689"><ele>508.49</ele><time>2026-08-28T17:12:23+05:30</time><course>354.778</course><roll>-1.163759</roll><pitch>-4.92462</pitch><mode /></trkpt><trkpt lat="23.3187853" lon="77.3549691"><ele>508.5</ele><time>2026-08-28T17:12:23+05:30</time><course>350.577</course><roll>-5.226367</roll><pitch>1.53345</pitch><mode /></trkpt><trkpt lat="23.3187844" lon="77.3549689"><ele>508.35</ele><time>2026-08-28T17:12:24+05:30</time><course>348.4584</course><roll>-7.682615</roll><pitch>14.75843</pitch><mode /></trkpt><trkpt lat="23.3187826" lon="77.3549687"><ele>508.33</ele><time>2026-08-28T17:12:24+05:30</time><course>350.8828</course><roll>-9.057845</roll><pitch>-35.28467</pitch><mode /></trkpt><trkpt lat="23.3187823" lon="77.3549689"><ele>508.35</ele><time>2026-08-28T17:12:24+05:30</time><course>345.7797</course><roll>-5.24446</roll><pitch>7.746664</pitch><mode /></trkpt><trkpt lat="23.3187827" lon="77.354969"><ele>508.45</ele><time>2026-08-28T17:12:24+05:30</time><course>352.4926</course><roll>-7.102408</roll><pitch>-10.00358</pitch><mode /></trkpt><trkpt lat="23.3187824" lon="77.3549684"><ele>508.43</ele><time>2026-08-28T17:12:24+05:30</time><course>350.0973</course><roll>0.4636014</roll><pitch>-18.55346</pitch><mode /></trkpt><trkpt lat="23.3187825" lon="77.3549677"><ele>508.38</ele><time>2026-08-28T17:12:25+05:30</time><course>346.7838</course><roll>1.884069</roll><pitch>-13.27034</pitch><mode /></trkpt><trkpt lat="23.3187825" lon="77.3549676"><ele>508.62</ele><time>2026-08-28T17:12:25+05:30</time><course>348.1821</course><roll>-0.4044345</roll><pitch>-6.248407</pitch><mode /></trkpt><trkpt lat="23.318782" lon="77.3549677"><ele>508.68</ele><time>2026-08-28T17:12:25+05:30</time><course>346.9172</course><roll>-0.3681124</roll><pitch>-8.957177</pitch><mode /></trkpt><trkpt lat="23.3187815" lon="77.354968"><ele>509.2</ele><time>2026-08-28T17:12:26+05:30</time><course>321.713</course><roll>4.126852</roll><pitch>0.7734013</pitch><mode /></trkpt><trkpt lat="23.318796" lon="77.3549579"><ele>509.59</ele><time>2026-08-28T17:12:27+05:30</time><course>322.5382</course><roll>4.888006</roll><pitch>-38.13755</pitch><mode /></trkpt><trkpt lat="23.3188047" lon="77.3549539"><ele>509.8</ele><time>2026-08-28T17:12:27+05:30</time><course>318.5324</course><roll>14.2078</roll><pitch>-17.9913</pitch><mode /></trkpt><trkpt lat="23.3188132" lon="77.3549484"><ele>510.1</ele><time>2026-08-28T17:12:27+05:30</time><course>296.1592</course><roll>30.99113</roll><pitch>-35.2517</pitch><mode /></trkpt><trkpt lat="23.3188193" lon="77.3549419"><ele>510.53</ele><time>2026-08-28T17:12:27+05:30</time><course>289.6732</course><roll>50.89716</roll><pitch>-12.01814</pitch><mode /></trkpt><trkpt lat="23.3188241" lon="77.3549337"><ele>510.59</ele><time>2026-08-28T17:12:27+05:30</time><course>246.6501</course><roll>64.589</roll><pitch>-8.130157</pitch><mode /></trkpt><trkpt lat="23.3188271" lon="77.3549253"><ele>510.49</ele><time>2026-08-28T17:12:28+05:30</time><course>233.5373</course><roll>70.5103</roll><pitch>16.92532</pitch><mode /></trkpt><trkpt lat="23.3188283" lon="77.3549184"><ele>510.47</ele><time>2026-08-28T17:12:28+05:30</time><course>218.3084</course><roll>57.53687</roll><pitch>38.03697</pitch><mode /></trkpt><trkpt lat="23.3188303" lon="77.3549122"><ele>510.14</ele><time>2026-08-28T17:12:28+05:30</time><course>192.8117</course><roll>26.1157</roll><pitch>45.52925</pitch><mode /></trkpt><trkpt lat="23.3188318" lon="77.3549068"><ele>509.66</ele><time>2026-08-28T17:12:28+05:30</time><course>157.6355</course><roll>-3.691164</roll><pitch>43.21859</pitch><mode /></trkpt><trkpt lat="23.318831" lon="77.3549035"><ele>509.63</ele><time>2026-08-28T17:12:28+05:30</time><course>155.6057</course><roll>-2.033427</roll><pitch>33.19933</pitch><mode /></trkpt><trkpt lat="23.3188298" lon="77.3549021"><ele>509.89</ele><time>2026-08-28T17:12:29+05:30</time><course>156.0287</course><roll>-1.472739</roll><pitch>33.57865</pitch><mode /></trkpt><trkpt lat="23.3188297" lon="77.3549017"><ele>509.87</ele><time>2026-08-28T17:12:29+05:30</time><course>156.0609</course><roll>-1.477906</roll><pitch>33.51578</pitch><mode /></trkpt><trkpt lat="23.3188296" lon="77.3549021"><ele>509.73</ele><time>2026-08-28T17:12:29+05:30</time><course>156.0214</course><roll>-1.463868</roll><pitch>33.47015</pitch><mode /></trkpt><trkpt lat="23.3188295" lon="77.3549025"><ele>509.7</ele><time>2026-08-28T17:12:29+05:30</time><course>155.951</course><roll>-1.444184</roll><pitch>33.45533</pitch><mode /></trkpt><trkpt lat="23.3188294" lon="77.354903"><ele>509.41</ele><time>2026-08-28T17:12:30+05:30</time><course>155.8045</course><roll>-1.394448</roll><pitch>33.38063</pitch><mode /></trkpt><trkpt lat="23.3188293" lon="77.3549034"><ele>509.36</ele><time>2026-08-28T17:12:30+05:30</time><course>155.7294</course><roll>-1.372803</roll><pitch>33.34629</pitch><mode /></trkpt><trkpt lat="23.3188292" lon="77.3549038"><ele>509.25</ele><time>2026-08-28T17:12:30+05:30</time><course>155.6612</course><roll>-1.349687</roll><pitch>33.30828</pitch><mode /></trkpt><trkpt lat="23.318829" lon="77.3549041"><ele>509.01</ele><time>2026-08-28T17:12:30+05:30</time><course>155.5392</course><roll>-1.315077</roll><pitch>33.22636</pitch><mode /></trkpt><trkpt lat="23.3188287" lon="77.3549043"><ele>508.8</ele><time>2026-08-28T17:12:31+05:30</time><course>155.4761</course><roll>-1.306472</roll><pitch>33.18665</pitch><mode /></trkpt><trkpt lat="23.3188285" lon="77.3549046"><ele>508.63</ele><time>2026-08-28T17:12:31+05:30</time><course>155.4188</course><roll>-1.302318</roll><pitch>33.14728</pitch><mode /></trkpt><trkpt lat="23.3188281" lon="77.3549049"><ele>508.42</ele><time>2026-08-28T17:12:31+05:30</time><course>155.3661</course><roll>-1.308573</roll><pitch>33.10234</pitch><mode /></trkpt><trkpt lat="23.3188278" lon="77.3549051"><ele>508.13</ele><time>2026-08-28T17:12:31+05:30</time><course>155.3191</course><roll>-1.316686</roll><pitch>33.07352</pitch><mode /></trkpt><trkpt lat="23.3188276" lon="77.3549054"><ele>507.76</ele><time>2026-08-28T17:12:31+05:30</time><course>155.2787</course><roll>-1.322761</roll><pitch>33.04226</pitch><mode /></trkpt><trkpt lat="23.3188275" lon="77.3549057"><ele>507.49</ele><time>2026-08-28T17:12:32+05:30</time><course>155.2407</course><roll>-1.329898</roll><pitch>33.0131</pitch><mode /></trkpt><trkpt lat="23.3188274" lon="77.3549062"><ele>507.33</ele><time>2026-08-28T17:12:32+05:30</time><course>155.2063</course><roll>-1.339963</roll><pitch>32.98873</pitch><mode /></trkpt><trkpt lat="23.3188268" lon="77.3549066"><ele>506.67</ele><time>2026-08-28T17:12:33+05:30</time><course>155.0497</course><roll>-1.466815</roll><pitch>32.91113</pitch><mode /></trkpt><trkpt lat="23.3188267" lon="77.3549074"><ele>506.38</ele><time>2026-08-28T17:12:33+05:30</time><course>154.9052</course><roll>-1.586867</roll><pitch>32.88346</pitch><mode /></trkpt><trkpt lat="23.3188266" lon="77.3549078"><ele>506.28</ele><time>2026-08-28T17:12:33+05:30</time><course>154.8476</course><roll>-1.635023</roll><pitch>32.8711</pitch><mode /></trkpt><trkpt lat="23.3188265" lon="77.3549081"><ele>506.17</ele><time>2026-08-28T17:12:34+05:30</time><course>154.7791</course><roll>-1.68404</roll><pitch>32.86506</pitch><mode /></trkpt><trkpt lat="23.3188265" lon="77.3549083"><ele>506.02</ele><time>2026-08-28T17:12:34+05:30</time><course>154.6421</course><roll>-1.785145</roll><pitch>32.85116</pitch><mode /></trkpt><trkpt lat="23.3188264" lon="77.3549087"><ele>505.99</ele><time>2026-08-28T17:12:34+05:30</time><course>154.475</course><roll>-1.905111</roll><pitch>32.84332</pitch><mode /></trkpt><trkpt lat="23.3188263" lon="77.3549088"><ele>505.87</ele><time>2026-08-28T17:12:35+05:30</time><course>154.3839</course><roll>-1.968385</roll><pitch>32.83833</pitch><mode /></trkpt><trkpt lat="23.3188261" lon="77.3549089"><ele>505.72</ele><time>2026-08-28T17:12:35+05:30</time><course>154.283</course><roll>-2.040736</roll><pitch>32.83279</pitch><mode /></trkpt><trkpt lat="23.318826" lon="77.3549092"><ele>505.69</ele><time>2026-08-28T17:12:35+05:30</time><course>154.2054</course><roll>-2.094233</roll><pitch>32.8352</pitch><mode /></trkpt><trkpt lat="23.3188258" lon="77.35491"><ele>505.6</ele><time>2026-08-28T17:12:35+05:30</time><course>154.1088</course><roll>-2.163351</roll><pitch>32.84249</pitch><mode /></trkpt><trkpt lat="23.3188256" lon="77.3549101"><ele>505.56</ele><time>2026-08-28T17:12:36+05:30</time><course>154.0436</course><roll>-2.213062</roll><pitch>32.85706</pitch><mode /></trkpt><trkpt lat="23.3188254" lon="77.3549103"><ele>505.49</ele><time>2026-08-28T17:12:36+05:30</time><course>153.919</course><roll>-2.303676</roll><pitch>32.85802</pitch><mode /></trkpt><trkpt lat="23.3188252" lon="77.3549102"><ele>505.46</ele><time>2026-08-28T17:12:36+05:30</time><course>153.8557</course><roll>-2.350378</roll><pitch>32.85927</pitch><mode /></trkpt><trkpt lat="23.3188251" lon="77.3549103"><ele>505.35</ele><time>2026-08-28T17:12:37+05:30</time><course>153.7381</course><roll>-2.434891</roll><pitch>32.85209</pitch><mode /></trkpt><trkpt lat="23.3188249" lon="77.3549105"><ele>505.3</ele><time>2026-08-28T17:12:37+05:30</time><course>153.6337</course><roll>-2.486614</roll><pitch>32.86964</pitch><mode /></trkpt><trkpt lat="23.3188248" lon="77.3549107"><ele>505.24</ele><time>2026-08-28T17:12:37+05:30</time><course>153.5264</course><roll>-2.498441</roll><pitch>32.86701</pitch><mode /></trkpt><trkpt lat="23.3188247" lon="77.354911"><ele>505.16</ele><time>2026-08-28T17:12:37+05:30</time><course>153.4858</course><roll>-2.491589</roll><pitch>32.89061</pitch><mode /></trkpt><trkpt lat="23.3188245" lon="77.3549116"><ele>505.17</ele><time>2026-08-28T17:12:37+05:30</time><course>153.4314</course><roll>-2.588648</roll><pitch>32.9169</pitch><mode /></trkpt><trkpt lat="23.3188244" lon="77.354912"><ele>505.13</ele><time>2026-08-28T17:12:38+05:30</time><course>152.7644</course><roll>-4.914078</roll><pitch>31.8434</pitch><mode /></trkpt><trkpt lat="23.3188242" lon="77.3549122"><ele>505.09</ele><time>2026-08-28T17:12:38+05:30</time><course>151.5226</course><roll>-8.110495</roll><pitch>31.20278</pitch><mode /></trkpt><trkpt lat="23.318824" lon="77.3549125"><ele>505.07</ele><time>2026-08-28T17:12:38+05:30</time><course>149.2701</course><roll>-10.70991</roll><pitch>31.89841</pitch><mode /></trkpt><trkpt lat="23.3188238" lon="77.3549129"><ele>505.03</ele><time>2026-08-28T17:12:38+05:30</time><course>150.0681</course><roll>-12.3169</roll><pitch>34.559</pitch><mode /></trkpt><trkpt lat="23.3188235" lon="77.3549131"><ele>504.97</ele><time>2026-08-28T17:12:38+05:30</time><course>146.0725</course><roll>-15.67492</roll><pitch>41.79884</pitch><mode /></trkpt><trkpt lat="23.3188232" lon="77.3549132"><ele>504.91</ele><time>2026-08-28T17:12:39+05:30</time><course>139.7129</course><roll>-23.55713</roll><pitch>46.79011</pitch><mode /></trkpt><trkpt lat="23.3188229" lon="77.3549136"><ele>504.85</ele><time>2026-08-28T17:12:39+05:30</time><course>133.5527</course><roll>-29.50759</roll><pitch>51.54976</pitch><mode /></trkpt><trkpt lat="23.3188225" lon="77.3549142"><ele>504.77</ele><time>2026-08-28T17:12:39+05:30</time><course>133.9095</course><roll>-31.63062</roll><pitch>50.29518</pitch><mode /></trkpt><trkpt lat="23.318823" lon="77.354915"><ele>504.73</ele><time>2026-08-28T17:12:39+05:30</time><course>136.5507</course><roll>-33.5486</roll><pitch>42.98382</pitch><mode /></trkpt><trkpt lat="23.3188224" lon="77.354916"><ele>504.95</ele><time>2026-08-28T17:12:40+05:30</time><course>155.8194</course><roll>-11.66484</roll><pitch>0.5482724</pitch><mode /></trkpt><trkpt lat="23.3188231" lon="77.3549186"><ele>505.43</ele><time>2026-08-28T17:12:40+05:30</time><course>158.2276</course><roll>-5.172464</roll><pitch>-20.20105</pitch><mode /></trkpt><trkpt lat="23.3188232" lon="77.3549201"><ele>505.37</ele><time>2026-08-28T17:12:40+05:30</time><course>151.6547</course><roll>-13.52536</roll><pitch>-20.66952</pitch><mode /></trkpt><trkpt lat="23.3188242" lon="77.3549215"><ele>505.2</ele><time>2026-08-28T17:12:41+05:30</time><course>143.8955</course><roll>-17.02511</roll><pitch>-20.82548</pitch><mode /></trkpt><trkpt lat="23.3188257" lon="77.354924"><ele>505.08</ele><time>2026-08-28T17:12:41+05:30</time><course>143.5141</course><roll>-23.94171</roll><pitch>-22.38238</pitch><mode /></trkpt><trkpt lat="23.3188268" lon="77.3549267"><ele>505.14</ele><time>2026-08-28T17:12:41+05:30</time><course>144.5606</course><roll>-25.13221</roll><pitch>-24.67583</pitch><mode /></trkpt><trkpt lat="23.3188272" lon="77.3549279"><ele>505.14</ele><time>2026-08-28T17:12:41+05:30</time><course>158.0815</course><roll>-31.31721</roll><pitch>-30.51758</pitch><mode /></trkpt><trkpt lat="23.3188263" lon="77.3549298"><ele>504.8</ele><time>2026-08-28T17:12:41+05:30</time><course>189.1682</course><roll>-45.48163</roll><pitch>-34.82902</pitch><mode /></trkpt><trkpt lat="23.318824" lon="77.3549317"><ele>504.97</ele><time>2026-08-28T17:12:42+05:30</time><course>231.1292</course><roll>-62.23839</roll><pitch>-30.41705</pitch><mode /></trkpt><trkpt lat="23.3188224" lon="77.3549334"><ele>505.08</ele><time>2026-08-28T17:12:42+05:30</time><course>253.1541</course><roll>-66.28474</roll><pitch>-19.80901</pitch><mode /></trkpt><trkpt lat="23.3188216" lon="77.3549343"><ele>505.09</ele><time>2026-08-28T17:12:42+05:30</time><course>259.3195</course><roll>-63.91013</roll><pitch>-20.51498</pitch><mode /></trkpt><trkpt lat="23.3188204" lon="77.3549353"><ele>504.95</ele><time>2026-08-28T17:12:42+05:30</time><course>268.9736</course><roll>-62.21949</roll><pitch>-34.17607</pitch><mode /></trkpt><trkpt lat="23.3188195" lon="77.3549365"><ele>504.94</ele><time>2026-08-28T17:12:42+05:30</time><course>276.1927</course><roll>-64.31329</roll><pitch>-37.50817</pitch><mode /></trkpt><trkpt lat="23.3188186" lon="77.354938"><ele>504.73</ele><time>2026-08-28T17:12:43+05:30</time><course>278.5347</course><roll>-61.14817</roll><pitch>-45.51163</pitch><mode /></trkpt><trkpt lat="23.3188176" lon="77.3549403"><ele>504.56</ele><time>2026-08-28T17:12:43+05:30</time><course>265.2692</course><roll>-49.20053</roll><pitch>-48.51355</pitch><mode /></trkpt><trkpt lat="23.3188162" lon="77.3549426"><ele>504.32</ele><time>2026-08-28T17:12:43+05:30</time><course>253.2385</course><roll>-42.07204</roll><pitch>-44.61372</pitch><mode /></trkpt><trkpt lat="23.3188143" lon="77.3549445"><ele>504.28</ele><time>2026-08-28T17:12:43+05:30</time><course>250.8458</course><roll>-40.65672</roll><pitch>-39.52802</pitch><mode /></trkpt><trkpt lat="23.3188127" lon="77.3549466"><ele>504.36</ele><time>2026-08-28T17:12:43+05:30</time><course>249.2863</course><roll>-34.78587</roll><pitch>-38.99133</pitch><mode /></trkpt><trkpt lat="23.3188118" lon="77.3549479"><ele>504.35</ele><time>2026-08-28T17:12:44+05:30</time><course>247.9661</course><roll>-26.54141</roll><pitch>-44.02959</pitch><mode /></trkpt><trkpt lat="23.3188104" lon="77.354949"><ele>504.3</ele><time>2026-08-28T17:12:44+05:30</time><course>242.1254</course><roll>-9.894421</roll><pitch>-64.10137</pitch><mode /></trkpt><trkpt lat="23.3188086" lon="77.3549499"><ele>504.22</ele><time>2026-08-28T17:12:44+05:30</time><course>230.6305</course><roll>7.292378</roll><pitch>-51.49247</pitch><mode /></trkpt><trkpt lat="23.3188071" lon="77.3549511"><ele>504.35</ele><time>2026-08-28T17:12:44+05:30</time><course>243.898</course><roll>1.71297</roll><pitch>-31.48475</pitch><mode /></trkpt><trkpt lat="23.3188056" lon="77.354952"><ele>504.37</ele><time>2026-08-28T17:12:44+05:30</time><course>266.3946</course><roll>-5.641901</roll><pitch>-9.27163</pitch><mode /></trkpt><trkpt lat="23.3188051" lon="77.3549524"><ele>504.4</ele><time>2026-08-28T17:12:45+05:30</time><course>289.3113</course><roll>-6.127218</roll><pitch>-6.151806</pitch><mode /></trkpt><trkpt lat="23.3188052" lon="77.3549526"><ele>504.48</ele><time>2026-08-28T17:12:45+05:30</time><course>305.7862</course><roll>-3.398754</roll><pitch>-3.193887</pitch><mode /></trkpt><trkpt lat="23.3188048" lon="77.3549518"><ele>504.71</ele><time>2026-08-28T17:12:45+05:30</time><course>314.2824</course><roll>-2.386155</roll><pitch>-7.274228</pitch><mode /></trkpt><trkpt lat="23.3188043" lon="77.3549509"><ele>504.54</ele><time>2026-08-28T17:12:45+05:30</time><course>322.1641</course><roll>-3.815895</roll><pitch>-0.2545238</pitch><mode /></trkpt><trkpt lat="23.3188037" lon="77.3549505"><ele>504.66</ele><time>2026-08-28T17:12:45+05:30</time><course>325.2135</course><roll>-2.633489</roll><pitch>-0.2553651</pitch><mode /></trkpt><trkpt lat="23.3188034" lon="77.3549503"><ele>504.94</ele><time>2026-08-28T17:12:46+05:30</time><course>325.2807</course><roll>-4.987581</roll><pitch>-6.249875</pitch><mode /></trkpt><trkpt lat="23.3188028" lon="77.3549505"><ele>505.08</ele><time>2026-08-28T17:12:46+05:30</time><course>327.3475</course><roll>-7.459349</roll><pitch>-6.2466</pitch><mode /></trkpt><trkpt lat="23.3188022" lon="77.35495"><ele>505.15</ele><time>2026-08-28T17:12:46+05:30</time><course>326.6697</course><roll>-8.632556</roll><pitch>-8.244535</pitch><mode /></trkpt><trkpt lat="23.3188019" lon="77.3549498"><ele>505.11</ele><time>2026-08-28T17:12:46+05:30</time><course>323.2123</course><roll>8.873183</roll><pitch>-9.225624</pitch><mode /></trkpt><trkpt lat="23.3188014" lon="77.35495"><ele>505.35</ele><time>2026-08-28T17:12:46+05:30</time><course>309.869</course><roll>33.65789</roll><pitch>-19.29366</pitch><mode /></trkpt><trkpt lat="23.3188019" lon="77.3549505"><ele>505.45</ele><time>2026-08-28T17:12:47+05:30</time><course>302.8224</course><roll>34.41015</roll><pitch>-23.33937</pitch><mode /></trkpt><trkpt lat="23.3188018" lon="77.3549507"><ele>505.49</ele><time>2026-08-28T17:12:47+05:30</time><course>312.9206</course><roll>5.34586</roll><pitch>-23.87516</pitch><mode /></trkpt><trkpt lat="23.3188014" lon="77.3549499"><ele>505.37</ele><time>2026-08-28T17:12:47+05:30</time><course>317.8558</course><roll>-17.47113</roll><pitch>-23.00759</pitch><mode /></trkpt><trkpt lat="23.3187999" lon="77.3549497"><ele>505.66</ele><time>2026-08-28T17:12:47+05:30</time><course>323.9432</course><roll>-35.2464</roll><pitch>-23.5245</pitch><mode /></trkpt><trkpt lat="23.3187976" lon="77.3549501"><ele>505.78</ele><time>2026-08-28T17:12:47+05:30</time><course>335.1096</course><roll>-55.82436</roll><pitch>-16.7269</pitch><mode /></trkpt><trkpt lat="23.3187951" lon="77.3549514"><ele>505.76</ele><time>2026-08-28T17:12:48+05:30</time><course>331.7263</course><roll>-64.07701</roll><pitch>-2.344991</pitch><mode /></trkpt><trkpt lat="23.318793" lon="77.3549539"><ele>505.8</ele><time>2026-08-28T17:12:48+05:30</time><course>318.2718</course><roll>-56.23029</roll><pitch>8.874491</pitch><mode /></trkpt><trkpt lat="23.3187909" lon="77.3549569"><ele>505.66</ele><time>2026-08-28T17:12:48+05:30</time><course>307.6863</course><roll>-39.81363</roll><pitch>8.005307</pitch><mode /></trkpt><trkpt lat="23.3187895" lon="77.3549588"><ele>505.29</ele><time>2026-08-28T17:12:48+05:30</time><course>303.3067</course><roll>-21.65063</roll><pitch>-3.045996</pitch><mode /></trkpt><trkpt lat="23.3187886" lon="77.3549611"><ele>505.28</ele><time>2026-08-28T17:12:48+05:30</time><course>302.4054</course><roll>0.01227951</roll><pitch>-3.231297</pitch><mode /></trkpt><trkpt lat="23.3187872" lon="77.3549626"><ele>505.29</ele><time>2026-08-28T17:12:49+05:30</time><course>306.2221</course><roll>5.879755</roll><pitch>-4.939229</pitch><mode /></trkpt><trkpt lat="23.3187855" lon="77.3549644"><ele>505.44</ele><time>2026-08-28T17:12:49+05:30</time><course>313.6342</course><roll>2.139768</roll><pitch>-10.88409</pitch><mode /></trkpt><trkpt lat="23.3187842" lon="77.3549653"><ele>505.72</ele><time>2026-08-28T17:12:49+05:30</time><course>320.6103</course><roll>-5.714524</roll><pitch>-5.838816</pitch><mode /></trkpt><trkpt lat="23.3187829" lon="77.3549663"><ele>506.07</ele><time>2026-08-28T17:12:49+05:30</time><course>327.441</course><roll>-10.94117</roll><pitch>1.345587</pitch><mode /></trkpt><trkpt lat="23.3187813" lon="77.3549664"><ele>505.93</ele><time>2026-08-28T17:12:49+05:30</time><course>329.0411</course><roll>-4.306607</roll><pitch>1.657987</pitch><mode /></trkpt><trkpt lat="23.3187801" lon="77.3549672"><ele>505.86</ele><time>2026-08-28T17:12:50+05:30</time><course>332.9468</course><roll>-11.34641</roll><pitch>1.283437</pitch><mode /></trkpt><trkpt lat="23.3187784" lon="77.3549684"><ele>505.92</ele><time>2026-08-28T17:12:50+05:30</time><course>333.0894</course><roll>-21.58935</roll><pitch>4.825403</pitch><mode /></trkpt><trkpt lat="23.3187777" lon="77.3549682"><ele>505.94</ele><time>2026-08-28T17:12:50+05:30</time><course>335.9224</course><roll>-29.40006</roll><pitch>9.537875</pitch><mode /></trkpt><trkpt lat="23.3187772" lon="77.3549684"><ele>505.92</ele><time>2026-08-28T17:12:50+05:30</time><course>336.2973</course><roll>-28.57791</roll><pitch>10.14089</pitch><mode /></trkpt><trkpt lat="23.3187767" lon="77.3549682"><ele>505.88</ele><time>2026-08-28T17:12:50+05:30</time><course>339.9869</course><roll>-24.12302</roll><pitch>9.168249</pitch><mode /></trkpt><trkpt lat="23.3187763" lon="77.3549685"><ele>505.93</ele><time>2026-08-28T17:12:51+05:30</time><course>341.794</course><roll>-24.178</roll><pitch>8.82864</pitch><mode /></trkpt><trkpt lat="23.3187757" lon="77.3549683"><ele>505.98</ele><time>2026-08-28T17:12:51+05:30</time><course>341.6144</course><roll>-25.71351</roll><pitch>6.015655</pitch><mode /></trkpt><trkpt lat="23.3187754" lon="77.354968"><ele>505.93</ele><time>2026-08-28T17:12:51+05:30</time><course>336.1628</course><roll>-20.58414</roll><pitch>6.817764</pitch><mode /></trkpt><trkpt lat="23.3187753" lon="77.3549683"><ele>505.9</ele><time>2026-08-28T17:12:51+05:30</time><course>331.9005</course><roll>-12.06709</roll><pitch>11.93184</pitch><mode /></trkpt><trkpt lat="23.3187746" lon="77.3549684"><ele>505.95</ele><time>2026-08-28T17:12:51+05:30</time><course>333.5368</course><roll>-4.669393</roll><pitch>9.385425</pitch><mode /></trkpt><trkpt lat="23.3187739" lon="77.3549681"><ele>506.01</ele><time>2026-08-28T17:12:52+05:30</time><course>341.8492</course><roll>0.4128275</roll><pitch>0.8638073</pitch><mode /></trkpt><trkpt lat="23.3187736" lon="77.3549687"><ele>506.08</ele><time>2026-08-28T17:12:52+05:30</time><course>343.0141</course><roll>0.9998696</roll><pitch>-2.374236</pitch><mode /></trkpt><trkpt lat="23.3187733" lon="77.3549693"><ele>506.13</ele><time>2026-08-28T17:12:52+05:30</time><course>344.6178</course><roll>-4.697369</roll><pitch>-6.483569</pitch><mode /></trkpt><trkpt lat="23.3187731" lon="77.3549696"><ele>506.17</ele><time>2026-08-28T17:12:52+05:30</time><course>347.9123</course><roll>-17.49864</roll><pitch>1.20723</pitch><mode /></trkpt><trkpt lat="23.3187727" lon="77.3549698"><ele>506.21</ele><time>2026-08-28T17:12:54+05:30</time><course>349.2856</course><roll>-30.1832</roll><pitch>7.818186</pitch><mode /></trkpt><trkpt lat="23.3187722" lon="77.3549701"><ele>506.29</ele><time>2026-08-28T17:12:54+05:30</time><course>350.6051</course><roll>-25.80558</roll><pitch>8.689364</pitch><mode /></trkpt><trkpt lat="23.3187719" lon="77.3549702"><ele>506.28</ele><time>2026-08-28T17:12:54+05:30</time><course>349.3612</course><roll>-23.9193</roll><pitch>8.445385</pitch><mode /></trkpt><trkpt lat="23.3187717" lon="77.3549703"><ele>506.32</ele><time>2026-08-28T17:12:54+05:30</time><course>349.3092</course><roll>-22.02234</roll><pitch>7.944097</pitch><mode /></trkpt><trkpt lat="23.3187716" lon="77.3549705"><ele>506.4</ele><time>2026-08-28T17:12:55+05:30</time><course>349.9366</course><roll>-20.3119</roll><pitch>8.675548</pitch><mode /></trkpt><trkpt lat="23.3187712" lon="77.3549702"><ele>506.44</ele><time>2026-08-28T17:12:55+05:30</time><course>349.4341</course><roll>-19.04233</roll><pitch>8.690365</pitch><mode /></trkpt><trkpt lat="23.3187714" lon="77.3549703"><ele>506.47</ele><time>2026-08-28T17:12:55+05:30</time><course>348.3728</course><roll>-17.93116</roll><pitch>7.933542</pitch><mode /></trkpt><trkpt lat="23.3187717" lon="77.3549708"><ele>506.59</ele><time>2026-08-28T17:12:55+05:30</time><course>348.4126</course><roll>-16.65882</roll><pitch>8.774356</pitch><mode /></trkpt><trkpt lat="23.3187723" lon="77.3549706"><ele>506.48</ele><time>2026-08-28T17:12:56+05:30</time><course>347.0826</course><roll>-13.64913</roll><pitch>8.691937</pitch><mode /></trkpt><trkpt lat="23.3187722" lon="77.3549704"><ele>506.52</ele><time>2026-08-28T17:12:56+05:30</time><course>347.0249</course><roll>-11.6252</roll><pitch>8.759861</pitch><mode /></trkpt><trkpt lat="23.3187723" lon="77.3549702"><ele>506.58</ele><time>2026-08-28T17:12:56+05:30</time><course>346.8978</course><roll>-9.501946</roll><pitch>9.650468</pitch><mode /></trkpt><trkpt lat="23.318772" lon="77.3549698"><ele>506.57</ele><time>2026-08-28T17:12:56+05:30</time><course>346.5379</course><roll>-7.498061</roll><pitch>9.384567</pitch><mode /></trkpt><trkpt lat="23.3187717" lon="77.3549693"><ele>506.49</ele><time>2026-08-28T17:12:56+05:30</time><course>346.4256</course><roll>-5.640117</roll><pitch>9.445169</pitch><mode /></trkpt><trkpt lat="23.3187714" lon="77.354969"><ele>506.52</ele><time>2026-08-28T17:12:57+05:30</time><course>346.6112</course><roll>-4.152665</roll><pitch>9.269055</pitch><mode /></trkpt><trkpt lat="23.3187708" lon="77.3549686"><ele>506.46</ele><time>2026-08-28T17:12:57+05:30</time><course>346.2595</course><roll>-3.865234</roll><pitch>9.515252</pitch><mode /></trkpt><trkpt lat="23.3187704" lon="77.3549681"><ele>506.44</ele><time>2026-08-28T17:12:57+05:30</time><course>345.642</course><roll>-3.892384</roll><pitch>9.984602</pitch><mode /></trkpt><trkpt lat="23.3187702" lon="77.3549677"><ele>506.47</ele><time>2026-08-28T17:12:57+05:30</time><course>346.0455</course><roll>-3.704505</roll><pitch>10.167</pitch><mode /></trkpt><trkpt lat="23.3187698" lon="77.3549672"><ele>506.51</ele><time>2026-08-28T17:12:57+05:30</time><course>345.382</course><roll>-3.619889</roll><pitch>9.86817</pitch><mode /></trkpt><trkpt lat="23.3187696" lon="77.3549666"><ele>506.52</ele><time>2026-08-28T17:12:58+05:30</time><course>344.9303</course><roll>-3.344627</roll><pitch>9.755324</pitch><mode /></trkpt><trkpt lat="23.3187692" lon="77.3549661"><ele>506.48</ele><time>2026-08-28T17:12:58+05:30</time><course>343.419</course><roll>-2.857194</roll><pitch>10.19575</pitch><mode /></trkpt><trkpt lat="23.318765" lon="77.354966"><ele>506.32</ele><time>2026-08-28T17:12:59+05:30</time><course>323.3654</course><roll>-26.27908</roll><pitch>3.290395</pitch><mode /></trkpt><trkpt lat="23.3187647" lon="77.3549657"><ele>506.28</ele><time>2026-08-28T17:12:59+05:30</time><course>320.2393</course><roll>-28.57607</roll><pitch>6.138295</pitch><mode /></trkpt><trkpt lat="23.318765" lon="77.3549655"><ele>506.29</ele><time>2026-08-28T17:12:59+05:30</time><course>319.8</course><roll>-34.2909</roll><pitch>2.099034</pitch><mode /></trkpt><trkpt lat="23.3187653" lon="77.3549658"><ele>506.4</ele><time>2026-08-28T17:12:59+05:30</time><course>322.9453</course><roll>-42.18624</roll><pitch>-2.146368</pitch><mode /></trkpt><trkpt lat="23.3187661" lon="77.3549655"><ele>506.41</ele><time>2026-08-28T17:12:59+05:30</time><course>324.1141</course><roll>-54.42787</roll><pitch>-7.071994</pitch><mode /></trkpt><trkpt lat="23.3187666" lon="77.3549656"><ele>506.42</ele><time>2026-08-28T17:13:00+05:30</time><course>319.6575</course><roll>-51.63784</roll><pitch>-13.64915</pitch><mode /></trkpt><trkpt lat="23.3187671" lon="77.354966"><ele>506.43</ele><time>2026-08-28T17:13:00+05:30</time><course>321.0982</course><roll>-48.46392</roll><pitch>-20.30341</pitch><mode /></trkpt><trkpt lat="23.3187676" lon="77.3549666"><ele>506.5</ele><time>2026-08-28T17:13:00+05:30</time><course>328.4175</course><roll>-52.89957</roll><pitch>-26.07102</pitch><mode /></trkpt><trkpt lat="23.3187682" lon="77.3549672"><ele>506.57</ele><time>2026-08-28T17:13:00+05:30</time><course>335.9844</course><roll>-57.24703</roll><pitch>-29.14502</pitch><mode /></trkpt><trkpt lat="23.3187688" lon="77.3549676"><ele>506.57</ele><time>2026-08-28T17:13:01+05:30</time><course>337.9532</course><roll>-57.7513</roll><pitch>-29.40002</pitch><mode /></trkpt><trkpt lat="23.3187692" lon="77.3549684"><ele>506.7</ele><time>2026-08-28T17:13:01+05:30</time><course>334.9863</course><roll>-54.23141</roll><pitch>-30.30639</pitch><mode /></trkpt><trkpt lat="23.3187689" lon="77.3549685"><ele>506.99</ele><time>2026-08-28T17:13:02+05:30</time><course>341.527</course><roll>-55.90632</roll><pitch>-16.43808</pitch><mode /></trkpt><trkpt lat="23.3187691" lon="77.3549682"><ele>507.03</ele><time>2026-08-28T17:13:02+05:30</time><course>358.625</course><roll>-60.66647</roll><pitch>-23.15235</pitch><mode /></trkpt><trkpt lat="23.3187694" lon="77.3549691"><ele>507.15</ele><time>2026-08-28T17:13:03+05:30</time><course>3.794812</course><roll>-38.05254</roll><pitch>-51.14314</pitch><mode /></trkpt><trkpt lat="23.3187696" lon="77.3549688"><ele>507.02</ele><time>2026-08-28T17:13:03+05:30</time><course>2.507621</course><roll>-25.48486</roll><pitch>-56.87324</pitch><mode /></trkpt><trkpt lat="23.3187693" lon="77.3549684"><ele>507.07</ele><time>2026-08-28T17:13:03+05:30</time><course>2.678834</course><roll>-17.26634</roll><pitch>-56.77544</pitch><mode /></trkpt><trkpt lat="23.3187689" lon="77.3549679"><ele>507.07</ele><time>2026-08-28T17:13:03+05:30</time><course>20.94545</course><roll>-30.34569</roll><pitch>-74.7127</pitch><mode /></trkpt><trkpt lat="23.3187687" lon="77.3549681"><ele>507.11</ele><time>2026-08-28T17:13:04+05:30</time><course>357.5578</course><roll>1.957323</roll><pitch>-39.54865</pitch><mode /></trkpt><trkpt lat="23.3187692" lon="77.3549679"><ele>507.17</ele><time>2026-08-28T17:13:04+05:30</time><course>9.816183</course><roll>-8.117011</roll><pitch>-13.55115</pitch><mode /></trkpt><trkpt lat="23.3187699" lon="77.3549678"><ele>507.14</ele><time>2026-08-28T17:13:04+05:30</time><course>10.7854</course><roll>-10.30798</roll><pitch>-19.9818</pitch><mode /></trkpt><trkpt lat="23.3187708" lon="77.3549676"><ele>507.07</ele><time>2026-08-28T17:13:05+05:30</time><course>9.031985</course><roll>-15.00924</roll><pitch>-22.30047</pitch><mode /></trkpt><trkpt lat="23.3187715" lon="77.3549683"><ele>507.09</ele><time>2026-08-28T17:13:05+05:30</time><course>8.170522</course><roll>-22.70044</roll><pitch>-23.06522</pitch><mode /></trkpt><trkpt lat="23.3187721" lon="77.3549694"><ele>507.18</ele><time>2026-08-28T17:13:05+05:30</time><course>8.098301</course><roll>-26.00369</roll><pitch>-22.19431</pitch><mode /></trkpt><trkpt lat="23.3187728" lon="77.3549701"><ele>507.18</ele><time>2026-08-28T17:13:05+05:30</time><course>8.08323</course><roll>-29.58057</roll><pitch>-25.97062</pitch><mode /></trkpt><trkpt lat="23.318773" lon="77.3549709"><ele>507.15</ele><time>2026-08-28T17:13:05+05:30</time><course>7.777402</course><roll>-32.01421</roll><pitch>-23.84879</pitch><mode /></trkpt><trkpt lat="23.3187736" lon="77.3549719"><ele>507.23</ele><time>2026-08-28T17:13:06+05:30</time><course>9.630328</course><roll>-31.7931</roll><pitch>-25.29502</pitch><mode /></trkpt><trkpt lat="23.318774" lon="77.3549725"><ele>507.28</ele><time>2026-08-28T17:13:06+05:30</time><course>9.583318</course><roll>-30.86126</roll><pitch>-22.53803</pitch><mode /></trkpt><trkpt lat="23.3187746" lon="77.3549723"><ele>507.27</ele><time>2026-08-28T17:13:06+05:30</time><course>7.472538</course><roll>-34.05076</roll><pitch>-22.35907</pitch><mode /></trkpt><trkpt lat="23.3187747" lon="77.3549718"><ele>507.25</ele><time>2026-08-28T17:13:06+05:30</time><course>4.70176</course><roll>-36.26097</roll><pitch>-23.85043</pitch><mode /></trkpt><trkpt lat="23.3187751" lon="77.3549712"><ele>507.26</ele><time>2026-08-28T17:13:06+05:30</time><course>2.76136</course><roll>-37.45818</roll><pitch>-24.62161</pitch><mode /></trkpt><trkpt lat="23.318775" lon="77.354971"><ele>507.26</ele><time>2026-08-28T17:13:07+05:30</time><course>2.066396</course><roll>-37.81038</roll><pitch>-26.31252</pitch><mode /></trkpt><trkpt lat="23.3187751" lon="77.3549709"><ele>507.25</ele><time>2026-08-28T17:13:07+05:30</time><course>6.373896</course><roll>-36.30246</roll><pitch>-29.10626</pitch><mode /></trkpt><trkpt lat="23.318775" lon="77.3549708"><ele>507.2</ele><time>2026-08-28T17:13:07+05:30</time><course>14.71185</course><roll>-39.6766</roll><pitch>-28.56567</pitch><mode /></trkpt><trkpt lat="23.3187751" lon="77.3549707"><ele>507.17</ele><time>2026-08-28T17:13:07+05:30</time><course>18.20435</course><roll>-36.23672</roll><pitch>-28.65206</pitch><mode /></trkpt><trkpt lat="23.318775" lon="77.3549708"><ele>507.1</ele><time>2026-08-28T17:13:07+05:30</time><course>34.46194</course><roll>-47.68414</roll><pitch>-31.45556</pitch><mode /></trkpt><trkpt lat="23.3187748" lon="77.3549724"><ele>507.2</ele><time>2026-08-28T17:13:08+05:30</time><course>49.82142</course><roll>-64.76342</roll><pitch>-21.87024</pitch><mode /></trkpt><trkpt lat="23.3187738" lon="77.3549727"><ele>507.21</ele><time>2026-08-28T17:13:08+05:30</time><course>48.17496</course><roll>-65.11791</roll><pitch>-25.39822</pitch><mode /></trkpt><trkpt lat="23.3187734" lon="77.3549733"><ele>507.2</ele><time>2026-08-28T17:13:08+05:30</time><course>35.17889</course><roll>-44.69</roll><pitch>-26.45598</pitch><mode /></trkpt><trkpt lat="23.3187735" lon="77.3549748"><ele>507.49</ele><time>2026-08-28T17:13:08+05:30</time><course>32.67874</course><roll>-42.54605</roll><pitch>-7.350203</pitch><mode /></trkpt><trkpt lat="23.3187739" lon="77.3549751"><ele>507.46</ele><time>2026-08-28T17:13:09+05:30</time><course>31.67064</course><roll>-59.7535</roll><pitch>2.395834</pitch><mode /></trkpt><trkpt lat="23.3187745" lon="77.3549758"><ele>507.42</ele><time>2026-08-28T17:13:09+05:30</time><course>31.22366</course><roll>-71.47807</roll><pitch>5.393219</pitch><mode /></trkpt><trkpt lat="23.318775" lon="77.3549752"><ele>507.23</ele><time>2026-08-28T17:13:09+05:30</time><course>18.64137</course><roll>-49.59815</roll><pitch>7.306235</pitch><mode /></trkpt><trkpt lat="23.3187749" lon="77.3549743"><ele>507.28</ele><time>2026-08-28T17:13:09+05:30</time><course>14.59226</course><roll>-7.404584</roll><pitch>-8.722585</pitch><mode /></trkpt><trkpt lat="23.3187746" lon="77.3549737"><ele>507.21</ele><time>2026-08-28T17:13:10+05:30</time><course>8.716706</course><roll>0.6387691</roll><pitch>-4.504425</pitch><mode /></trkpt><trkpt lat="23.3187743" lon="77.354973"><ele>507.08</ele><time>2026-08-28T17:13:10+05:30</time><course>359.3795</course><roll>-3.841568</roll><pitch>-2.03464</pitch><mode /></trkpt><trkpt lat="23.3187733" lon="77.3549729"><ele>507.13</ele><time>2026-08-28T17:13:10+05:30</time><course>348.0655</course><roll>-4.647314</roll><pitch>-1.685714</pitch><mode /></trkpt><trkpt lat="23.3187725" lon="77.3549727"><ele>506.92</ele><time>2026-08-28T17:13:10+05:30</time><course>342.053</course><roll>-0.9567383</roll><pitch>-1.540415</pitch><mode /></trkpt><trkpt lat="23.3187726" lon="77.3549728"><ele>506.85</ele><time>2026-08-28T17:13:10+05:30</time><course>344.3204</course><roll>1.053725</roll><pitch>-0.4660618</pitch><mode /></trkpt><trkpt lat="23.3187736" lon="77.3549723"><ele>506.85</ele><time>2026-08-28T17:13:11+05:30</time><course>347.9873</course><roll>-1.122854</roll><pitch>-4.366782</pitch><mode /></trkpt><trkpt lat="23.3187736" lon="77.3549724"><ele>507.09</ele><time>2026-08-28T17:13:11+05:30</time><course>352.4872</course><roll>0.32159</roll><pitch>-2.518665</pitch><mode /></trkpt><trkpt lat="23.3187733" lon="77.354972"><ele>507.14</ele><time>2026-08-28T17:13:12+05:30</time><course>351.1711</course><roll>-3.7866</roll><pitch>-8.541358</pitch><mode /></trkpt><trkpt lat="23.3187712" lon="77.3549723"><ele>507.41</ele><time>2026-08-28T17:13:12+05:30</time><course>341.7545</course><roll>4.301627</roll><pitch>-3.806194</pitch><mode /></trkpt><trkpt lat="23.3187702" lon="77.354973"><ele>507.58</ele><time>2026-08-28T17:13:12+05:30</time><course>336.9982</course><roll>4.502413</roll><pitch>0.0319104</pitch><mode /></trkpt><trkpt lat="23.3187706" lon="77.3549728"><ele>507.61</ele><time>2026-08-28T17:13:12+05:30</time><course>330.3846</course><roll>6.33326</roll><pitch>3.657618</pitch><mode /></trkpt><trkpt lat="23.3187733" lon="77.3549708"><ele>507.84</ele><time>2026-08-28T17:13:13+05:30</time><course>332.9873</course><roll>4.26033</roll><pitch>1.598891</pitch><mode /></trkpt><trkpt lat="23.3187812" lon="77.3549674"><ele>507.97</ele><time>2026-08-28T17:13:13+05:30</time><course>338.6534</course><roll>11.82789</roll><pitch>-25.42316</pitch><mode /></trkpt><trkpt lat="23.318791" lon="77.3549624"><ele>508.04</ele><time>2026-08-28T17:13:13+05:30</time><course>341.5492</course><roll>3.309429</roll><pitch>-25.01645</pitch><mode /></trkpt><trkpt lat="23.3188127" lon="77.3549487"><ele>508.2</ele><time>2026-08-28T17:13:13+05:30</time><course>322.5777</course><roll>0.3708389</roll><pitch>-7.535886</pitch><mode /></trkpt><trkpt lat="23.3188356" lon="77.3549342"><ele>508.16</ele><time>2026-08-28T17:13:14+05:30</time><course>312.7787</course><roll>35.28328</roll><pitch>2.097281</pitch><mode /></trkpt><trkpt lat="23.3188544" lon="77.3549174"><ele>508.09</ele><time>2026-08-28T17:13:14+05:30</time><course>294.1038</course><roll>9.784945</roll><pitch>8.937777</pitch><mode /></trkpt><trkpt lat="23.3188621" lon="77.3549091"><ele>507.81</ele><time>2026-08-28T17:13:14+05:30</time><course>282.1063</course><roll>11.2938</roll><pitch>-14.45953</pitch><mode /></trkpt><trkpt lat="23.3188679" lon="77.3549007"><ele>507.56</ele><time>2026-08-28T17:13:15+05:30</time><course>291.0743</course><roll>28.12382</roll><pitch>33.38276</pitch><mode /></trkpt><trkpt lat="23.3188736" lon="77.3548936"><ele>507.28</ele><time>2026-08-28T17:13:15+05:30</time><course>226.6044</course><roll>-24.75383</roll><pitch>12.90426</pitch><mode /></trkpt><trkpt lat="23.3188766" lon="77.3548905"><ele>507.36</ele><time>2026-08-28T17:13:15+05:30</time><course>230.0246</course><roll>-14.51443</roll><pitch>5.116574</pitch><mode /></trkpt><trkpt lat="23.3188769" lon="77.3548899"><ele>507.4</ele><time>2026-08-28T17:13:15+05:30</time><course>230.762</course><roll>-13.96373</roll><pitch>3.827754</pitch><mode /></trkpt><trkpt lat="23.3188772" lon="77.3548896"><ele>507.34</ele><time>2026-08-28T17:13:15+05:30</time><course>230.9195</course><roll>-14.01827</roll><pitch>4.097453</pitch><mode /></trkpt><trkpt lat="23.3188774" lon="77.3548899"><ele>507.29</ele><time>2026-08-28T17:13:16+05:30</time><course>231.0443</course><roll>-13.85647</roll><pitch>3.826262</pitch><mode /></trkpt><trkpt lat="23.3188778" lon="77.3548904"><ele>507.14</ele><time>2026-08-28T17:13:16+05:30</time><course>231.0705</course><roll>-13.8608</roll><pitch>3.976002</pitch><mode /></trkpt><trkpt lat="23.3188782" lon="77.3548903"><ele>507.06</ele><time>2026-08-28T17:13:16+05:30</time><course>231.0897</course><roll>-13.77654</roll><pitch>3.784558</pitch><mode /></trkpt><trkpt lat="23.3188786" lon="77.3548908"><ele>507.06</ele><time>2026-08-28T17:13:16+05:30</time><course>231.072</course><roll>-13.73497</roll><pitch>3.85512</pitch><mode /></trkpt><trkpt lat="23.3188789" lon="77.3548909"><ele>507.01</ele><time>2026-08-28T17:13:16+05:30</time><course>231.0652</course><roll>-13.66539</roll><pitch>3.796088</pitch><mode /></trkpt><trkpt lat="23.3188792" lon="77.3548908"><ele>507.08</ele><time>2026-08-28T17:13:17+05:30</time><course>231.0343</course><roll>-13.60886</roll><pitch>3.799532</pitch><mode /></trkpt><trkpt lat="23.3188797" lon="77.354891"><ele>507.03</ele><time>2026-08-28T17:13:17+05:30</time><course>231.0126</course><roll>-13.55171</roll><pitch>3.77096</pitch><mode /></trkpt><trkpt lat="23.3188801" lon="77.3548917"><ele>507.05</ele><time>2026-08-28T17:13:17+05:30</time><course>230.9904</course><roll>-13.49032</roll><pitch>3.701898</pitch><mode /></trkpt><trkpt lat="23.3188804" lon="77.354892"><ele>507.05</ele><time>2026-08-28T17:13:17+05:30</time><course>230.9459</course><roll>-13.43817</roll><pitch>3.691811</pitch><mode /></trkpt><trkpt lat="23.3188808" lon="77.3548917"><ele>506.92</ele><time>2026-08-28T17:13:17+05:30</time><course>230.9215</course><roll>-13.36903</roll><pitch>3.603086</pitch><mode /></trkpt><trkpt lat="23.3188811" lon="77.3548916"><ele>506.84</ele><time>2026-08-28T17:13:18+05:30</time><course>230.8875</course><roll>-13.31338</roll><pitch>3.585807</pitch><mode /></trkpt><trkpt lat="23.3188813" lon="77.3548913"><ele>506.85</ele><time>2026-08-28T17:13:18+05:30</time><course>230.8692</course><roll>-13.2494</roll><pitch>3.503826</pitch><mode /></trkpt><trkpt lat="23.3188814" lon="77.3548914"><ele>506.79</ele><time>2026-08-28T17:13:18+05:30</time><course>230.83</course><roll>-13.16873</roll><pitch>3.428412</pitch><mode /></trkpt><trkpt lat="23.3188815" lon="77.3548916"><ele>506.74</ele><time>2026-08-28T17:13:18+05:30</time><course>230.8124</course><roll>-13.14388</roll><pitch>3.384928</pitch><mode /></trkpt><trkpt lat="23.318882" lon="77.3548918"><ele>506.57</ele><time>2026-08-28T17:13:19+05:30</time><course>230.8179</course><roll>-13.08229</roll><pitch>3.307855</pitch><mode /></trkpt><trkpt lat="23.3188823" lon="77.3548916"><ele>506.45</ele><time>2026-08-28T17:13:19+05:30</time><course>230.8475</course><roll>-13.02425</roll><pitch>3.245519</pitch><mode /></trkpt><trkpt lat="23.3188824" lon="77.3548912"><ele>506.2</ele><time>2026-08-28T17:13:20+05:30</time><course>230.9065</course><roll>-12.944</roll><pitch>3.164173</pitch><mode /></trkpt><trkpt lat="23.3188826" lon="77.3548909"><ele>505.92</ele><time>2026-08-28T17:13:20+05:30</time><course>230.9943</course><roll>-12.87615</roll><pitch>3.088657</pitch><mode /></trkpt><trkpt lat="23.3188827" lon="77.3548908"><ele>505.82</ele><time>2026-08-28T17:13:21+05:30</time><course>231.0202</course><roll>-12.86643</roll><pitch>3.073261</pitch><mode /></trkpt><trkpt lat="23.3188828" lon="77.3548907"><ele>505.72</ele><time>2026-08-28T17:13:21+05:30</time><course>231.0537</course><roll>-12.84889</roll><pitch>3.057651</pitch><mode /></trkpt><trkpt lat="23.3188829" lon="77.3548908"><ele>505.63</ele><time>2026-08-28T17:13:21+05:30</time><course>231.0899</course><roll>-12.8315</roll><pitch>3.029853</pitch><mode /></trkpt><trkpt lat="23.3188831" lon="77.3548908"><ele>505.47</ele><time>2026-08-28T17:13:21+05:30</time><course>231.16</course><roll>-12.79579</roll><pitch>2.99797</pitch><mode /></trkpt><trkpt lat="23.3188834" lon="77.3548909"><ele>505.38</ele><time>2026-08-28T17:13:22+05:30</time><course>231.1943</course><roll>-12.77866</roll><pitch>2.987662</pitch><mode /></trkpt><trkpt lat="23.3188841" lon="77.354891"><ele>505.16</ele><time>2026-08-28T17:13:22+05:30</time><course>231.3006</course><roll>-12.73783</roll><pitch>2.939956</pitch><mode /></trkpt><trkpt lat="23.3188842" lon="77.3548911"><ele>505.07</ele><time>2026-08-28T17:13:22+05:30</time><course>231.3393</course><roll>-12.72619</roll><pitch>2.92142</pitch><mode /></trkpt><trkpt lat="23.3188844" lon="77.3548912"><ele>504.91</ele><time>2026-08-28T17:13:23+05:30</time><course>231.4084</course><roll>-12.68837</roll><pitch>2.900275</pitch><mode /></trkpt><trkpt lat="23.3188847" lon="77.3548913"><ele>504.7</ele><time>2026-08-28T17:13:23+05:30</time><course>231.4832</course><roll>-12.6552</roll><pitch>2.883283</pitch><mode /></trkpt><trkpt lat="23.3188851" lon="77.3548915"><ele>504.54</ele><time>2026-08-28T17:13:24+05:30</time><course>231.5522</course><roll>-12.63818</roll><pitch>2.865302</pitch><mode /></trkpt><trkpt lat="23.3188854" lon="77.3548917"><ele>504.46</ele><time>2026-08-28T17:13:24+05:30</time><course>231.6016</course><roll>-12.62745</roll><pitch>2.845483</pitch><mode /></trkpt><trkpt lat="23.3188856" lon="77.3548916"><ele>504.41</ele><time>2026-08-28T17:13:24+05:30</time><course>231.6317</course><roll>-12.62185</roll><pitch>2.831933</pitch><mode /></trkpt><trkpt lat="23.3188858" lon="77.3548917"><ele>504.38</ele><time>2026-08-28T17:13:24+05:30</time><course>231.6666</course><roll>-12.61754</roll><pitch>2.820073</pitch><mode /></trkpt><trkpt lat="23.3188857" lon="77.3548916"><ele>504.24</ele><time>2026-08-28T17:13:25+05:30</time><course>231.7359</course><roll>-12.6056</roll><pitch>2.799721</pitch><mode /></trkpt><trkpt lat="23.3188859" lon="77.3548915"><ele>504.1</ele><time>2026-08-28T17:13:25+05:30</time><course>231.7926</course><roll>-12.58781</roll><pitch>2.796145</pitch><mode /></trkpt><trkpt lat="23.3188861" lon="77.3548914"><ele>504</ele><time>2026-08-28T17:13:25+05:30</time><course>231.824</course><roll>-12.59155</roll><pitch>2.793497</pitch><mode /></trkpt><trkpt lat="23.3188862" lon="77.3548913"><ele>503.94</ele><time>2026-08-28T17:13:25+05:30</time><course>231.8525</course><roll>-12.59173</roll><pitch>2.789748</pitch><mode /></trkpt><trkpt lat="23.3188863" lon="77.3548913"><ele>503.82</ele><time>2026-08-28T17:13:27+05:30</time><course>232.0244</course><roll>-12.55842</roll><pitch>2.792418</pitch><mode /></trkpt><trkpt lat="23.318887" lon="77.3548912"><ele>503.91</ele><time>2026-08-28T17:13:29+05:30</time><course>231.9651</course><roll>-22.45641</roll><pitch>-4.064154</pitch><mode /></trkpt><trkpt lat="23.3188874" lon="77.3548911"><ele>503.99</ele><time>2026-08-28T17:13:30+05:30</time><course>222.9127</course><roll>-32.93333</roll><pitch>7.474339</pitch><mode /></trkpt><trkpt lat="23.3188873" lon="77.3548916"><ele>504.06</ele><time>2026-08-28T17:13:30+05:30</time><course>216.2077</course><roll>-25.58396</roll><pitch>16.57888</pitch><mode /></trkpt><trkpt lat="23.3188879" lon="77.3548922"><ele>504.21</ele><time>2026-08-28T17:13:30+05:30</time><course>214.3741</course><roll>-21.33139</roll><pitch>27.66733</pitch><mode /></trkpt><trkpt lat="23.3188883" lon="77.3548927"><ele>504.33</ele><time>2026-08-28T17:13:30+05:30</time><course>218.5787</course><roll>-13.59177</roll><pitch>29.80466</pitch><mode /></trkpt><trkpt lat="23.3188881" lon="77.3548935"><ele>504.52</ele><time>2026-08-28T17:13:31+05:30</time><course>226.4023</course><roll>-8.225418</roll><pitch>24.44411</pitch><mode /></trkpt><trkpt lat="23.3188884" lon="77.3548946"><ele>504.73</ele><time>2026-08-28T17:13:31+05:30</time><course>232.4221</course><roll>-3.765132</roll><pitch>9.032393</pitch><mode /></trkpt><trkpt lat="23.3188886" lon="77.3548963"><ele>504.88</ele><time>2026-08-28T17:13:31+05:30</time><course>238.8558</course><roll>-4.07266</roll><pitch>-9.112569</pitch><mode /></trkpt><trkpt lat="23.3188888" lon="77.3548986"><ele>505.27</ele><time>2026-08-28T17:13:31+05:30</time><course>240.641</course><roll>-4.522655</roll><pitch>-15.79386</pitch><mode /></trkpt><trkpt lat="23.3188885" lon="77.3549008"><ele>505.4</ele><time>2026-08-28T17:13:31+05:30</time><course>237.3707</course><roll>-10.91251</roll><pitch>-19.00918</pitch><mode /></trkpt><trkpt lat="23.3188881" lon="77.3549023"><ele>505.44</ele><time>2026-08-28T17:13:32+05:30</time><course>231.0213</course><roll>-15.19545</roll><pitch>-11.6844</pitch><mode /></trkpt><trkpt lat="23.3188875" lon="77.3549037"><ele>505.47</ele><time>2026-08-28T17:13:32+05:30</time><course>231.1048</course><roll>-15.10084</roll><pitch>-31.30614</pitch><mode /></trkpt><trkpt lat="23.3188861" lon="77.3549049"><ele>505.54</ele><time>2026-08-28T17:13:32+05:30</time><course>235.6561</course><roll>-10.84739</roll><pitch>-44.65062</pitch><mode /></trkpt><trkpt lat="23.3188846" lon="77.3549058"><ele>505.71</ele><time>2026-08-28T17:13:32+05:30</time><course>239.6517</course><roll>-5.949289</roll><pitch>-31.17329</pitch><mode /></trkpt><trkpt lat="23.3188833" lon="77.3549067"><ele>505.74</ele><time>2026-08-28T17:13:32+05:30</time><course>241.2186</course><roll>-7.591105</roll><pitch>-56.14823</pitch><mode /></trkpt><trkpt lat="23.3188814" lon="77.3549084"><ele>505.66</ele><time>2026-08-28T17:13:33+05:30</time><course>236.9992</course><roll>-5.12266</roll><pitch>-49.37777</pitch><mode /></trkpt><trkpt lat="23.3188792" lon="77.3549102"><ele>505.79</ele><time>2026-08-28T17:13:33+05:30</time><course>232.1143</course><roll>-22.82707</roll><pitch>-42.71999</pitch><mode /></trkpt><trkpt lat="23.318877" lon="77.3549123"><ele>505.76</ele><time>2026-08-28T17:13:33+05:30</time><course>218.7805</course><roll>-23.81767</roll><pitch>-39.80574</pitch><mode /></trkpt><trkpt lat="23.3188753" lon="77.3549139"><ele>505.78</ele><time>2026-08-28T17:13:33+05:30</time><course>215.8384</course><roll>-27.53537</roll><pitch>-38.63253</pitch><mode /></trkpt><trkpt lat="23.3188738" lon="77.3549156"><ele>505.84</ele><time>2026-08-28T17:13:33+05:30</time><course>217.7514</course><roll>-27.1529</roll><pitch>-36.94867</pitch><mode /></trkpt><trkpt lat="23.3188721" lon="77.3549172"><ele>505.95</ele><time>2026-08-28T17:13:34+05:30</time><course>220.8594</course><roll>-28.41861</roll><pitch>-37.25911</pitch><mode /></trkpt><trkpt lat="23.31887" lon="77.3549183"><ele>505.93</ele><time>2026-08-28T17:13:34+05:30</time><course>223.0773</course><roll>-31.58671</roll><pitch>-38.07656</pitch><mode /></trkpt><trkpt lat="23.3188679" lon="77.3549198"><ele>505.98</ele><time>2026-08-28T17:13:34+05:30</time><course>218.5284</course><roll>-30.74933</roll><pitch>-36.09329</pitch><mode /></trkpt><trkpt lat="23.3188658" lon="77.3549215"><ele>505.87</ele><time>2026-08-28T17:13:34+05:30</time><course>215.7533</course><roll>-31.01003</roll><pitch>-40.88594</pitch><mode /></trkpt><trkpt lat="23.318864" lon="77.3549234"><ele>505.89</ele><time>2026-08-28T17:13:34+05:30</time><course>213.3184</course><roll>-32.99795</roll><pitch>-46.2931</pitch><mode /></trkpt><trkpt lat="23.318862" lon="77.3549255"><ele>505.93</ele><time>2026-08-28T17:13:35+05:30</time><course>206.7127</course><roll>-24.55774</roll><pitch>-44.20174</pitch><mode /></trkpt><trkpt lat="23.3188603" lon="77.3549274"><ele>505.9</ele><time>2026-08-28T17:13:35+05:30</time><course>204.2494</course><roll>-22.44675</roll><pitch>-45.49444</pitch><mode /></trkpt><trkpt lat="23.3188581" lon="77.3549284"><ele>506.04</ele><time>2026-08-28T17:13:35+05:30</time><course>202.3609</course><roll>-24.00621</roll><pitch>-50.72932</pitch><mode /></trkpt><trkpt lat="23.3188561" lon="77.3549298"><ele>506.21</ele><time>2026-08-28T17:13:35+05:30</time><course>193.0158</course><roll>-19.20289</roll><pitch>-52.6518</pitch><mode /></trkpt><trkpt lat="23.3188541" lon="77.3549313"><ele>506.31</ele><time>2026-08-28T17:13:35+05:30</time><course>190.4423</course><roll>-17.18515</roll><pitch>-55.24316</pitch><mode /></trkpt><trkpt lat="23.3188525" lon="77.3549327"><ele>506.34</ele><time>2026-08-28T17:13:36+05:30</time><course>205.2825</course><roll>-19.44447</roll><pitch>-63.58836</pitch><mode /></trkpt><trkpt lat="23.3188506" lon="77.3549331"><ele>506.36</ele><time>2026-08-28T17:13:36+05:30</time><course>236.2656</course><roll>-27.77086</roll><pitch>-71.62976</pitch><mode /></trkpt><trkpt lat="23.3188487" lon="77.3549338"><ele>506.4</ele><time>2026-08-28T17:13:36+05:30</time><course>241.994</course><roll>-22.58411</roll><pitch>-62.13424</pitch><mode /></trkpt><trkpt lat="23.3188471" lon="77.3549346"><ele>506.44</ele><time>2026-08-28T17:13:36+05:30</time><course>232.1753</course><roll>-9.999976</roll><pitch>-61.08235</pitch><mode /></trkpt><trkpt lat="23.3188454" lon="77.3549356"><ele>506.41</ele><time>2026-08-28T17:13:36+05:30</time><course>231.5434</course><roll>-14.02662</roll><pitch>-54.39826</pitch><mode /></trkpt><trkpt lat="23.3188444" lon="77.3549371"><ele>506.44</ele><time>2026-08-28T17:13:37+05:30</time><course>230.7484</course><roll>-20.0592</roll><pitch>-49.87056</pitch><mode /></trkpt><trkpt lat="23.3188436" lon="77.3549384"><ele>506.5</ele><time>2026-08-28T17:13:37+05:30</time><course>229.5022</course><roll>-20.86175</roll><pitch>-38.05033</pitch><mode /></trkpt><trkpt lat="23.3188432" lon="77.3549392"><ele>506.58</ele><time>2026-08-28T17:13:37+05:30</time><course>231.3039</course><roll>-20.79782</roll><pitch>-39.91015</pitch><mode /></trkpt><trkpt lat="23.3188434" lon="77.3549393"><ele>506.6</ele><time>2026-08-28T17:13:37+05:30</time><course>231.6553</course><roll>-20.07549</roll><pitch>-44.4704</pitch><mode /></trkpt><trkpt lat="23.3188433" lon="77.3549397"><ele>506.71</ele><time>2026-08-28T17:13:37+05:30</time><course>228.2672</course><roll>-11.39234</roll><pitch>-43.23406</pitch><mode /></trkpt><trkpt lat="23.3188427" lon="77.3549394"><ele>506.81</ele><time>2026-08-28T17:13:38+05:30</time><course>225.4328</course><roll>8.923899</roll><pitch>-32.34117</pitch><mode /></trkpt><trkpt lat="23.3188437" lon="77.3549396"><ele>506.96</ele><time>2026-08-28T17:13:38+05:30</time><course>223.7717</course><roll>6.470248</roll><pitch>-36.70442</pitch><mode /></trkpt><trkpt lat="23.3188441" lon="77.3549397"><ele>506.96</ele><time>2026-08-28T17:13:38+05:30</time><course>228.7386</course><roll>5.517857</roll><pitch>-35.93509</pitch><mode /></trkpt><trkpt lat="23.3188433" lon="77.3549398"><ele>507</ele><time>2026-08-28T17:13:38+05:30</time><course>245.6837</course><roll>-2.879419</roll><pitch>-39.891</pitch><mode /></trkpt><trkpt lat="23.3188422" lon="77.3549411"><ele>507.13</ele><time>2026-08-28T17:13:39+05:30</time><course>279.5874</course><roll>-31.31458</roll><pitch>-39.2389</pitch><mode /></trkpt><trkpt lat="23.3188405" lon="77.3549426"><ele>507.01</ele><time>2026-08-28T17:13:39+05:30</time><course>296.4675</course><roll>-48.13819</roll><pitch>-29.9157</pitch><mode /></trkpt><trkpt lat="23.3188391" lon="77.3549442"><ele>507.06</ele><time>2026-08-28T17:13:39+05:30</time><course>299.8211</course><roll>-56.06061</roll><pitch>-15.62497</pitch><mode /></trkpt><trkpt lat="23.3188363" lon="77.3549451"><ele>507.16</ele><time>2026-08-28T17:13:39+05:30</time><course>302.7396</course><roll>-57.92245</roll><pitch>-12.53085</pitch><mode /></trkpt><trkpt lat="23.3188348" lon="77.3549465"><ele>507.3</ele><time>2026-08-28T17:13:39+05:30</time><course>307.8929</course><roll>-58.71844</roll><pitch>-6.49434</pitch><mode /></trkpt><trkpt lat="23.3188332" lon="77.3549483"><ele>507.35</ele><time>2026-08-28T17:13:40+05:30</time><course>301.857</course><roll>-44.04591</roll><pitch>9.469032</pitch><mode /></trkpt><trkpt lat="23.3188318" lon="77.3549491"><ele>507.38</ele><time>2026-08-28T17:13:40+05:30</time><course>310.4652</course><roll>-39.70124</roll><pitch>8.231879</pitch><mode /></trkpt><trkpt lat="23.3188321" lon="77.3549504"><ele>507.37</ele><time>2026-08-28T17:13:40+05:30</time><course>323.192</course><roll>-49.23809</roll><pitch>3.672138</pitch><mode /></trkpt><trkpt lat="23.318831" lon="77.3549516"><ele>507.24</ele><time>2026-08-28T17:13:40+05:30</time><course>328.88</course><roll>-44.8643</roll><pitch>6.208599</pitch><mode /></trkpt><trkpt lat="23.3188299" lon="77.3549528"><ele>507.28</ele><time>2026-08-28T17:13:40+05:30</time><course>328.633</course><roll>-41.53252</roll><pitch>8.832602</pitch><mode /></trkpt><trkpt lat="23.3188286" lon="77.3549537"><ele>507.31</ele><time>2026-08-28T17:13:41+05:30</time><course>329.4168</course><roll>-36.57125</roll><pitch>8.342628</pitch><mode /></trkpt><trkpt lat="23.3188267" lon="77.3549543"><ele>507.29</ele><time>2026-08-28T17:13:41+05:30</time><course>326.9013</course><roll>-33.3083</roll><pitch>3.183964</pitch><mode /></trkpt><trkpt lat="23.318825" lon="77.3549551"><ele>507.18</ele><time>2026-08-28T17:13:41+05:30</time><course>338.0883</course><roll>-43.88794</roll><pitch>-6.718006</pitch><mode /></trkpt><trkpt lat="23.3188232" lon="77.3549557"><ele>506.95</ele><time>2026-08-28T17:13:41+05:30</time><course>351.681</course><roll>-59.5845</roll><pitch>-10.77991</pitch><mode /></trkpt><trkpt lat="23.3188221" lon="77.3549569"><ele>507.18</ele><time>2026-08-28T17:13:41+05:30</time><course>344.9966</course><roll>-64.50916</roll><pitch>-3.807186</pitch><mode /></trkpt><trkpt lat="23.3188206" lon="77.3549576"><ele>506.96</ele><time>2026-08-28T17:13:42+05:30</time><course>341.285</course><roll>-70.10334</roll><pitch>-10.13913</pitch><mode /></trkpt><trkpt lat="23.3188179" lon="77.3549582"><ele>506.8</ele><time>2026-08-28T17:13:42+05:30</time><course>338.073</course><roll>-74.16212</roll><pitch>-13.46758</pitch><mode /></trkpt><trkpt lat="23.3188154" lon="77.3549587"><ele>506.79</ele><time>2026-08-28T17:13:42+05:30</time><course>336.5499</course><roll>-74.17964</roll><pitch>-17.67596</pitch><mode /></trkpt><trkpt lat="23.3188107" lon="77.35496"><ele>506.83</ele><time>2026-08-28T17:13:42+05:30</time><course>336.2964</course><roll>-67.33316</roll><pitch>-26.90416</pitch><mode /></trkpt><trkpt lat="23.318808" lon="77.3549612"><ele>506.8</ele><time>2026-08-28T17:13:43+05:30</time><course>335.4095</course><roll>-63.55511</roll><pitch>-19.48336</pitch><mode /></trkpt><trkpt lat="23.3188061" lon="77.3549617"><ele>506.72</ele><time>2026-08-28T17:13:43+05:30</time><course>334.2978</course><roll>-65.75835</roll><pitch>-21.94086</pitch><mode /></trkpt><trkpt lat="23.3188041" lon="77.354962"><ele>506.64</ele><time>2026-08-28T17:13:43+05:30</time><course>332.266</course><roll>-70.73943</roll><pitch>-17.48622</pitch><mode /></trkpt><trkpt lat="23.3188024" lon="77.3549627"><ele>506.69</ele><time>2026-08-28T17:13:43+05:30</time><course>332.4669</course><roll>-75.82292</roll><pitch>-11.09722</pitch><mode /></trkpt><trkpt lat="23.3188007" lon="77.3549631"><ele>506.47</ele><time>2026-08-28T17:13:44+05:30</time><course>331.4984</course><roll>-66.96062</roll><pitch>-14.33191</pitch><mode /></trkpt><trkpt lat="23.3187998" lon="77.3549635"><ele>506.43</ele><time>2026-08-28T17:13:44+05:30</time><course>315.6644</course><roll>-61.85478</roll><pitch>-19.42861</pitch><mode /></trkpt><trkpt lat="23.3187982" lon="77.354963"><ele>506.3</ele><time>2026-08-28T17:13:44+05:30</time><course>295.2258</course><roll>-53.15458</roll><pitch>-18.83807</pitch><mode /></trkpt><trkpt lat="23.3187964" lon="77.3549631"><ele>506.3</ele><time>2026-08-28T17:13:44+05:30</time><course>292.7336</course><roll>-50.31097</roll><pitch>-23.00302</pitch><mode /></trkpt><trkpt lat="23.3187946" lon="77.3549627"><ele>506.22</ele><time>2026-08-28T17:13:45+05:30</time><course>301.449</course><roll>-48.49123</roll><pitch>-29.58388</pitch><mode /></trkpt><trkpt lat="23.3187919" lon="77.3549631"><ele>506.26</ele><time>2026-08-28T17:13:45+05:30</time><course>299.4548</course><roll>-20.27267</roll><pitch>-47.6783</pitch><mode /></trkpt><trkpt lat="23.3187904" lon="77.3549622"><ele>506.01</ele><time>2026-08-28T17:13:45+05:30</time><course>287.1354</course><roll>-4.228096</roll><pitch>-55.32984</pitch><mode /></trkpt><trkpt lat="23.3187891" lon="77.3549613"><ele>505.86</ele><time>2026-08-28T17:13:45+05:30</time><course>281.6717</course><roll>0.1369836</roll><pitch>-55.0007</pitch><mode /></trkpt><trkpt lat="23.3187873" lon="77.3549615"><ele>506.04</ele><time>2026-08-28T17:13:46+05:30</time><course>277.2517</course><roll>0.3706487</roll><pitch>-57.49139</pitch><mode /></trkpt><trkpt lat="23.3187859" lon="77.354961"><ele>505.92</ele><time>2026-08-28T17:13:46+05:30</time><course>281.7719</course><roll>-0.4783047</roll><pitch>-65.05668</pitch><mode /></trkpt><trkpt lat="23.3187844" lon="77.3549611"><ele>505.95</ele><time>2026-08-28T17:13:46+05:30</time><course>297.6013</course><roll>-8.00998</roll><pitch>-64.46568</pitch><mode /></trkpt><trkpt lat="23.3187837" lon="77.3549616"><ele>505.93</ele><time>2026-08-28T17:13:46+05:30</time><course>306.4995</course><roll>-12.54096</roll><pitch>-62.88678</pitch><mode /></trkpt><trkpt lat="23.3187834" lon="77.3549622"><ele>505.96</ele><time>2026-08-28T17:13:46+05:30</time><course>308.1188</course><roll>-9.470461</roll><pitch>-62.11377</pitch><mode /></trkpt><trkpt lat="23.3187831" lon="77.3549625"><ele>506.04</ele><time>2026-08-28T17:13:47+05:30</time><course>306.1077</course><roll>-2.932873</roll><pitch>-63.9357</pitch><mode /></trkpt><trkpt lat="23.3187829" lon="77.3549626"><ele>506.19</ele><time>2026-08-28T17:13:47+05:30</time><course>303.2261</course><roll>-0.6089851</roll><pitch>-61.20695</pitch><mode /></trkpt><trkpt lat="23.3187821" lon="77.3549624"><ele>506.52</ele><time>2026-08-28T17:13:47+05:30</time><course>300.6884</course><roll>12.66863</roll><pitch>-64.7008</pitch><mode /></trkpt><trkpt lat="23.3187813" lon="77.3549622"><ele>506.61</ele><time>2026-08-28T17:13:47+05:30</time><course>291.8223</course><roll>27.72733</roll><pitch>-65.3249</pitch><mode /></trkpt><trkpt lat="23.3187802" lon="77.3549623"><ele>506.68</ele><time>2026-08-28T17:13:48+05:30</time><course>286.8132</course><roll>41.96433</roll><pitch>-65.53655</pitch><mode /></trkpt><trkpt lat="23.3187794" lon="77.3549625"><ele>506.76</ele><time>2026-08-28T17:13:48+05:30</time><course>294.3085</course><roll>40.41993</roll><pitch>-62.86257</pitch><mode /></trkpt><trkpt lat="23.3187779" lon="77.3549638"><ele>506.87</ele><time>2026-08-28T17:13:48+05:30</time><course>287.0995</course><roll>48.02566</roll><pitch>-61.32469</pitch><mode /></trkpt><trkpt lat="23.3187766" lon="77.3549647"><ele>506.74</ele><time>2026-08-28T17:13:48+05:30</time><course>290.9221</course><roll>46.05751</roll><pitch>-60.16334</pitch><mode /></trkpt><trkpt lat="23.3187768" lon="77.3549646"><ele>506.71</ele><time>2026-08-28T17:13:49+05:30</time><course>288.3629</course><roll>48.47059</roll><pitch>-58.52258</pitch><mode /></trkpt><trkpt lat="23.318777" lon="77.3549647"><ele>506.7</ele><time>2026-08-28T17:13:49+05:30</time><course>293.5461</course><roll>45.98109</roll><pitch>-58.04282</pitch><mode /></trkpt><trkpt lat="23.3187775" lon="77.3549651"><ele>506.67</ele><time>2026-08-28T17:13:49+05:30</time><course>304.0429</course><roll>35.94512</roll><pitch>-58.2527</pitch><mode /></trkpt><trkpt lat="23.3187782" lon="77.3549649"><ele>506.64</ele><time>2026-08-28T17:13:49+05:30</time><course>332.0328</course><roll>0.6397349</roll><pitch>-59.2434</pitch><mode /></trkpt><trkpt lat="23.3187788" lon="77.354965"><ele>506.68</ele><time>2026-08-28T17:13:49+05:30</time><course>354.8688</course><roll>-21.01858</roll><pitch>-54.80477</pitch><mode /></trkpt><trkpt lat="23.3187791" lon="77.3549654"><ele>506.73</ele><time>2026-08-28T17:13:50+05:30</time><course>10.05189</course><roll>-29.7978</roll><pitch>-59.39017</pitch><mode /></trkpt><trkpt lat="23.3187796" lon="77.354965"><ele>506.58</ele><time>2026-08-28T17:13:50+05:30</time><course>29.20934</course><roll>-41.55905</roll><pitch>-53.67926</pitch><mode /></trkpt><trkpt lat="23.3187802" lon="77.3549638"><ele>506.53</ele><time>2026-08-28T17:13:50+05:30</time><course>60.99571</course><roll>-60.16884</roll><pitch>-23.25292</pitch><mode /></trkpt><trkpt lat="23.3187797" lon="77.3549632"><ele>506.52</ele><time>2026-08-28T17:13:50+05:30</time><course>64.00305</course><roll>-73.63332</roll><pitch>-13.0361</pitch><mode /></trkpt><trkpt lat="23.3187792" lon="77.3549619"><ele>506.47</ele><time>2026-08-28T17:13:51+05:30</time><course>65.69956</course><roll>-75.25371</roll><pitch>0.236659</pitch><mode /></trkpt><trkpt lat="23.3187787" lon="77.3549608"><ele>506.39</ele><time>2026-08-28T17:13:51+05:30</time><course>80.44588</course><roll>-61.15767</roll><pitch>26.89178</pitch><mode /></trkpt><trkpt lat="23.3187791" lon="77.354963"><ele>506.49</ele><time>2026-08-28T17:13:51+05:30</time><course>108.222</course><roll>-43.4602</roll><pitch>-49.59472</pitch><mode /></trkpt><trkpt lat="23.3187797" lon="77.3549637"><ele>506.4</ele><time>2026-08-28T17:13:51+05:30</time><course>52.91109</course><roll>22.6789</roll><pitch>-57.46308</pitch><mode /></trkpt><trkpt lat="23.3187795" lon="77.3549647"><ele>506.32</ele><time>2026-08-28T17:13:52+05:30</time><course>30.50481</course><roll>49.7703</roll><pitch>-48.03222</pitch><mode /></trkpt><trkpt lat="23.3187799" lon="77.3549642"><ele>506.24</ele><time>2026-08-28T17:13:52+05:30</time><course>24.0998</course><roll>55.992</roll><pitch>-39.99339</pitch><mode /></trkpt><trkpt lat="23.3187801" lon="77.3549636"><ele>506.11</ele><time>2026-08-28T17:13:52+05:30</time><course>17.38694</course><roll>60.01529</roll><pitch>-35.36685</pitch><mode /></trkpt><trkpt lat="23.31878" lon="77.3549638"><ele>506.14</ele><time>2026-08-28T17:13:52+05:30</time><course>14.30888</course><roll>61.51149</roll><pitch>-33.3399</pitch><mode /></trkpt><trkpt lat="23.3187799" lon="77.3549643"><ele>506.29</ele><time>2026-08-28T17:13:52+05:30</time><course>9.231431</course><roll>63.88757</roll><pitch>-34.93779</pitch><mode /></trkpt><trkpt lat="23.31878" lon="77.3549642"><ele>506.32</ele><time>2026-08-28T17:13:53+05:30</time><course>5.21546</course><roll>72.55724</roll><pitch>-31.55416</pitch><mode /></trkpt><trkpt lat="23.3187797" lon="77.3549647"><ele>506.41</ele><time>2026-08-28T17:13:53+05:30</time><course>359.0322</course><roll>79.164</roll><pitch>-28.26603</pitch><mode /></trkpt><trkpt lat="23.3187793" lon="77.354966"><ele>506.61</ele><time>2026-08-28T17:13:53+05:30</time><course>359.4036</course><roll>81.88588</roll><pitch>-25.51364</pitch><mode /></trkpt><trkpt lat="23.3187796" lon="77.3549662"><ele>506.74</ele><time>2026-08-28T17:13:53+05:30</time><course>0.3172225</course><roll>83.55793</roll><pitch>-25.5486</pitch><mode /></trkpt><trkpt lat="23.3187801" lon="77.3549661"><ele>506.8</ele><time>2026-08-28T17:13:53+05:30</time><course>1.614007</course><roll>82.42022</roll><pitch>-26.28763</pitch><mode /></trkpt><trkpt lat="23.3187806" lon="77.3549657"><ele>506.81</ele><time>2026-08-28T17:13:54+05:30</time><course>2.012335</course><roll>79.04679</roll><pitch>-28.04542</pitch><mode /></trkpt><trkpt lat="23.3187805" lon="77.354966"><ele>506.96</ele><time>2026-08-28T17:13:54+05:30</time><course>4.577639</course><roll>75.8404</roll><pitch>-27.89191</pitch><mode /></trkpt><trkpt lat="23.3187806" lon="77.3549656"><ele>507.14</ele><time>2026-08-28T17:13:54+05:30</time><course>9.174826</course><roll>72.67247</roll><pitch>-24.26633</pitch><mode /></trkpt><trkpt lat="23.3187809" lon="77.3549651"><ele>507.2</ele><time>2026-08-28T17:13:54+05:30</time><course>2.724697</course><roll>69.77218</roll><pitch>-18.82648</pitch><mode /></trkpt><trkpt lat="23.3187811" lon="77.3549647"><ele>507.13</ele><time>2026-08-28T17:13:55+05:30</time><course>348.6226</course><roll>75.94614</roll><pitch>-14.00933</pitch><mode /></trkpt><trkpt lat="23.3187821" lon="77.3549649"><ele>507.09</ele><time>2026-08-28T17:13:55+05:30</time><course>356.8259</course><roll>65.06064</roll><pitch>-15.34458</pitch><mode /></trkpt><trkpt lat="23.3187828" lon="77.3549669"><ele>507.21</ele><time>2026-08-28T17:13:56+05:30</time><course>344.5148</course><roll>50.25512</roll><pitch>-24.8227</pitch><mode /></trkpt><trkpt lat="23.3187825" lon="77.3549668"><ele>506.97</ele><time>2026-08-28T17:13:57+05:30</time><course>345.0683</course><roll>30.78168</roll><pitch>-32.31547</pitch><mode /></trkpt><trkpt lat="23.3187821" lon="77.3549665"><ele>507.21</ele><time>2026-08-28T17:13:57+05:30</time><course>327.4065</course><roll>48.90339</roll><pitch>-35.70007</pitch><mode /></trkpt><trkpt lat="23.3187807" lon="77.354966"><ele>507.13</ele><time>2026-08-28T17:13:57+05:30</time><course>316.4164</course><roll>63.54171</roll><pitch>-31.62757</pitch><mode /></trkpt><trkpt lat="23.3187777" lon="77.3549645"><ele>507.25</ele><time>2026-08-28T17:13:57+05:30</time><course>313.9323</course><roll>67.04759</roll><pitch>-29.22029</pitch><mode /></trkpt><trkpt lat="23.3187767" lon="77.3549642"><ele>507.4</ele><time>2026-08-28T17:13:57+05:30</time><course>302.6082</course><roll>72.13213</roll><pitch>-26.67916</pitch><mode /></trkpt><trkpt lat="23.3187743" lon="77.3549635"><ele>507.54</ele><time>2026-08-28T17:13:58+05:30</time><course>296.0794</course><roll>78.93608</roll><pitch>-19.52583</pitch><mode /></trkpt><trkpt lat="23.3187735" lon="77.3549628"><ele>507.53</ele><time>2026-08-28T17:13:58+05:30</time><course>285.7593</course><roll>89.81317</roll><pitch>-15.17102</pitch><mode /></trkpt><trkpt lat="23.3187731" lon="77.354962"><ele>507.51</ele><time>2026-08-28T17:13:58+05:30</time><course>286.6274</course><roll>95.1423</roll><pitch>-15.05578</pitch><mode /></trkpt><trkpt lat="23.3187723" lon="77.354961"><ele>507.59</ele><time>2026-08-28T17:13:58+05:30</time><course>287.9214</course><roll>95.86774</roll><pitch>-22.22725</pitch><mode /></trkpt><trkpt lat="23.3187718" lon="77.3549605"><ele>507.49</ele><time>2026-08-28T17:13:58+05:30</time><course>291.5833</course><roll>92.97513</roll><pitch>-24.01856</pitch><mode /></trkpt><trkpt lat="23.318771" lon="77.3549604"><ele>507.59</ele><time>2026-08-28T17:13:59+05:30</time><course>287.9094</course><roll>91.03103</roll><pitch>-19.01178</pitch><mode /></trkpt><trkpt lat="23.3187702" lon="77.3549599"><ele>507.52</ele><time>2026-08-28T17:13:59+05:30</time><course>286.0916</course><roll>87.14826</roll><pitch>-16.57712</pitch><mode /></trkpt><trkpt lat="23.3187698" lon="77.3549596"><ele>507.48</ele><time>2026-08-28T17:13:59+05:30</time><course>289.9567</course><roll>84.99939</roll><pitch>-19.57239</pitch><mode /></trkpt><trkpt lat="23.3187691" lon="77.35496"><ele>507.49</ele><time>2026-08-28T17:13:59+05:30</time><course>291.6867</course><roll>87.33876</roll><pitch>-19.99494</pitch><mode /></trkpt><trkpt lat="23.3187693" lon="77.3549609"><ele>507.45</ele><time>2026-08-28T17:14:00+05:30</time><course>295.042</course><roll>86.34</roll><pitch>-18.33596</pitch><mode /></trkpt><trkpt lat="23.3187711" lon="77.3549623"><ele>507.5</ele><time>2026-08-28T17:14:00+05:30</time><course>295.7357</course><roll>86.58965</roll><pitch>-18.39643</pitch><mode /></trkpt><trkpt lat="23.3187718" lon="77.3549626"><ele>507.41</ele><time>2026-08-28T17:14:00+05:30</time><course>297.6757</course><roll>84.69843</roll><pitch>-19.9618</pitch><mode /></trkpt><trkpt lat="23.3187713" lon="77.3549624"><ele>507.18</ele><time>2026-08-28T17:14:00+05:30</time><course>302.9853</course><roll>79.0365</roll><pitch>-21.52621</pitch><mode /></trkpt><trkpt lat="23.3187715" lon="77.3549623"><ele>507.01</ele><time>2026-08-28T17:14:00+05:30</time><course>306.9315</course><roll>75.26419</roll><pitch>-20.36562</pitch><mode /></trkpt><trkpt lat="23.3187718" lon="77.3549631"><ele>506.91</ele><time>2026-08-28T17:14:01+05:30</time><course>312.4275</course><roll>64.1647</roll><pitch>-19.64023</pitch><mode /></trkpt><trkpt lat="23.3187721" lon="77.3549634"><ele>506.82</ele><time>2026-08-28T17:14:01+05:30</time><course>312.2209</course><roll>70.40846</roll><pitch>-24.02958</pitch><mode /></trkpt><trkpt lat="23.3187734" lon="77.3549639"><ele>506.8</ele><time>2026-08-28T17:14:01+05:30</time><course>317.6899</course><roll>74.81858</roll><pitch>-21.86625</pitch><mode /></trkpt><trkpt lat="23.3187739" lon="77.3549643"><ele>506.63</ele><time>2026-08-28T17:14:02+05:30</time><course>323.1926</course><roll>70.04717</roll><pitch>-24.02845</pitch><mode /></trkpt><trkpt lat="23.318774" lon="77.3549646"><ele>506.63</ele><time>2026-08-28T17:14:02+05:30</time><course>321.1714</course><roll>62.29133</roll><pitch>-32.59153</pitch><mode /></trkpt><trkpt lat="23.3187743" lon="77.3549645"><ele>506.85</ele><time>2026-08-28T17:14:02+05:30</time><course>335.5201</course><roll>33.83884</roll><pitch>-47.90068</pitch><mode /></trkpt><trkpt lat="23.3187746" lon="77.3549648"><ele>506.92</ele><time>2026-08-28T17:14:02+05:30</time><course>14.46873</course><roll>-24.73726</roll><pitch>-47.68051</pitch><mode /></trkpt><trkpt lat="23.3187749" lon="77.3549643"><ele>506.88</ele><time>2026-08-28T17:14:02+05:30</time><course>27.41457</course><roll>-48.66999</roll><pitch>-34.07477</pitch><mode /></trkpt><trkpt lat="23.3187747" lon="77.3549651"><ele>507.01</ele><time>2026-08-28T17:14:03+05:30</time><course>26.89322</course><roll>-56.65652</roll><pitch>-17.66605</pitch><mode /></trkpt><trkpt lat="23.318775" lon="77.3549676"><ele>507.13</ele><time>2026-08-28T17:14:03+05:30</time><course>25.9708</course><roll>-68.03242</roll><pitch>-1.57291</pitch><mode /></trkpt><trkpt lat="23.3187742" lon="77.3549689"><ele>507.03</ele><time>2026-08-28T17:14:03+05:30</time><course>26.26365</course><roll>-71.04985</roll><pitch>8.145333</pitch><mode /></trkpt><trkpt lat="23.3187738" lon="77.3549703"><ele>507.14</ele><time>2026-08-28T17:14:03+05:30</time><course>31.88891</course><roll>-65.63061</roll><pitch>-1.541192</pitch><mode /></trkpt><trkpt lat="23.3187737" lon="77.354971"><ele>507.08</ele><time>2026-08-28T17:14:03+05:30</time><course>22.47252</course><roll>-55.75183</roll><pitch>-4.986874</pitch><mode /></trkpt><trkpt lat="23.3187749" lon="77.3549723"><ele>507.32</ele><time>2026-08-28T17:14:04+05:30</time><course>16.09471</course><roll>-49.02105</roll><pitch>-1.943525</pitch><mode /></trkpt><trkpt lat="23.3187761" lon="77.3549719"><ele>507.53</ele><time>2026-08-28T17:14:04+05:30</time><course>13.76442</course><roll>-36.13393</roll><pitch>3.141367</pitch><mode /></trkpt><trkpt lat="23.3187769" lon="77.3549725"><ele>507.67</ele><time>2026-08-28T17:14:04+05:30</time><course>14.83594</course><roll>-20.88384</roll><pitch>5.656194</pitch><mode /></trkpt><trkpt lat="23.3187774" lon="77.3549721"><ele>507.49</ele><time>2026-08-28T17:14:04+05:30</time><course>20.50665</course><roll>-3.208206</roll><pitch>2.873538</pitch><mode /></trkpt><trkpt lat="23.3187778" lon="77.3549717"><ele>507.36</ele><time>2026-08-28T17:14:04+05:30</time><course>21.55838</course><roll>5.273562</roll><pitch>-2.363735</pitch><mode /></trkpt><trkpt lat="23.3187783" lon="77.354972"><ele>507.43</ele><time>2026-08-28T17:14:05+05:30</time><course>16.99439</course><roll>2.423368</roll><pitch>-4.414248</pitch><mode /></trkpt><trkpt lat="23.3187774" lon="77.3549715"><ele>507.46</ele><time>2026-08-28T17:14:05+05:30</time><course>9.238244</course><roll>-2.755182</roll><pitch>-4.011415</pitch><mode /></trkpt><trkpt lat="23.3187764" lon="77.3549712"><ele>507.28</ele><time>2026-08-28T17:14:05+05:30</time><course>4.694646</course><roll>-1.204958</roll><pitch>-3.733122</pitch><mode /></trkpt><trkpt lat="23.3187751" lon="77.3549713"><ele>507.18</ele><time>2026-08-28T17:14:05+05:30</time><course>359.8732</course><roll>1.118963</roll><pitch>-3.930678</pitch><mode /></trkpt><trkpt lat="23.3187743" lon="77.3549712"><ele>507.14</ele><time>2026-08-28T17:14:05+05:30</time><course>353.9014</course><roll>2.41732</roll><pitch>-5.68003</pitch><mode /></trkpt><trkpt lat="23.318774" lon="77.3549707"><ele>507.18</ele><time>2026-08-28T17:14:06+05:30</time><course>353.583</course><roll>1.661247</roll><pitch>-3.991799</pitch><mode /></trkpt><trkpt lat="23.3187739" lon="77.354971"><ele>507.36</ele><time>2026-08-28T17:14:06+05:30</time><course>352.4924</course><roll>1.272078</roll><pitch>-5.100985</pitch><mode /></trkpt><trkpt lat="23.3187733" lon="77.3549696"><ele>507.01</ele><time>2026-08-28T17:14:06+05:30</time><course>353.2374</course><roll>0.3518254</roll><pitch>-5.361602</pitch><mode /></trkpt><trkpt lat="23.3187729" lon="77.3549698"><ele>506.78</ele><time>2026-08-28T17:14:06+05:30</time><course>343.8648</course><roll>-0.9668351</roll><pitch>-7.868938</pitch><mode /></trkpt><trkpt lat="23.3187714" lon="77.3549699"><ele>506.72</ele><time>2026-08-28T17:14:07+05:30</time><course>337.2475</course><roll>0.8367764</roll><pitch>4.496473</pitch><mode /></trkpt><trkpt lat="23.318771" lon="77.3549696"><ele>506.81</ele><time>2026-08-28T17:14:07+05:30</time><course>329.9219</course><roll>11.27823</roll><pitch>5.1576</pitch><mode /></trkpt><trkpt lat="23.3187743" lon="77.3549675"><ele>506.93</ele><time>2026-08-28T17:14:07+05:30</time><course>330.7536</course><roll>6.506927</roll><pitch>-24.97957</pitch><mode /></trkpt><trkpt lat="23.318782" lon="77.3549637"><ele>507.28</ele><time>2026-08-28T17:14:07+05:30</time><course>348.929</course><roll>-13.01123</roll><pitch>-40.91059</pitch><mode /></trkpt><trkpt lat="23.3187913" lon="77.3549598"><ele>507.81</ele><time>2026-08-28T17:14:07+05:30</time><course>0.3901798</course><roll>-27.8052</roll><pitch>-28.33549</pitch><mode /></trkpt><trkpt lat="23.3188011" lon="77.3549568"><ele>508.52</ele><time>2026-08-28T17:14:08+05:30</time><course>31.93101</course><roll>-55.40908</roll><pitch>-36.83479</pitch><mode /></trkpt><trkpt lat="23.3188109" lon="77.3549567"><ele>509.23</ele><time>2026-08-28T17:14:08+05:30</time><course>28.13077</course><roll>-64.65066</roll><pitch>-16.16517</pitch><mode /></trkpt><trkpt lat="23.3188209" lon="77.35496"><ele>509.87</ele><time>2026-08-28T17:14:08+05:30</time><course>77.6116</course><roll>-72.08588</roll><pitch>-23.63515</pitch><mode /></trkpt><trkpt lat="23.3188303" lon="77.3549667"><ele>510.42</ele><time>2026-08-28T17:14:08+05:30</time><course>67.24718</course><roll>-66.97158</roll><pitch>-10.05132</pitch><mode /></trkpt><trkpt lat="23.3188374" lon="77.3549764"><ele>510.66</ele><time>2026-08-28T17:14:08+05:30</time><course>95.52528</course><roll>-53.15987</roll><pitch>-22.59265</pitch><mode /></trkpt><trkpt lat="23.3188427" lon="77.3549887"><ele>510.87</ele><time>2026-08-28T17:14:09+05:30</time><course>90.12098</course><roll>-27.30791</roll><pitch>-8.305944</pitch><mode /></trkpt><trkpt lat="23.3188467" lon="77.3550021"><ele>510.98</ele><time>2026-08-28T17:14:09+05:30</time><course>91.9864</course><roll>-2.192135</roll><pitch>-12.19439</pitch><mode /></trkpt><trkpt lat="23.3188509" lon="77.3550161"><ele>510.7</ele><time>2026-08-28T17:14:09+05:30</time><course>87.92019</course><roll>3.817731</roll><pitch>-3.828201</pitch><mode /></trkpt><trkpt lat="23.3188604" lon="77.3550448"><ele>510.1</ele><time>2026-08-28T17:14:09+05:30</time><course>66.75668</course><roll>11.84738</roll><pitch>9.625713</pitch><mode /></trkpt><trkpt lat="23.3188717" lon="77.3550713"><ele>509.34</ele><time>2026-08-28T17:14:10+05:30</time><course>47.31514</course><roll>39.0632</roll><pitch>4.75146</pitch><mode /></trkpt><trkpt lat="23.3188816" lon="77.3550943"><ele>508.26</ele><time>2026-08-28T17:14:10+05:30</time><course>81.10665</course><roll>66.69261</roll><pitch>50.31756</pitch><mode /></trkpt><trkpt lat="23.3188829" lon="77.3551047"><ele>506.81</ele><time>2026-08-28T17:14:10+05:30</time><course>337.1974</course><roll>-36.29273</roll><pitch>23.40047</pitch><mode /></trkpt><trkpt lat="23.3188846" lon="77.3551152"><ele>506.36</ele><time>2026-08-28T17:14:11+05:30</time><course>10.69545</course><roll>-17.58502</roll><pitch>10.24971</pitch><mode /></trkpt><trkpt lat="23.318889" lon="77.3551214"><ele>505.89</ele><time>2026-08-28T17:14:11+05:30</time><course>358.9304</course><roll>-22.17862</roll><pitch>20.61353</pitch><mode /></trkpt><trkpt lat="23.3188919" lon="77.3551236"><ele>505.71</ele><time>2026-08-28T17:14:11+05:30</time><course>354.8024</course><roll>-21.18163</roll><pitch>2.507277</pitch><mode /></trkpt><trkpt lat="23.3188922" lon="77.3551247"><ele>505.8</ele><time>2026-08-28T17:14:11+05:30</time><course>353.3954</course><roll>-22.20631</roll><pitch>8.522536</pitch><mode /></trkpt><trkpt lat="23.3188923" lon="77.3551255"><ele>506</ele><time>2026-08-28T17:14:12+05:30</time><course>351.9621</course><roll>-22.0584</roll><pitch>6.926873</pitch><mode /></trkpt><trkpt lat="23.3188922" lon="77.3551266"><ele>506.32</ele><time>2026-08-28T17:14:13+05:30</time><course>351.6978</course><roll>-21.84582</roll><pitch>6.733088</pitch><mode /></trkpt><trkpt lat="23.3188923" lon="77.3551268"><ele>506.37</ele><time>2026-08-28T17:14:13+05:30</time><course>351.4203</course><roll>-21.79052</roll><pitch>6.285714</pitch><mode /></trkpt><trkpt lat="23.3188924" lon="77.3551271"><ele>506.41</ele><time>2026-08-28T17:14:14+05:30</time><course>351.3883</course><roll>-21.74879</roll><pitch>6.339441</pitch><mode /></trkpt><trkpt lat="23.3188925" lon="77.3551279"><ele>506.57</ele><time>2026-08-28T17:14:14+05:30</time><course>351.1025</course><roll>-21.60906</roll><pitch>5.943376</pitch><mode /></trkpt><trkpt lat="23.3188926" lon="77.3551288"><ele>506.81</ele><time>2026-08-28T17:14:15+05:30</time><course>350.9414</course><roll>-21.42522</roll><pitch>5.618515</pitch><mode /></trkpt><trkpt lat="23.3188925" lon="77.3551294"><ele>507.01</ele><time>2026-08-28T17:14:15+05:30</time><course>350.9471</course><roll>-21.35248</roll><pitch>5.445394</pitch><mode /></trkpt><trkpt lat="23.3188927" lon="77.3551298"><ele>507.17</ele><time>2026-08-28T17:14:15+05:30</time><course>350.8754</course><roll>-21.11329</roll><pitch>5.269148</pitch><mode /></trkpt><trkpt lat="23.3188928" lon="77.35513"><ele>507.24</ele><time>2026-08-28T17:14:16+05:30</time><course>350.8883</course><roll>-21.0775</roll><pitch>5.20699</pitch><mode /></trkpt><trkpt lat="23.3188929" lon="77.355131"><ele>507.64</ele><time>2026-08-28T17:14:17+05:30</time><course>351.1541</course><roll>-20.99547</roll><pitch>5.442347</pitch><mode /></trkpt><trkpt lat="23.318893" lon="77.3551315"><ele>507.74</ele><time>2026-08-28T17:14:17+05:30</time><course>351.1847</course><roll>-20.97916</roll><pitch>5.435056</pitch><mode /></trkpt><trkpt lat="23.3188929" lon="77.3551319"><ele>507.88</ele><time>2026-08-28T17:14:17+05:30</time><course>351.1975</course><roll>-20.9108</roll><pitch>5.294197</pitch><mode /></trkpt><trkpt lat="23.3188931" lon="77.355132"><ele>507.91</ele><time>2026-08-28T17:14:18+05:30</time><course>351.2603</course><roll>-20.87336</roll><pitch>5.173716</pitch><mode /></trkpt><trkpt lat="23.3188932" lon="77.3551321"><ele>507.95</ele><time>2026-08-28T17:14:18+05:30</time><course>351.2767</course><roll>-20.85429</roll><pitch>5.145392</pitch><mode /></trkpt><trkpt lat="23.3188931" lon="77.3551324"><ele>508.09</ele><time>2026-08-28T17:14:18+05:30</time><course>351.326</course><roll>-20.7934</roll><pitch>5.052988</pitch><mode /></trkpt><trkpt lat="23.3188933" lon="77.3551327"><ele>508.21</ele><time>2026-08-28T17:14:19+05:30</time><course>351.353</course><roll>-20.75748</roll><pitch>4.959578</pitch><mode /></trkpt><trkpt lat="23.3188932" lon="77.3551329"><ele>508.28</ele><time>2026-08-28T17:14:19+05:30</time><course>351.4128</course><roll>-20.71894</roll><pitch>4.92817</pitch><mode /></trkpt><trkpt lat="23.3188933" lon="77.3551331"><ele>508.37</ele><time>2026-08-28T17:14:19+05:30</time><course>351.446</course><roll>-20.68069</roll><pitch>4.866469</pitch><mode /></trkpt><trkpt lat="23.3188934" lon="77.3551332"><ele>508.41</ele><time>2026-08-28T17:14:20+05:30</time><course>351.4576</course><roll>-20.67045</roll><pitch>4.835886</pitch><mode /></trkpt><trkpt lat="23.3188935" lon="77.3551333"><ele>508.44</ele><time>2026-08-28T17:14:20+05:30</time><course>351.4741</course><roll>-20.65842</roll><pitch>4.827329</pitch><mode /></trkpt><trkpt lat="23.3188937" lon="77.3551334"><ele>508.48</ele><time>2026-08-28T17:14:20+05:30</time><course>351.5115</course><roll>-20.65405</roll><pitch>4.833271</pitch><mode /></trkpt><trkpt lat="23.3188938" lon="77.3551335"><ele>508.53</ele><time>2026-08-28T17:14:20+05:30</time><course>351.5076</course><roll>-20.64241</roll><pitch>4.805561</pitch><mode /></trkpt><trkpt lat="23.318894" lon="77.3551336"><ele>508.57</ele><time>2026-08-28T17:14:20+05:30</time><course>351.536</course><roll>-20.63331</roll><pitch>4.792935</pitch><mode /></trkpt><trkpt lat="23.3188941" lon="77.3551339"><ele>508.67</ele><time>2026-08-28T17:14:21+05:30</time><course>351.5675</course><roll>-20.62654</roll><pitch>4.785975</pitch><mode /></trkpt><trkpt lat="23.3188942" lon="77.3551338"><ele>508.68</ele><time>2026-08-28T17:14:21+05:30</time><course>351.5708</course><roll>-20.62057</roll><pitch>4.762393</pitch><mode /></trkpt><trkpt lat="23.3188942" lon="77.3551339"><ele>508.78</ele><time>2026-08-28T17:14:22+05:30</time><course>351.6205</course><roll>-20.60623</roll><pitch>4.746505</pitch><mode /></trkpt><trkpt lat="23.3188947" lon="77.355134"><ele>508.97</ele><time>2026-08-28T17:14:24+05:30</time><course>351.7465</course><roll>-20.52917</roll><pitch>4.745728</pitch><mode /></trkpt><trkpt lat="23.3188952" lon="77.3551341"><ele>509.02</ele><time>2026-08-28T17:14:25+05:30</time><course>351.8441</course><roll>-20.52858</roll><pitch>4.773641</pitch><mode /></trkpt><trkpt lat="23.3188953" lon="77.3551342"><ele>509.03</ele><time>2026-08-28T17:14:25+05:30</time><course>351.8534</course><roll>-20.5377</roll><pitch>4.783489</pitch><mode /></trkpt><trkpt lat="23.3188952" lon="77.3551344"><ele>509.02</ele><time>2026-08-28T17:14:25+05:30</time><course>351.8806</course><roll>-20.54668</roll><pitch>4.797276</pitch><mode /></trkpt><trkpt lat="23.3188956" lon="77.3551348"><ele>509</ele><time>2026-08-28T17:14:26+05:30</time><course>351.9582</course><roll>-20.57628</roll><pitch>4.804245</pitch><mode /></trkpt><trkpt lat="23.3188959" lon="77.3551348"><ele>508.97</ele><time>2026-08-28T17:14:27+05:30</time><course>351.9962</course><roll>-20.57178</roll><pitch>4.833689</pitch><mode /></trkpt><trkpt lat="23.318896" lon="77.3551347"><ele>508.96</ele><time>2026-08-28T17:14:27+05:30</time><course>352.0076</course><roll>-20.57571</roll><pitch>4.839742</pitch><mode /></trkpt><trkpt lat="23.3188961" lon="77.3551345"><ele>508.96</ele><time>2026-08-28T17:14:27+05:30</time><course>352.0087</course><roll>-20.56159</roll><pitch>4.848276</pitch><mode /></trkpt><trkpt lat="23.3188964" lon="77.3551344"><ele>509.02</ele><time>2026-08-28T17:14:28+05:30</time><course>352.0389</course><roll>-20.55636</roll><pitch>4.852108</pitch><mode /></trkpt><trkpt lat="23.3188967" lon="77.3551345"><ele>509</ele><time>2026-08-28T17:14:28+05:30</time><course>352.0512</course><roll>-20.55969</roll><pitch>4.871874</pitch><mode /></trkpt><trkpt lat="23.3188968" lon="77.3551344"><ele>508.96</ele><time>2026-08-28T17:14:28+05:30</time><course>352.0613</course><roll>-20.5676</roll><pitch>4.875065</pitch><mode /></trkpt><trkpt lat="23.3188973" lon="77.3551345"><ele>508.91</ele><time>2026-08-28T17:14:29+05:30</time><course>352.0952</course><roll>-20.57042</roll><pitch>4.870746</pitch><mode /></trkpt><trkpt lat="23.3188974" lon="77.3551346"><ele>508.84</ele><time>2026-08-28T17:14:29+05:30</time><course>352.1082</course><roll>-20.58198</roll><pitch>4.8901</pitch><mode /></trkpt><trkpt lat="23.3188977" lon="77.3551348"><ele>508.84</ele><time>2026-08-28T17:14:29+05:30</time><course>352.1236</course><roll>-20.58757</roll><pitch>4.883382</pitch><mode /></trkpt><trkpt lat="23.3188988" lon="77.3551349"><ele>508.64</ele><time>2026-08-28T17:14:31+05:30</time><course>352.1784</course><roll>-20.62893</roll><pitch>4.927339</pitch><mode /></trkpt><trkpt lat="23.318899" lon="77.3551348"><ele>508.63</ele><time>2026-08-28T17:14:31+05:30</time><course>352.1849</course><roll>-20.61349</roll><pitch>4.914196</pitch><mode /></trkpt><trkpt lat="23.3188992" lon="77.355135"><ele>508.65</ele><time>2026-08-28T17:14:31+05:30</time><course>352.1974</course><roll>-20.61748</roll><pitch>4.918672</pitch><mode /></trkpt><trkpt lat="23.3188995" lon="77.3551351"><ele>508.57</ele><time>2026-08-28T17:14:31+05:30</time><course>352.2234</course><roll>-20.61402</roll><pitch>4.931078</pitch><mode /></trkpt><trkpt lat="23.3188999" lon="77.3551352"><ele>508.49</ele><time>2026-08-28T17:14:32+05:30</time><course>352.2449</course><roll>-20.61472</roll><pitch>4.934741</pitch><mode /></trkpt><trkpt lat="23.3189002" lon="77.3551354"><ele>508.51</ele><time>2026-08-28T17:14:32+05:30</time><course>352.2511</course><roll>-20.61201</roll><pitch>4.939955</pitch><mode /></trkpt><trkpt lat="23.3189003" lon="77.3551357"><ele>508.47</ele><time>2026-08-28T17:14:33+05:30</time><course>352.3005</course><roll>-20.61997</roll><pitch>4.933492</pitch><mode /></trkpt><trkpt lat="23.3189006" lon="77.3551359"><ele>508.46</ele><time>2026-08-28T17:14:33+05:30</time><course>352.3252</course><roll>-20.62737</roll><pitch>4.919057</pitch><mode /></trkpt><trkpt lat="23.3189006" lon="77.355136"><ele>508.46</ele><time>2026-08-28T17:14:34+05:30</time><course>352.3604</course><roll>-20.62133</roll><pitch>4.90569</pitch><mode /></trkpt><trkpt lat="23.3189008" lon="77.3551361"><ele>508.38</ele><time>2026-08-28T17:14:34+05:30</time><course>352.3814</course><roll>-20.62167</roll><pitch>4.914978</pitch><mode /></trkpt><trkpt lat="23.3189009" lon="77.3551363"><ele>508.31</ele><time>2026-08-28T17:14:34+05:30</time><course>352.3999</course><roll>-20.61385</roll><pitch>4.912683</pitch><mode /></trkpt><trkpt lat="23.3189011" lon="77.3551364"><ele>508.21</ele><time>2026-08-28T17:14:35+05:30</time><course>352.4191</course><roll>-20.61615</roll><pitch>4.903705</pitch><mode /></trkpt><trkpt lat="23.3189013" lon="77.3551365"><ele>508.12</ele><time>2026-08-28T17:14:35+05:30</time><course>352.4353</course><roll>-20.61281</roll><pitch>4.901139</pitch><mode /></trkpt><trkpt lat="23.3189016" lon="77.3551366"><ele>508.03</ele><time>2026-08-28T17:14:36+05:30</time><course>352.4629</course><roll>-20.60492</roll><pitch>4.886886</pitch><mode /></trkpt><trkpt lat="23.3189019" lon="77.3551368"><ele>507.65</ele><time>2026-08-28T17:14:37+05:30</time><course>352.5344</course><roll>-20.57001</roll><pitch>4.882589</pitch><mode /></trkpt><trkpt lat="23.318902" lon="77.3551372"><ele>507.6</ele><time>2026-08-28T17:14:38+05:30</time><course>352.5784</course><roll>-20.58435</roll><pitch>4.883512</pitch><mode /></trkpt><trkpt lat="23.3189022" lon="77.3551373"><ele>507.63</ele><time>2026-08-28T17:14:38+05:30</time><course>352.5831</course><roll>-20.58107</roll><pitch>4.883218</pitch><mode /></trkpt><trkpt lat="23.318903" lon="77.3551377"><ele>507.49</ele><time>2026-08-28T17:14:40+05:30</time><course>352.6546</course><roll>-20.58462</roll><pitch>4.910336</pitch><mode /></trkpt><trkpt lat="23.3189031" lon="77.3551378"><ele>507.49</ele><time>2026-08-28T17:14:40+05:30</time><course>352.6642</course><roll>-20.58277</roll><pitch>4.919689</pitch><mode /></trkpt><trkpt lat="23.3189032" lon="77.3551381"><ele>507.47</ele><time>2026-08-28T17:14:40+05:30</time><course>352.6794</course><roll>-20.58827</roll><pitch>4.916675</pitch><mode /></trkpt><trkpt lat="23.3189033" lon="77.3551384"><ele>507.43</ele><time>2026-08-28T17:14:41+05:30</time><course>352.7061</course><roll>-20.59126</roll><pitch>4.893805</pitch><mode /></trkpt><trkpt lat="23.3189032" lon="77.3551385"><ele>507.41</ele><time>2026-08-28T17:14:41+05:30</time><course>352.7173</course><roll>-20.59124</roll><pitch>4.892463</pitch><mode /></trkpt><trkpt lat="23.3189033" lon="77.3551386"><ele>507.39</ele><time>2026-08-28T17:14:41+05:30</time><course>352.7342</course><roll>-20.60008</roll><pitch>4.89829</pitch><mode /></trkpt><trkpt lat="23.3189032" lon="77.3551387"><ele>507.37</ele><time>2026-08-28T17:14:41+05:30</time><course>352.7472</course><roll>-20.59614</roll><pitch>4.907913</pitch><mode /></trkpt><trkpt lat="23.3189032" lon="77.355139"><ele>507.27</ele><time>2026-08-28T17:14:42+05:30</time><course>352.8016</course><roll>-20.60649</roll><pitch>4.897832</pitch><mode /></trkpt><trkpt lat="23.3189033" lon="77.3551391"><ele>507.24</ele><time>2026-08-28T17:14:43+05:30</time><course>352.8098</course><roll>-20.59183</roll><pitch>4.917013</pitch><mode /></trkpt><trkpt lat="23.3189034" lon="77.3551393"><ele>507.21</ele><time>2026-08-28T17:14:44+05:30</time><course>352.8106</course><roll>-20.58722</roll><pitch>4.922806</pitch><mode /></trkpt><trkpt lat="23.3189037" lon="77.3551397"><ele>507.14</ele><time>2026-08-28T17:14:45+05:30</time><course>352.8043</course><roll>-20.58844</roll><pitch>4.946304</pitch><mode /></trkpt><trkpt lat="23.3189038" lon="77.3551404"><ele>507.11</ele><time>2026-08-28T17:14:46+05:30</time><course>352.7918</course><roll>-20.58296</roll><pitch>4.958623</pitch><mode /></trkpt><trkpt lat="23.3189039" lon="77.3551405"><ele>507.05</ele><time>2026-08-28T17:14:46+05:30</time><course>352.7919</course><roll>-20.58124</roll><pitch>4.959949</pitch><mode /></trkpt><trkpt lat="23.3189038" lon="77.3551406"><ele>507.04</ele><time>2026-08-28T17:14:46+05:30</time><course>352.7864</course><roll>-20.58611</roll><pitch>4.954388</pitch><mode /></trkpt><trkpt lat="23.3189036" lon="77.3551407"><ele>507.06</ele><time>2026-08-28T17:14:47+05:30</time><course>352.7678</course><roll>-20.58315</roll><pitch>4.966248</pitch><mode /></trkpt><trkpt lat="23.3189035" lon="77.355141"><ele>507</ele><time>2026-08-28T17:14:47+05:30</time><course>352.7647</course><roll>-20.58231</roll><pitch>4.955287</pitch><mode /></trkpt><trkpt lat="23.3189034" lon="77.3551413"><ele>507.02</ele><time>2026-08-28T17:14:48+05:30</time><course>352.7607</course><roll>-20.58376</roll><pitch>4.958378</pitch><mode /></trkpt><trkpt lat="23.3189033" lon="77.3551414"><ele>507.01</ele><time>2026-08-28T17:14:48+05:30</time><course>352.7575</course><roll>-20.57613</roll><pitch>4.957294</pitch><mode /></trkpt><trkpt lat="23.3189034" lon="77.3551415"><ele>507.01</ele><time>2026-08-28T17:14:48+05:30</time><course>352.7601</course><roll>-20.57136</roll><pitch>4.944291</pitch><mode /></trkpt><trkpt lat="23.3189035" lon="77.3551416"><ele>506.99</ele><time>2026-08-28T17:14:48+05:30</time><course>352.7611</course><roll>-20.57384</roll><pitch>4.966641</pitch><mode /></trkpt><trkpt lat="23.3189034" lon="77.3551418"><ele>506.98</ele><time>2026-08-28T17:14:49+05:30</time><course>352.7516</course><roll>-20.57341</roll><pitch>4.95227</pitch><mode /></trkpt><trkpt lat="23.3189035" lon="77.355142"><ele>506.92</ele><time>2026-08-28T17:14:49+05:30</time><course>352.7471</course><roll>-20.55883</roll><pitch>4.971095</pitch><mode /></trkpt><trkpt lat="23.3189033" lon="77.3551421"><ele>506.91</ele><time>2026-08-28T17:14:50+05:30</time><course>352.7368</course><roll>-20.5535</roll><pitch>4.974162</pitch><mode /></trkpt><trkpt lat="23.3189036" lon="77.3551422"><ele>507</ele><time>2026-08-28T17:14:51+05:30</time><course>352.7209</course><roll>-20.55145</roll><pitch>5.000496</pitch><mode /></trkpt><trkpt lat="23.3189037" lon="77.3551423"><ele>507.04</ele><time>2026-08-28T17:14:51+05:30</time><course>352.7185</course><roll>-20.54221</roll><pitch>5.004253</pitch><mode /></trkpt><trkpt lat="23.3189038" lon="77.3551424"><ele>507.09</ele><time>2026-08-28T17:14:51+05:30</time><course>352.7278</course><roll>-20.53448</roll><pitch>5.002922</pitch><mode /></trkpt><trkpt lat="23.3189037" lon="77.3551425"><ele>507.1</ele><time>2026-08-28T17:14:52+05:30</time><course>352.7352</course><roll>-20.54202</roll><pitch>4.990101</pitch><mode /></trkpt><trkpt lat="23.3189036" lon="77.3551426"><ele>507.12</ele><time>2026-08-28T17:14:52+05:30</time><course>352.7398</course><roll>-20.5464</roll><pitch>4.99633</pitch><mode /></trkpt><trkpt lat="23.3189034" lon="77.3551427"><ele>507.12</ele><time>2026-08-28T17:14:52+05:30</time><course>352.7347</course><roll>-20.54705</roll><pitch>4.986072</pitch><mode /></trkpt><trkpt lat="23.3189032" lon="77.355143"><ele>507.25</ele><time>2026-08-28T17:14:53+05:30</time><course>352.7391</course><roll>-20.54277</roll><pitch>4.988687</pitch><mode /></trkpt><trkpt lat="23.3189031" lon="77.3551429"><ele>507.3</ele><time>2026-08-28T17:14:53+05:30</time><course>352.745</course><roll>-20.53739</roll><pitch>4.985622</pitch><mode /></trkpt><trkpt lat="23.3189029" lon="77.3551431"><ele>507.42</ele><time>2026-08-28T17:14:54+05:30</time><course>352.7545</course><roll>-20.5408</roll><pitch>4.996996</pitch><mode /></trkpt><trkpt lat="23.3189025" lon="77.3551432"><ele>507.5</ele><time>2026-08-28T17:14:54+05:30</time><course>352.7649</course><roll>-20.5396</roll><pitch>4.970811</pitch><mode /></trkpt><trkpt lat="23.3189023" lon="77.3551433"><ele>507.65</ele><time>2026-08-28T17:14:55+05:30</time><course>352.7822</course><roll>-20.54049</roll><pitch>4.99585</pitch><mode /></trkpt><trkpt lat="23.318902" lon="77.3551434"><ele>507.76</ele><time>2026-08-28T17:14:55+05:30</time><course>352.7935</course><roll>-20.54397</roll><pitch>5.004427</pitch><mode /></trkpt><trkpt lat="23.3189018" lon="77.3551435"><ele>507.86</ele><time>2026-08-28T17:14:56+05:30</time><course>352.8049</course><roll>-20.5405</roll><pitch>4.997136</pitch><mode /></trkpt><trkpt lat="23.3189013" lon="77.3551436"><ele>507.91</ele><time>2026-08-28T17:14:56+05:30</time><course>352.8321</course><roll>-20.53361</roll><pitch>5.001177</pitch><mode /></trkpt><trkpt lat="23.3189006" lon="77.3551437"><ele>508.07</ele><time>2026-08-28T17:14:57+05:30</time><course>352.8564</course><roll>-20.52631</roll><pitch>4.976522</pitch><mode /></trkpt><trkpt lat="23.3189003" lon="77.3551438"><ele>508.12</ele><time>2026-08-28T17:14:58+05:30</time><course>352.8589</course><roll>-20.53601</roll><pitch>4.971158</pitch><mode /></trkpt><trkpt lat="23.3189001" lon="77.3551439"><ele>508.14</ele><time>2026-08-28T17:14:58+05:30</time><course>352.8674</course><roll>-20.54643</roll><pitch>4.979509</pitch><mode /></trkpt><trkpt lat="23.3189" lon="77.3551441"><ele>508.19</ele><time>2026-08-28T17:14:58+05:30</time><course>352.8734</course><roll>-20.54687</roll><pitch>4.978571</pitch><mode /></trkpt><trkpt lat="23.3188997" lon="77.3551442"><ele>508.32</ele><time>2026-08-28T17:14:59+05:30</time><course>352.8786</course><roll>-20.55759</roll><pitch>4.999491</pitch><mode /></trkpt><trkpt lat="23.3188995" lon="77.3551446"><ele>508.39</ele><time>2026-08-28T17:14:59+05:30</time><course>352.8846</course><roll>-20.57844</roll><pitch>4.988551</pitch><mode /></trkpt><trkpt lat="23.3188994" lon="77.3551447"><ele>508.44</ele><time>2026-08-28T17:14:59+05:30</time><course>352.8876</course><roll>-20.58649</roll><pitch>5.012114</pitch><mode /></trkpt><trkpt lat="23.3188993" lon="77.3551448"><ele>508.48</ele><time>2026-08-28T17:15:00+05:30</time><course>352.8793</course><roll>-20.58322</roll><pitch>5.006397</pitch><mode /></trkpt><trkpt lat="23.3188991" lon="77.355145"><ele>508.58</ele><time>2026-08-28T17:15:00+05:30</time><course>352.88</course><roll>-20.58981</roll><pitch>5.018917</pitch><mode /></trkpt><trkpt lat="23.3188986" lon="77.3551451"><ele>508.64</ele><time>2026-08-28T17:15:01+05:30</time><course>352.8785</course><roll>-20.57678</roll><pitch>5.021234</pitch><mode /></trkpt><trkpt lat="23.3188985" lon="77.3551455"><ele>508.71</ele><time>2026-08-28T17:15:01+05:30</time><course>352.8878</course><roll>-20.57604</roll><pitch>5.036518</pitch><mode /></trkpt><trkpt lat="23.3188982" lon="77.3551456"><ele>508.71</ele><time>2026-08-28T17:15:01+05:30</time><course>352.8903</course><roll>-20.57673</roll><pitch>5.036245</pitch><mode /></trkpt><trkpt lat="23.318898" lon="77.3551457"><ele>508.75</ele><time>2026-08-28T17:15:02+05:30</time><course>352.8933</course><roll>-20.574</roll><pitch>5.047453</pitch><mode /></trkpt><trkpt lat="23.3188978" lon="77.3551458"><ele>508.78</ele><time>2026-08-28T17:15:02+05:30</time><course>352.8839</course><roll>-20.56871</roll><pitch>5.047642</pitch><mode /></trkpt><trkpt lat="23.3188975" lon="77.3551459"><ele>508.83</ele><time>2026-08-28T17:15:02+05:30</time><course>352.8983</course><roll>-20.57101</roll><pitch>5.040974</pitch><mode /></trkpt><trkpt lat="23.3188973" lon="77.355146"><ele>508.84</ele><time>2026-08-28T17:15:02+05:30</time><course>352.9006</course><roll>-20.56364</roll><pitch>5.038598</pitch><mode /></trkpt><trkpt lat="23.318897" lon="77.3551462"><ele>508.87</ele><time>2026-08-28T17:15:02+05:30</time><course>352.9127</course><roll>-20.56813</roll><pitch>5.048749</pitch><mode /></trkpt><trkpt lat="23.3188967" lon="77.3551463"><ele>508.89</ele><time>2026-08-28T17:15:03+05:30</time><course>352.9101</course><roll>-20.56512</roll><pitch>5.055595</pitch><mode /></trkpt><trkpt lat="23.3188966" lon="77.3551464"><ele>508.95</ele><time>2026-08-28T17:15:03+05:30</time><course>352.9143</course><roll>-20.55879</roll><pitch>5.032777</pitch><mode /></trkpt><trkpt lat="23.3188965" lon="77.3551465"><ele>508.98</ele><time>2026-08-28T17:15:03+05:30</time><course>352.9287</course><roll>-20.56898</roll><pitch>5.054667</pitch><mode /></trkpt><trkpt lat="23.3188963" lon="77.3551466"><ele>508.97</ele><time>2026-08-28T17:15:03+05:30</time><course>352.9219</course><roll>-20.56378</roll><pitch>5.054411</pitch><mode /></trkpt><trkpt lat="23.3188961" lon="77.3551468"><ele>508.98</ele><time>2026-08-28T17:15:03+05:30</time><course>352.9341</course><roll>-20.56184</roll><pitch>5.050671</pitch><mode /></trkpt><trkpt lat="23.3188958" lon="77.3551469"><ele>508.98</ele><time>2026-08-28T17:15:04+05:30</time><course>352.9309</course><roll>-20.56132</roll><pitch>5.054025</pitch><mode /></trkpt><trkpt lat="23.3188955" lon="77.3551471"><ele>509.02</ele><time>2026-08-28T17:15:04+05:30</time><course>352.9336</course><roll>-20.56561</roll><pitch>5.042249</pitch><mode /></trkpt><trkpt lat="23.3188953" lon="77.3551473"><ele>509.07</ele><time>2026-08-28T17:15:04+05:30</time><course>352.9251</course><roll>-20.56701</roll><pitch>5.043955</pitch><mode /></trkpt><trkpt lat="23.318895" lon="77.3551474"><ele>509.1</ele><time>2026-08-28T17:15:04+05:30</time><course>352.9276</course><roll>-20.56098</roll><pitch>5.05288</pitch><mode /></trkpt><trkpt lat="23.3188948" lon="77.3551476"><ele>509.15</ele><time>2026-08-28T17:15:04+05:30</time><course>352.9253</course><roll>-20.55307</roll><pitch>5.032002</pitch><mode /></trkpt><trkpt lat="23.3188941" lon="77.3551477"><ele>509.3</ele><time>2026-08-28T17:15:05+05:30</time><course>352.9242</course><roll>-20.54441</roll><pitch>5.031943</pitch><mode /></trkpt><trkpt lat="23.3188935" lon="77.355148"><ele>509.61</ele><time>2026-08-28T17:15:06+05:30</time><course>352.9497</course><roll>-20.53909</roll><pitch>5.037346</pitch><mode /></trkpt><trkpt lat="23.3188933" lon="77.3551482"><ele>509.74</ele><time>2026-08-28T17:15:07+05:30</time><course>352.9511</course><roll>-20.55329</roll><pitch>5.040293</pitch><mode /></trkpt><trkpt lat="23.3188932" lon="77.3551483"><ele>509.79</ele><time>2026-08-28T17:15:07+05:30</time><course>352.9627</course><roll>-20.56399</roll><pitch>5.065692</pitch><mode /></trkpt><trkpt lat="23.3188931" lon="77.3551484"><ele>509.81</ele><time>2026-08-28T17:15:07+05:30</time><course>352.9617</course><roll>-20.56171</roll><pitch>5.057662</pitch><mode /></trkpt><trkpt lat="23.318893" lon="77.3551486"><ele>510.05</ele><time>2026-08-28T17:15:09+05:30</time><course>352.9726</course><roll>-20.54931</roll><pitch>5.103372</pitch><mode /></trkpt><trkpt lat="23.3188927" lon="77.3551485"><ele>510.09</ele><time>2026-08-28T17:15:09+05:30</time><course>352.9846</course><roll>-20.548</roll><pitch>5.091326</pitch><mode /></trkpt><trkpt lat="23.3188923" lon="77.3551486"><ele>510.2</ele><time>2026-08-28T17:15:10+05:30</time><course>352.9948</course><roll>-20.53479</roll><pitch>5.071648</pitch><mode /></trkpt><trkpt lat="23.3188918" lon="77.3551487"><ele>510.26</ele><time>2026-08-28T17:15:10+05:30</time><course>352.9987</course><roll>-20.53224</roll><pitch>5.075779</pitch><mode /></trkpt><trkpt lat="23.3188915" lon="77.3551488"><ele>510.34</ele><time>2026-08-28T17:15:11+05:30</time><course>353.0179</course><roll>-20.5347</roll><pitch>5.062356</pitch><mode /></trkpt><trkpt lat="23.3188914" lon="77.3551487"><ele>510.4</ele><time>2026-08-28T17:15:11+05:30</time><course>353.0219</course><roll>-20.53442</roll><pitch>5.059111</pitch><mode /></trkpt><trkpt lat="23.3188916" lon="77.3551488"><ele>510.47</ele><time>2026-08-28T17:15:12+05:30</time><course>353.0323</course><roll>-20.52859</roll><pitch>5.075156</pitch><mode /></trkpt><trkpt lat="23.3188914" lon="77.3551487"><ele>510.65</ele><time>2026-08-28T17:15:14+05:30</time><course>353.0296</course><roll>-20.5209</roll><pitch>5.059852</pitch><mode /></trkpt><trkpt lat="23.3188913" lon="77.3551489"><ele>510.88</ele><time>2026-08-28T17:15:15+05:30</time><course>353.0063</course><roll>-20.52721</roll><pitch>5.091563</pitch><mode /></trkpt><trkpt lat="23.3188912" lon="77.3551488"><ele>510.94</ele><time>2026-08-28T17:15:16+05:30</time><course>352.978</course><roll>-20.54028</roll><pitch>5.062943</pitch><mode /></trkpt><trkpt lat="23.3188911" lon="77.3551486"><ele>510.97</ele><time>2026-08-28T17:15:16+05:30</time><course>352.9692</course><roll>-20.54065</roll><pitch>5.077184</pitch><mode /></trkpt><trkpt lat="23.3188913" lon="77.3551485"><ele>511.02</ele><time>2026-08-28T17:15:17+05:30</time><course>352.9583</course><roll>-20.53481</roll><pitch>5.077467</pitch><mode /></trkpt><trkpt lat="23.3188914" lon="77.3551487"><ele>511.13</ele><time>2026-08-28T17:15:19+05:30</time><course>352.9162</course><roll>-20.53672</roll><pitch>5.06713</pitch><mode /></trkpt><trkpt lat="23.3188915" lon="77.3551488"><ele>511.16</ele><time>2026-08-28T17:15:19+05:30</time><course>352.8978</course><roll>-20.54664</roll><pitch>5.082277</pitch><mode /></trkpt><trkpt lat="23.3188916" lon="77.3551489"><ele>511.17</ele><time>2026-08-28T17:15:19+05:30</time><course>352.9434</course><roll>-20.38442</roll><pitch>4.683427</pitch><mode /></trkpt><trkpt lat="23.3188916" lon="77.3551491"><ele>511.23</ele><time>2026-08-28T17:15:20+05:30</time><course>352.4861</course><roll>-20.36853</roll><pitch>4.565711</pitch><mode /></trkpt><trkpt lat="23.3188914" lon="77.3551493"><ele>511.27</ele><time>2026-08-28T17:15:20+05:30</time><course>352.7818</course><roll>-20.92937</roll><pitch>4.831131</pitch><mode /></trkpt><trkpt lat="23.3188913" lon="77.3551495"><ele>511.32</ele><time>2026-08-28T17:15:20+05:30</time><course>348.7078</course><roll>-25.53659</roll><pitch>12.3591</pitch><mode /></trkpt><trkpt lat="23.3188913" lon="77.3551492"><ele>511.33</ele><time>2026-08-28T17:15:21+05:30</time><course>332.1659</course><roll>-51.07628</roll><pitch>24.74486</pitch><mode /></trkpt><trkpt lat="23.3188907" lon="77.355148"><ele>511.4</ele><time>2026-08-28T17:15:21+05:30</time><course>317.4862</course><roll>-73.31267</roll><pitch>26.40874</pitch><mode /></trkpt><trkpt lat="23.3188903" lon="77.3551472"><ele>511.45</ele><time>2026-08-28T17:15:21+05:30</time><course>312.8242</course><roll>-81.11465</roll><pitch>21.40279</pitch><mode /></trkpt><trkpt lat="23.3188907" lon="77.3551464"><ele>511.6</ele><time>2026-08-28T17:15:22+05:30</time><course>313.4798</course><roll>-80.66543</roll><pitch>13.53205</pitch><mode /></trkpt><trkpt lat="23.3188917" lon="77.3551457"><ele>511.71</ele><time>2026-08-28T17:15:22+05:30</time><course>317.5565</course><roll>-83.89748</roll><pitch>13.14519</pitch><mode /></trkpt><trkpt lat="23.3188921" lon="77.3551454"><ele>511.85</ele><time>2026-08-28T17:15:22+05:30</time><course>322.7699</course><roll>-86.47979</roll><pitch>16.44534</pitch><mode /></trkpt><trkpt lat="23.3188926" lon="77.3551449"><ele>511.87</ele><time>2026-08-28T17:15:22+05:30</time><course>326.4649</course><roll>-88.92319</roll><pitch>16.84891</pitch><mode /></trkpt><trkpt lat="23.3188933" lon="77.3551456"><ele>512.02</ele><time>2026-08-28T17:15:22+05:30</time><course>327.0503</course><roll>-92.91108</roll><pitch>19.7607</pitch><mode /></trkpt><trkpt lat="23.3188935" lon="77.3551454"><ele>512.08</ele><time>2026-08-28T17:15:23+05:30</time><course>325.2264</course><roll>-95.05054</roll><pitch>21.48477</pitch><mode /></trkpt><trkpt lat="23.3188934" lon="77.3551453"><ele>512.12</ele><time>2026-08-28T17:15:23+05:30</time><course>321.0704</course><roll>-98.74079</roll><pitch>30.20873</pitch><mode /></trkpt><trkpt lat="23.3188942" lon="77.3551451"><ele>512.31</ele><time>2026-08-28T17:15:23+05:30</time><course>311.342</course><roll>-106.2721</roll><pitch>46.50566</pitch><mode /></trkpt><trkpt lat="23.3188946" lon="77.355143"><ele>512.25</ele><time>2026-08-28T17:15:23+05:30</time><course>288.8253</course><roll>-118.3689</roll><pitch>67.67552</pitch><mode /></trkpt><trkpt lat="23.318896" lon="77.355142"><ele>512.17</ele><time>2026-08-28T17:15:23+05:30</time><course>225.5914</course><roll>-160.8688</roll><pitch>83.24092</pitch><mode /></trkpt><trkpt lat="23.3188984" lon="77.3551419"><ele>512.1</ele><time>2026-08-28T17:15:24+05:30</time><course>118.5543</course><roll>122.3009</roll><pitch>82.86598</pitch><mode /></trkpt><trkpt lat="23.3189006" lon="77.3551414"><ele>512.07</ele><time>2026-08-28T17:15:24+05:30</time><course>135.825</course><roll>173.8236</roll><pitch>89.13576</pitch><mode /></trkpt><trkpt lat="23.3189031" lon="77.3551399"><ele>511.86</ele><time>2026-08-28T17:15:24+05:30</time><course>214.4362</course><roll>-86.78739</roll><pitch>74.69981</pitch><mode /></trkpt><trkpt lat="23.3189052" lon="77.3551386"><ele>511.44</ele><time>2026-08-28T17:15:24+05:30</time><course>187.3175</course><roll>-103.3816</roll><pitch>57.36625</pitch><mode /></trkpt><trkpt lat="23.3189069" lon="77.3551379"><ele>511.25</ele><time>2026-08-28T17:15:24+05:30</time><course>172.1277</course><roll>-105.3155</roll><pitch>39.16233</pitch><mode /></trkpt><trkpt lat="23.3189076" lon="77.3551358"><ele>511</ele><time>2026-08-28T17:15:25+05:30</time><course>158.7868</course><roll>-93.2524</roll><pitch>32.84232</pitch><mode /></trkpt><trkpt lat="23.3189079" lon="77.3551338"><ele>510.92</ele><time>2026-08-28T17:15:25+05:30</time><course>161.771</course><roll>-65.35242</roll><pitch>42.41293</pitch><mode /></trkpt><trkpt lat="23.3189072" lon="77.355132"><ele>510.75</ele><time>2026-08-28T17:15:25+05:30</time><course>179.672</course><roll>-39.21936</roll><pitch>50.12005</pitch><mode /></trkpt><trkpt lat="23.3189073" lon="77.3551317"><ele>510.68</ele><time>2026-08-28T17:15:25+05:30</time><course>197.1847</course><roll>-23.18567</roll><pitch>45.53073</pitch><mode /></trkpt><trkpt lat="23.3189079" lon="77.3551309"><ele>510.53</ele><time>2026-08-28T17:15:25+05:30</time><course>206.7249</course><roll>-13.58635</roll><pitch>45.22817</pitch><mode /></trkpt><trkpt lat="23.3189098" lon="77.3551269"><ele>510.07</ele><time>2026-08-28T17:15:26+05:30</time><course>212.1614</course><roll>-10.62768</roll><pitch>16.67622</pitch><mode /></trkpt><trkpt lat="23.3189107" lon="77.3551247"><ele>509.86</ele><time>2026-08-28T17:15:27+05:30</time><course>201.3043</course><roll>-12.19298</roll><pitch>15.49101</pitch><mode /></trkpt><trkpt lat="23.3189109" lon="77.3551237"><ele>509.77</ele><time>2026-08-28T17:15:27+05:30</time><course>195.8105</course><roll>-16.10669</roll><pitch>16.93857</pitch><mode /></trkpt><trkpt lat="23.3189108" lon="77.355123"><ele>509.76</ele><time>2026-08-28T17:15:27+05:30</time><course>194.6685</course><roll>-13.82539</roll><pitch>16.35177</pitch><mode /></trkpt><trkpt lat="23.3189105" lon="77.3551225"><ele>509.73</ele><time>2026-08-28T17:15:27+05:30</time><course>191.1992</course><roll>-8.826003</roll><pitch>18.53686</pitch><mode /></trkpt><trkpt lat="23.3189106" lon="77.3551217"><ele>509.67</ele><time>2026-08-28T17:15:27+05:30</time><course>188.4328</course><roll>-8.315457</roll><pitch>20.59673</pitch><mode /></trkpt><trkpt lat="23.3189101" lon="77.3551214"><ele>509.6</ele><time>2026-08-28T17:15:28+05:30</time><course>186.2749</course><roll>-11.22754</roll><pitch>23.38356</pitch><mode /></trkpt><trkpt lat="23.3189103" lon="77.355121"><ele>509.6</ele><time>2026-08-28T17:15:28+05:30</time><course>184.0797</course><roll>-10.34155</roll><pitch>20.37364</pitch><mode /></trkpt><trkpt lat="23.3189102" lon="77.3551202"><ele>509.54</ele><time>2026-08-28T17:15:28+05:30</time><course>177.2846</course><roll>-6.836079</roll><pitch>21.33781</pitch><mode /></trkpt><trkpt lat="23.3189095" lon="77.3551192"><ele>509.53</ele><time>2026-08-28T17:15:28+05:30</time><course>174.1082</course><roll>-6.482818</roll><pitch>20.72427</pitch><mode /></trkpt><trkpt lat="23.318909" lon="77.3551188"><ele>509.46</ele><time>2026-08-28T17:15:28+05:30</time><course>175.6233</course><roll>-4.496631</roll><pitch>25.21459</pitch><mode /></trkpt><trkpt lat="23.3189081" lon="77.3551181"><ele>509.39</ele><time>2026-08-28T17:15:29+05:30</time><course>178.7961</course><roll>-4.575935</roll><pitch>26.10896</pitch><mode /></trkpt><trkpt lat="23.3189086" lon="77.3551164"><ele>509.37</ele><time>2026-08-28T17:15:29+05:30</time><course>169.3985</course><roll>-1.042682</roll><pitch>25.03852</pitch><mode /></trkpt><trkpt lat="23.318909" lon="77.355116"><ele>509.36</ele><time>2026-08-28T17:15:29+05:30</time><course>168.644</course><roll>-0.292011</roll><pitch>24.75765</pitch><mode /></trkpt><trkpt lat="23.3189091" lon="77.3551156"><ele>509.37</ele><time>2026-08-28T17:15:29+05:30</time><course>169.1841</course><roll>-0.3538308</roll><pitch>24.65034</pitch><mode /></trkpt><trkpt lat="23.3189092" lon="77.3551152"><ele>509.36</ele><time>2026-08-28T17:15:30+05:30</time><course>168.7615</course><roll>1.191545</roll><pitch>24.61393</pitch><mode /></trkpt><trkpt lat="23.3189093" lon="77.3551151"><ele>509.39</ele><time>2026-08-28T17:15:30+05:30</time><course>168.7015</course><roll>2.906137</roll><pitch>26.18074</pitch><mode /></trkpt><trkpt lat="23.3189094" lon="77.355115"><ele>509.36</ele><time>2026-08-28T17:15:30+05:30</time><course>167.4025</course><roll>-0.6955185</roll><pitch>26.66208</pitch><mode /></trkpt><trkpt lat="23.3189095" lon="77.3551151"><ele>509.31</ele><time>2026-08-28T17:15:30+05:30</time><course>162.8428</course><roll>-6.193566</roll><pitch>30.07545</pitch><mode /></trkpt><trkpt lat="23.3189101" lon="77.355115"><ele>509.24</ele><time>2026-08-28T17:15:30+05:30</time><course>163.2418</course><roll>-5.467494</roll><pitch>33.56065</pitch><mode /></trkpt><trkpt lat="23.3189107" lon="77.3551152"><ele>509.26</ele><time>2026-08-28T17:15:31+05:30</time><course>163.9198</course><roll>-2.163905</roll><pitch>32.89778</pitch><mode /></trkpt><trkpt lat="23.3189109" lon="77.355115"><ele>509.28</ele><time>2026-08-28T17:15:31+05:30</time><course>158.5172</course><roll>-2.130141</roll><pitch>30.96426</pitch><mode /></trkpt><trkpt lat="23.3189111" lon="77.3551144"><ele>509.37</ele><time>2026-08-28T17:15:31+05:30</time><course>150.189</course><roll>-0.2227463</roll><pitch>32.89252</pitch><mode /></trkpt><trkpt lat="23.3189113" lon="77.355114"><ele>509.33</ele><time>2026-08-28T17:15:31+05:30</time><course>143.1222</course><roll>0.7502437</roll><pitch>36.0298</pitch><mode /></trkpt><trkpt lat="23.318912" lon="77.3551137"><ele>509.39</ele><time>2026-08-28T17:15:31+05:30</time><course>143.1313</course><roll>5.895942</roll><pitch>38.03847</pitch><mode /></trkpt><trkpt lat="23.3189125" lon="77.3551127"><ele>509.37</ele><time>2026-08-28T17:15:32+05:30</time><course>139.2228</course><roll>10.91459</roll><pitch>39.41263</pitch><mode /></trkpt><trkpt lat="23.3189126" lon="77.3551113"><ele>509.33</ele><time>2026-08-28T17:15:32+05:30</time><course>128.2718</course><roll>10.75795</roll><pitch>39.4472</pitch><mode /></trkpt><trkpt lat="23.3189125" lon="77.3551105"><ele>509.34</ele><time>2026-08-28T17:15:32+05:30</time><course>116.9429</course><roll>8.330094</roll><pitch>36.29132</pitch><mode /></trkpt><trkpt lat="23.3189121" lon="77.3551102"><ele>509.34</ele><time>2026-08-28T17:15:32+05:30</time><course>105.6347</course><roll>5.676824</roll><pitch>33.31148</pitch><mode /></trkpt><trkpt lat="23.3189118" lon="77.3551097"><ele>509.36</ele><time>2026-08-28T17:15:32+05:30</time><course>103.0018</course><roll>8.425344</roll><pitch>36.33862</pitch><mode /></trkpt><trkpt lat="23.3189117" lon="77.3551098"><ele>509.35</ele><time>2026-08-28T17:15:33+05:30</time><course>92.516</course><roll>1.495812</roll><pitch>36.07356</pitch><mode /></trkpt><trkpt lat="23.3189121" lon="77.3551093"><ele>509.22</ele><time>2026-08-28T17:15:33+05:30</time><course>91.74673</course><roll>1.528852</roll><pitch>35.84694</pitch><mode /></trkpt><trkpt lat="23.3189129" lon="77.3551082"><ele>509.21</ele><time>2026-08-28T17:15:33+05:30</time><course>91.58643</course><roll>1.180939</roll><pitch>36.76964</pitch><mode /></trkpt><trkpt lat="23.3189138" lon="77.3551068"><ele>509.37</ele><time>2026-08-28T17:15:33+05:30</time><course>93.09954</course><roll>8.837638</roll><pitch>38.51927</pitch><mode /></trkpt><trkpt lat="23.3189142" lon="77.3551058"><ele>509.49</ele><time>2026-08-28T17:15:34+05:30</time><course>88.96557</course><roll>16.63206</roll><pitch>38.00453</pitch><mode /></trkpt><trkpt lat="23.3189141" lon="77.3551051"><ele>509.64</ele><time>2026-08-28T17:15:34+05:30</time><course>79.60523</course><roll>2.944279</roll><pitch>34.4762</pitch><mode /></trkpt><trkpt lat="23.3189144" lon="77.3551047"><ele>509.58</ele><time>2026-08-28T17:15:34+05:30</time><course>82.14478</course><roll>-3.604251</roll><pitch>36.61209</pitch><mode /></trkpt><trkpt lat="23.3189149" lon="77.3551036"><ele>509.57</ele><time>2026-08-28T17:15:34+05:30</time><course>85.26543</course><roll>-6.465088</roll><pitch>38.39085</pitch><mode /></trkpt><trkpt lat="23.3189157" lon="77.3551025"><ele>509.65</ele><time>2026-08-28T17:15:35+05:30</time><course>85.95273</course><roll>-11.55846</roll><pitch>42.15709</pitch><mode /></trkpt><trkpt lat="23.3189159" lon="77.3551015"><ele>509.66</ele><time>2026-08-28T17:15:35+05:30</time><course>83.1188</course><roll>-14.46486</roll><pitch>45.74187</pitch><mode /></trkpt><trkpt lat="23.318916" lon="77.3551005"><ele>509.77</ele><time>2026-08-28T17:15:35+05:30</time><course>82.01673</course><roll>-14.34581</roll><pitch>42.99162</pitch><mode /></trkpt><trkpt lat="23.3189161" lon="77.3550995"><ele>509.81</ele><time>2026-08-28T17:15:35+05:30</time><course>77.14944</course><roll>-14.78182</roll><pitch>41.56079</pitch><mode /></trkpt><trkpt lat="23.3189165" lon="77.3550987"><ele>509.77</ele><time>2026-08-28T17:15:35+05:30</time><course>69.85358</course><roll>-9.134216</roll><pitch>44.14256</pitch><mode /></trkpt><trkpt lat="23.3189173" lon="77.3550978"><ele>509.76</ele><time>2026-08-28T17:15:36+05:30</time><course>62.33601</course><roll>-12.68955</roll><pitch>44.66236</pitch><mode /></trkpt><trkpt lat="23.318918" lon="77.3550975"><ele>509.85</ele><time>2026-08-28T17:15:36+05:30</time><course>59.91965</course><roll>-15.16803</roll><pitch>42.37952</pitch><mode /></trkpt><trkpt lat="23.3189181" lon="77.3550971"><ele>509.85</ele><time>2026-08-28T17:15:36+05:30</time><course>60.49713</course><roll>-14.98111</roll><pitch>42.20035</pitch><mode /></trkpt><trkpt lat="23.3189182" lon="77.3550967"><ele>509.96</ele><time>2026-08-28T17:15:36+05:30</time><course>60.87504</course><roll>-16.50333</roll><pitch>45.58401</pitch><mode /></trkpt><trkpt lat="23.3189183" lon="77.3550964"><ele>510.05</ele><time>2026-08-28T17:15:36+05:30</time><course>61.38739</course><roll>-16.96712</roll><pitch>46.20872</pitch><mode /></trkpt><trkpt lat="23.3189187" lon="77.3550961"><ele>510.1</ele><time>2026-08-28T17:15:37+05:30</time><course>67.9511</course><roll>-13.93042</roll><pitch>44.22137</pitch><mode /></trkpt><trkpt lat="23.318919" lon="77.3550953"><ele>510.06</ele><time>2026-08-28T17:15:37+05:30</time><course>73.41381</course><roll>-13.74398</roll><pitch>41.08939</pitch><mode /></trkpt><trkpt lat="23.3189195" lon="77.3550948"><ele>510.09</ele><time>2026-08-28T17:15:37+05:30</time><course>76.05119</course><roll>-12.71707</roll><pitch>44.25769</pitch><mode /></trkpt><trkpt lat="23.3189202" lon="77.3550943"><ele>510.2</ele><time>2026-08-28T17:15:37+05:30</time><course>71.53982</course><roll>-15.3993</roll><pitch>44.69965</pitch><mode /></trkpt><trkpt lat="23.3189206" lon="77.3550941"><ele>510.32</ele><time>2026-08-28T17:15:37+05:30</time><course>68.55002</course><roll>-13.72854</roll><pitch>43.31923</pitch><mode /></trkpt><trkpt lat="23.3189208" lon="77.3550938"><ele>510.35</ele><time>2026-08-28T17:15:38+05:30</time><course>64.48139</course><roll>-12.22302</roll><pitch>44.35965</pitch><mode /></trkpt><trkpt lat="23.318921" lon="77.3550933"><ele>510.37</ele><time>2026-08-28T17:15:38+05:30</time><course>61.51144</course><roll>-14.53961</roll><pitch>43.93521</pitch><mode /></trkpt><trkpt lat="23.3189208" lon="77.3550908"><ele>510.47</ele><time>2026-08-28T17:15:38+05:30</time><course>65.71769</course><roll>-16.39104</roll><pitch>54.49231</pitch><mode /></trkpt><trkpt lat="23.3189204" lon="77.3550896"><ele>510.51</ele><time>2026-08-28T17:15:38+05:30</time><course>62.58146</course><roll>-20.86577</roll><pitch>56.78974</pitch><mode /></trkpt><trkpt lat="23.3189201" lon="77.3550891"><ele>510.53</ele><time>2026-08-28T17:15:39+05:30</time><course>57.11495</course><roll>-26.44265</roll><pitch>56.40984</pitch><mode /></trkpt><trkpt lat="23.31892" lon="77.3550889"><ele>510.55</ele><time>2026-08-28T17:15:39+05:30</time><course>54.42883</course><roll>-29.15263</roll><pitch>52.98345</pitch><mode /></trkpt><trkpt lat="23.3189197" lon="77.3550886"><ele>510.47</ele><time>2026-08-28T17:15:39+05:30</time><course>50.3214</course><roll>-24.6399</roll><pitch>53.62495</pitch><mode /></trkpt><trkpt lat="23.3189196" lon="77.3550882"><ele>510.4</ele><time>2026-08-28T17:15:39+05:30</time><course>36.22728</course><roll>-24.51285</roll><pitch>55.68934</pitch><mode /></trkpt><trkpt lat="23.3189202" lon="77.3550881"><ele>510.34</ele><time>2026-08-28T17:15:40+05:30</time><course>29.9745</course><roll>-18.85093</roll><pitch>53.92706</pitch><mode /></trkpt><trkpt lat="23.3189206" lon="77.3550876"><ele>510.27</ele><time>2026-08-28T17:15:40+05:30</time><course>42.46267</course><roll>-13.18408</roll><pitch>52.13947</pitch><mode /></trkpt><trkpt lat="23.318921" lon="77.3550869"><ele>510.18</ele><time>2026-08-28T17:15:40+05:30</time><course>64.43278</course><roll>-3.517173</roll><pitch>44.3954</pitch><mode /></trkpt><trkpt lat="23.3189219" lon="77.3550863"><ele>510.12</ele><time>2026-08-28T17:15:40+05:30</time><course>70.19758</course><roll>-4.496278</roll><pitch>42.60921</pitch><mode /></trkpt><trkpt lat="23.3189227" lon="77.3550857"><ele>510</ele><time>2026-08-28T17:15:41+05:30</time><course>91.10925</course><roll>-0.2402492</roll><pitch>35.00495</pitch><mode /></trkpt><trkpt lat="23.3189232" lon="77.3550853"><ele>509.94</ele><time>2026-08-28T17:15:41+05:30</time><course>122.9449</course><roll>12.91651</roll><pitch>33.5899</pitch><mode /></trkpt><trkpt lat="23.3189228" lon="77.3550848"><ele>510.06</ele><time>2026-08-28T17:15:41+05:30</time><course>138.4154</course><roll>35.6468</roll><pitch>26.51709</pitch><mode /></trkpt><trkpt lat="23.3189221" lon="77.3550842"><ele>510.03</ele><time>2026-08-28T17:15:41+05:30</time><course>119.4074</course><roll>35.07474</roll><pitch>35.57815</pitch><mode /></trkpt><trkpt lat="23.3189214" lon="77.3550846"><ele>510.02</ele><time>2026-08-28T17:15:41+05:30</time><course>90.42363</course><roll>19.43644</roll><pitch>51.25756</pitch><mode /></trkpt><trkpt lat="23.3189211" lon="77.3550856"><ele>510.1</ele><time>2026-08-28T17:15:42+05:30</time><course>69.16953</course><roll>10.48335</roll><pitch>52.34764</pitch><mode /></trkpt><trkpt lat="23.3189213" lon="77.3550861"><ele>510.13</ele><time>2026-08-28T17:15:42+05:30</time><course>55.40831</course><roll>6.571705</roll><pitch>54.6265</pitch><mode /></trkpt><trkpt lat="23.318921" lon="77.3550854"><ele>510.15</ele><time>2026-08-28T17:15:42+05:30</time><course>72.81447</course><roll>20.93596</roll><pitch>64.3984</pitch><mode /></trkpt><trkpt lat="23.3189204" lon="77.3550849"><ele>510.12</ele><time>2026-08-28T17:15:43+05:30</time><course>90.41888</course><roll>39.37267</roll><pitch>64.85698</pitch><mode /></trkpt><trkpt lat="23.3189196" lon="77.3550845"><ele>510.15</ele><time>2026-08-28T17:15:43+05:30</time><course>96.51482</course><roll>47.55183</roll><pitch>65.687</pitch><mode /></trkpt><trkpt lat="23.3189183" lon="77.3550846"><ele>510.21</ele><time>2026-08-28T17:15:43+05:30</time><course>99.65016</course><roll>56.32082</roll><pitch>68.22722</pitch><mode /></trkpt><trkpt lat="23.3189175" lon="77.3550845"><ele>510.07</ele><time>2026-08-28T17:15:43+05:30</time><course>100.3961</course><roll>65.27997</roll><pitch>69.30402</pitch><mode /></trkpt><trkpt lat="23.3189174" lon="77.3550844"><ele>510.02</ele><time>2026-08-28T17:15:43+05:30</time><course>93.71928</course><roll>60.1334</roll><pitch>70.56025</pitch><mode /></trkpt><trkpt lat="23.3189173" lon="77.355084"><ele>509.97</ele><time>2026-08-28T17:15:44+05:30</time><course>84.63313</course><roll>45.18792</roll><pitch>67.61102</pitch><mode /></trkpt><trkpt lat="23.3189171" lon="77.3550832"><ele>509.85</ele><time>2026-08-28T17:15:44+05:30</time><course>75.51012</course><roll>23.18072</roll><pitch>56.92978</pitch><mode /></trkpt><trkpt lat="23.3189166" lon="77.3550816"><ele>509.65</ele><time>2026-08-28T17:15:44+05:30</time><course>74.2933</course><roll>7.393421</roll><pitch>42.65646</pitch><mode /></trkpt><trkpt lat="23.3189165" lon="77.3550805"><ele>509.58</ele><time>2026-08-28T17:15:44+05:30</time><course>75.33237</course><roll>1.18021</roll><pitch>32.61904</pitch><mode /></trkpt><trkpt lat="23.3189163" lon="77.35508"><ele>509.52</ele><time>2026-08-28T17:15:44+05:30</time><course>78.65598</course><roll>0.909319</roll><pitch>24.15709</pitch><mode /></trkpt><trkpt lat="23.3189162" lon="77.3550795"><ele>509.44</ele><time>2026-08-28T17:15:45+05:30</time><course>83.12553</course><roll>-4.477481</roll><pitch>12.62688</pitch><mode /></trkpt><trkpt lat="23.3189163" lon="77.3550786"><ele>509.39</ele><time>2026-08-28T17:15:45+05:30</time><course>90.75838</course><roll>-2.410446</roll><pitch>12.18851</pitch><mode /></trkpt><trkpt lat="23.3189162" lon="77.3550781"><ele>509.32</ele><time>2026-08-28T17:15:45+05:30</time><course>96.33603</course><roll>-5.018933</roll><pitch>5.3864</pitch><mode /></trkpt><trkpt lat="23.3189161" lon="77.3550775"><ele>509.29</ele><time>2026-08-28T17:15:46+05:30</time><course>104.2371</course><roll>-4.028342</roll><pitch>-17.11158</pitch><mode /></trkpt><trkpt lat="23.3189158" lon="77.3550768"><ele>509.23</ele><time>2026-08-28T17:15:46+05:30</time><course>105.1087</course><roll>-0.2472278</roll><pitch>-27.04372</pitch><mode /></trkpt><trkpt lat="23.318916" lon="77.3550751"><ele>509.04</ele><time>2026-08-28T17:15:47+05:30</time><course>101.5432</course><roll>0.5700971</roll><pitch>-2.532005</pitch><mode /></trkpt><trkpt lat="23.3189161" lon="77.3550749"><ele>509.02</ele><time>2026-08-28T17:15:47+05:30</time><course>104.5579</course><roll>-0.3530021</roll><pitch>21.8932</pitch><mode /></trkpt><trkpt lat="23.3189159" lon="77.3550744"><ele>508.99</ele><time>2026-08-28T17:15:47+05:30</time><course>105.4861</course><roll>1.284591</roll><pitch>33.28201</pitch><mode /></trkpt><trkpt lat="23.3189158" lon="77.3550742"><ele>508.98</ele><time>2026-08-28T17:15:48+05:30</time><course>103.2725</course><roll>0.3787668</roll><pitch>40.35233</pitch><mode /></trkpt><trkpt lat="23.3189157" lon="77.3550739"><ele>508.97</ele><time>2026-08-28T17:15:48+05:30</time><course>101.2787</course><roll>-0.3419106</roll><pitch>53.41518</pitch><mode /></trkpt><trkpt lat="23.3189156" lon="77.355074"><ele>508.97</ele><time>2026-08-28T17:15:48+05:30</time><course>101.1644</course><roll>1.55495</roll><pitch>63.35508</pitch><mode /></trkpt><trkpt lat="23.3189155" lon="77.3550741"><ele>508.95</ele><time>2026-08-28T17:15:48+05:30</time><course>101.0025</course><roll>2.471041</roll><pitch>61.4771</pitch><mode /></trkpt><trkpt lat="23.3189153" lon="77.3550741"><ele>508.93</ele><time>2026-08-28T17:15:49+05:30</time><course>104.3633</course><roll>0.3156019</roll><pitch>35.71754</pitch><mode /></trkpt><trkpt lat="23.3189156" lon="77.355074"><ele>508.97</ele><time>2026-08-28T17:15:49+05:30</time><course>115.3417</course><roll>7.012614</roll><pitch>34.7859</pitch><mode /></trkpt><trkpt lat="23.318916" lon="77.3550736"><ele>508.96</ele><time>2026-08-28T17:15:50+05:30</time><course>123.8851</course><roll>8.759089</roll><pitch>30.85494</pitch><mode /></trkpt><trkpt lat="23.3189166" lon="77.3550733"><ele>508.92</ele><time>2026-08-28T17:15:50+05:30</time><course>133.2696</course><roll>8.302442</roll><pitch>33.658</pitch><mode /></trkpt><trkpt lat="23.3189172" lon="77.3550732"><ele>508.94</ele><time>2026-08-28T17:15:50+05:30</time><course>135.8258</course><roll>6.237831</roll><pitch>37.36546</pitch><mode /></trkpt><trkpt lat="23.3189175" lon="77.3550731"><ele>508.94</ele><time>2026-08-28T17:15:50+05:30</time><course>135.456</course><roll>3.383739</roll><pitch>29.98668</pitch><mode /></trkpt><trkpt lat="23.3189174" lon="77.3550729"><ele>508.91</ele><time>2026-08-28T17:15:50+05:30</time><course>133.2165</course><roll>1.232797</roll><pitch>26.13425</pitch><mode /></trkpt><trkpt lat="23.318917" lon="77.3550726"><ele>508.86</ele><time>2026-08-28T17:15:51+05:30</time><course>129.4224</course><roll>-3.860702</roll><pitch>25.9053</pitch><mode /></trkpt><trkpt lat="23.3189162" lon="77.3550721"><ele>508.77</ele><time>2026-08-28T17:15:51+05:30</time><course>122.0148</course><roll>-14.41372</roll><pitch>21.61589</pitch><mode /></trkpt><trkpt lat="23.3189149" lon="77.3550712"><ele>508.54</ele><time>2026-08-28T17:15:51+05:30</time><course>114.5975</course><roll>-19.56956</roll><pitch>21.70266</pitch><mode /></trkpt><trkpt lat="23.3189135" lon="77.3550704"><ele>508.54</ele><time>2026-08-28T17:15:51+05:30</time><course>112.8181</course><roll>-13.44049</roll><pitch>22.8679</pitch><mode /></trkpt><trkpt lat="23.3189125" lon="77.3550699"><ele>508.55</ele><time>2026-08-28T17:15:51+05:30</time><course>110.6372</course><roll>-6.772945</roll><pitch>20.03047</pitch><mode /></trkpt><trkpt lat="23.318911" lon="77.35507"><ele>508.56</ele><time>2026-08-28T17:15:52+05:30</time><course>104.7779</course><roll>-3.879379</roll><pitch>9.121863</pitch><mode /></trkpt><trkpt lat="23.3189093" lon="77.3550701"><ele>508.56</ele><time>2026-08-28T17:15:52+05:30</time><course>96.79813</course><roll>-2.732265</roll><pitch>12.73177</pitch><mode /></trkpt><trkpt lat="23.3189084" lon="77.3550696"><ele>508.62</ele><time>2026-08-28T17:15:52+05:30</time><course>89.32023</course><roll>0.46596</roll><pitch>11.74261</pitch><mode /></trkpt><trkpt lat="23.3189076" lon="77.355069"><ele>508.64</ele><time>2026-08-28T17:15:52+05:30</time><course>77.70565</course><roll>9.681441</roll><pitch>4.901525</pitch><mode /></trkpt><trkpt lat="23.3189064" lon="77.3550682"><ele>508.51</ele><time>2026-08-28T17:15:52+05:30</time><course>63.41311</course><roll>5.071586</roll><pitch>1.916797</pitch><mode /></trkpt><trkpt lat="23.3189052" lon="77.3550675"><ele>508.34</ele><time>2026-08-28T17:15:53+05:30</time><course>53.6166</course><roll>2.231623</roll><pitch>3.30622</pitch><mode /></trkpt><trkpt lat="23.3189038" lon="77.3550662"><ele>508.3</ele><time>2026-08-28T17:15:53+05:30</time><course>43.14968</course><roll>-2.934405</roll><pitch>15.08378</pitch><mode /></trkpt><trkpt lat="23.3189023" lon="77.3550647"><ele>508.29</ele><time>2026-08-28T17:15:53+05:30</time><course>32.17793</course><roll>-14.17126</roll><pitch>15.97594</pitch><mode /></trkpt><trkpt lat="23.3189014" lon="77.3550635"><ele>508.28</ele><time>2026-08-28T17:15:53+05:30</time><course>19.72065</course><roll>-17.61503</roll><pitch>17.20934</pitch><mode /></trkpt><trkpt lat="23.3189009" lon="77.355062"><ele>508.45</ele><time>2026-08-28T17:15:54+05:30</time><course>19.52728</course><roll>-11.19295</roll><pitch>17.96429</pitch><mode /></trkpt><trkpt lat="23.3189002" lon="77.3550603"><ele>508.41</ele><time>2026-08-28T17:15:54+05:30</time><course>19.61791</course><roll>-9.173723</roll><pitch>19.98389</pitch><mode /></trkpt><trkpt lat="23.3188998" lon="77.3550583"><ele>508.4</ele><time>2026-08-28T17:15:54+05:30</time><course>15.05601</course><roll>-12.74436</roll><pitch>19.17735</pitch><mode /></trkpt><trkpt lat="23.3188993" lon="77.3550569"><ele>508.47</ele><time>2026-08-28T17:15:54+05:30</time><course>12.0071</course><roll>-11.00821</roll><pitch>18.13167</pitch><mode /></trkpt><trkpt lat="23.318899" lon="77.3550558"><ele>508.53</ele><time>2026-08-28T17:15:54+05:30</time><course>10.93925</course><roll>-9.938413</roll><pitch>17.00082</pitch><mode /></trkpt><trkpt lat="23.3188985" lon="77.3550548"><ele>508.55</ele><time>2026-08-28T17:15:55+05:30</time><course>10.84628</course><roll>-10.85189</roll><pitch>19.09278</pitch><mode /></trkpt><trkpt lat="23.3188978" lon="77.3550535"><ele>508.61</ele><time>2026-08-28T17:15:55+05:30</time><course>13.10258</course><roll>-11.76934</roll><pitch>20.12645</pitch><mode /></trkpt><trkpt lat="23.3188966" lon="77.3550518"><ele>508.59</ele><time>2026-08-28T17:15:55+05:30</time><course>18.97851</course><roll>-12.94638</roll><pitch>13.51426</pitch><mode /></trkpt><trkpt lat="23.3188956" lon="77.3550499"><ele>508.54</ele><time>2026-08-28T17:15:55+05:30</time><course>27.18076</course><roll>-11.38734</roll><pitch>9.583184</pitch><mode /></trkpt><trkpt lat="23.3188946" lon="77.3550482"><ele>508.57</ele><time>2026-08-28T17:15:55+05:30</time><course>24.53805</course><roll>-4.905052</roll><pitch>9.580345</pitch><mode /></trkpt><trkpt lat="23.3188936" lon="77.3550468"><ele>508.6</ele><time>2026-08-28T17:15:56+05:30</time><course>13.5397</course><roll>-3.597088</roll><pitch>3.544677</pitch><mode /></trkpt><trkpt lat="23.3188927" lon="77.3550461"><ele>508.61</ele><time>2026-08-28T17:15:56+05:30</time><course>7.818825</course><roll>3.295441</roll><pitch>5.080364</pitch><mode /></trkpt><trkpt lat="23.3188914" lon="77.3550455"><ele>508.63</ele><time>2026-08-28T17:15:56+05:30</time><course>9.468768</course><roll>4.114792</roll><pitch>6.203333</pitch><mode /></trkpt><trkpt lat="23.3188897" lon="77.355044"><ele>508.42</ele><time>2026-08-28T17:15:56+05:30</time><course>18.44419</course><roll>-3.916289</roll><pitch>2.863595</pitch><mode /></trkpt><trkpt lat="23.3188882" lon="77.3550429"><ele>508.39</ele><time>2026-08-28T17:15:56+05:30</time><course>20.89395</course><roll>-9.972657</roll><pitch>3.206155</pitch><mode /></trkpt><trkpt lat="23.3188869" lon="77.3550419"><ele>508.36</ele><time>2026-08-28T17:15:57+05:30</time><course>18.96593</course><roll>-10.05211</roll><pitch>5.525361</pitch><mode /></trkpt><trkpt lat="23.3188855" lon="77.355041"><ele>508.36</ele><time>2026-08-28T17:15:57+05:30</time><course>16.24134</course><roll>-5.498121</roll><pitch>5.812821</pitch><mode /></trkpt><trkpt lat="23.3188841" lon="77.3550401"><ele>508.38</ele><time>2026-08-28T17:15:57+05:30</time><course>12.16944</course><roll>-2.036987</roll><pitch>3.27014</pitch><mode /></trkpt><trkpt lat="23.3188827" lon="77.3550392"><ele>508.38</ele><time>2026-08-28T17:15:57+05:30</time><course>4.358762</course><roll>-4.722397</roll><pitch>0.4447576</pitch><mode /></trkpt><trkpt lat="23.3188807" lon="77.3550387"><ele>508.34</ele><time>2026-08-28T17:15:57+05:30</time><course>7.044116</course><roll>-2.754985</roll><pitch>3.366892</pitch><mode /></trkpt><trkpt lat="23.3188789" lon="77.3550385"><ele>508.43</ele><time>2026-08-28T17:15:58+05:30</time><course>7.829725</course><roll>-4.607488</roll><pitch>3.947087</pitch><mode /></trkpt><trkpt lat="23.3188772" lon="77.3550386"><ele>508.46</ele><time>2026-08-28T17:15:58+05:30</time><course>6.843215</course><roll>-7.965396</roll><pitch>-0.3874001</pitch><mode /></trkpt><trkpt lat="23.3188754" lon="77.3550387"><ele>508.49</ele><time>2026-08-28T17:15:58+05:30</time><course>358.6945</course><roll>-6.556766</roll><pitch>1.110486</pitch><mode /></trkpt><trkpt lat="23.3188737" lon="77.3550392"><ele>508.59</ele><time>2026-08-28T17:15:58+05:30</time><course>346.629</course><roll>-1.418159</roll><pitch>3.797118</pitch><mode /></trkpt><trkpt lat="23.3188719" lon="77.3550398"><ele>508.62</ele><time>2026-08-28T17:15:58+05:30</time><course>341.2126</course><roll>-2.721366</roll><pitch>4.163194</pitch><mode /></trkpt><trkpt lat="23.3188697" lon="77.3550408"><ele>508.57</ele><time>2026-08-28T17:15:59+05:30</time><course>344.1707</course><roll>-2.546728</roll><pitch>1.475408</pitch><mode /></trkpt><trkpt lat="23.3188677" lon="77.3550413"><ele>508.55</ele><time>2026-08-28T17:15:59+05:30</time><course>347.4879</course><roll>-0.3585341</roll><pitch>3.111328</pitch><mode /></trkpt><trkpt lat="23.3188643" lon="77.3550414"><ele>508.49</ele><time>2026-08-28T17:15:59+05:30</time><course>345.5048</course><roll>-7.568068</roll><pitch>3.966795</pitch><mode /></trkpt><trkpt lat="23.3188626" lon="77.3550419"><ele>508.5</ele><time>2026-08-28T17:15:59+05:30</time><course>339.1086</course><roll>-9.119736</roll><pitch>2.538033</pitch><mode /></trkpt><trkpt lat="23.3188588" lon="77.3550416"><ele>508.37</ele><time>2026-08-28T17:16:00+05:30</time><course>347.0677</course><roll>-8.353842</roll><pitch>-0.386465</pitch><mode /></trkpt><trkpt lat="23.3188488" lon="77.3550405"><ele>508.32</ele><time>2026-08-28T17:16:01+05:30</time><course>350.2978</course><roll>-4.526094</roll><pitch>7.156672</pitch><mode /></trkpt><trkpt lat="23.3188468" lon="77.3550408"><ele>508.26</ele><time>2026-08-28T17:16:01+05:30</time><course>351.9981</course><roll>-0.2596718</roll><pitch>5.416295</pitch><mode /></trkpt><trkpt lat="23.318845" lon="77.355041"><ele>508.25</ele><time>2026-08-28T17:16:01+05:30</time><course>357.4424</course><roll>-0.1594995</roll><pitch>4.578481</pitch><mode /></trkpt><trkpt lat="23.3188433" lon="77.3550413"><ele>508.21</ele><time>2026-08-28T17:16:01+05:30</time><course>356.8492</course><roll>1.768101</roll><pitch>1.099734</pitch><mode /></trkpt><trkpt lat="23.3188418" lon="77.3550416"><ele>508.11</ele><time>2026-08-28T17:16:02+05:30</time><course>345.2538</course><roll>7.786765</roll><pitch>7.934533</pitch><mode /></trkpt><trkpt lat="23.3188402" lon="77.3550422"><ele>508.07</ele><time>2026-08-28T17:16:02+05:30</time><course>338.9695</course><roll>11.66438</roll><pitch>13.46842</pitch><mode /></trkpt><trkpt lat="23.3188383" lon="77.355043"><ele>508.04</ele><time>2026-08-28T17:16:02+05:30</time><course>336.6284</course><roll>11.90718</roll><pitch>16.0619</pitch><mode /></trkpt><trkpt lat="23.3188369" lon="77.3550436"><ele>508.05</ele><time>2026-08-28T17:16:02+05:30</time><course>334.1789</course><roll>12.47903</roll><pitch>16.34557</pitch><mode /></trkpt><trkpt lat="23.3188354" lon="77.3550441"><ele>508.02</ele><time>2026-08-28T17:16:02+05:30</time><course>328.9335</course><roll>12.68885</roll><pitch>14.42128</pitch><mode /></trkpt><trkpt lat="23.3188333" lon="77.3550445"><ele>508.03</ele><time>2026-08-28T17:16:03+05:30</time><course>320.8175</course><roll>18.17359</roll><pitch>13.72867</pitch><mode /></trkpt><trkpt lat="23.3188313" lon="77.3550448"><ele>508.17</ele><time>2026-08-28T17:16:03+05:30</time><course>322.368</course><roll>19.1741</roll><pitch>11.6986</pitch><mode /></trkpt><trkpt lat="23.3188295" lon="77.3550449"><ele>508.12</ele><time>2026-08-28T17:16:03+05:30</time><course>332.0654</course><roll>16.77234</roll><pitch>8.255206</pitch><mode /></trkpt><trkpt lat="23.3188274" lon="77.3550452"><ele>508.05</ele><time>2026-08-28T17:16:03+05:30</time><course>347.6172</course><roll>14.77861</roll><pitch>3.205156</pitch><mode /></trkpt><trkpt lat="23.3188254" lon="77.3550455"><ele>508.03</ele><time>2026-08-28T17:16:03+05:30</time><course>2.751915</course><roll>14.19708</roll><pitch>3.568849</pitch><mode /></trkpt><trkpt lat="23.3188221" lon="77.3550459"><ele>508.05</ele><time>2026-08-28T17:16:04+05:30</time><course>9.399459</course><roll>18.98256</roll><pitch>2.555234</pitch><mode /></trkpt><trkpt lat="23.3188203" lon="77.3550461"><ele>508.08</ele><time>2026-08-28T17:16:04+05:30</time><course>10.44258</course><roll>19.95324</roll><pitch>2.153298</pitch><mode /></trkpt><trkpt lat="23.3188184" lon="77.3550463"><ele>508.07</ele><time>2026-08-28T17:16:04+05:30</time><course>13.61571</course><roll>18.17026</roll><pitch>2.518637</pitch><mode /></trkpt><trkpt lat="23.3188165" lon="77.3550464"><ele>507.96</ele><time>2026-08-28T17:16:04+05:30</time><course>18.45954</course><roll>18.20574</roll><pitch>1.636836</pitch><mode /></trkpt><trkpt lat="23.3188148" lon="77.3550463"><ele>507.91</ele><time>2026-08-28T17:16:05+05:30</time><course>22.87052</course><roll>17.82061</roll><pitch>2.123466</pitch><mode /></trkpt><trkpt lat="23.3188131" lon="77.3550456"><ele>507.81</ele><time>2026-08-28T17:16:05+05:30</time><course>25.56457</course><roll>17.4447</roll><pitch>0.9713691</pitch><mode /></trkpt><trkpt lat="23.3188113" lon="77.3550444"><ele>507.67</ele><time>2026-08-28T17:16:05+05:30</time><course>25.00435</course><roll>18.08563</roll><pitch>-4.348763</pitch><mode /></trkpt><trkpt lat="23.3188091" lon="77.3550433"><ele>507.61</ele><time>2026-08-28T17:16:05+05:30</time><course>24.08237</course><roll>15.70131</roll><pitch>-2.995398</pitch><mode /></trkpt><trkpt lat="23.3188071" lon="77.3550424"><ele>507.57</ele><time>2026-08-28T17:16:05+05:30</time><course>29.90337</course><roll>8.169842</roll><pitch>3.547758</pitch><mode /></trkpt><trkpt lat="23.318805" lon="77.3550418"><ele>507.48</ele><time>2026-08-28T17:16:06+05:30</time><course>38.14393</course><roll>2.255426</roll><pitch>2.156796</pitch><mode /></trkpt><trkpt lat="23.3188031" lon="77.355041"><ele>507.59</ele><time>2026-08-28T17:16:06+05:30</time><course>43.38877</course><roll>2.093149</roll><pitch>2.21016</pitch><mode /></trkpt><trkpt lat="23.3188014" lon="77.3550405"><ele>507.58</ele><time>2026-08-28T17:16:06+05:30</time><course>46.66699</course><roll>4.162658</roll><pitch>-3.937907</pitch><mode /></trkpt><trkpt lat="23.3187998" lon="77.3550393"><ele>507.54</ele><time>2026-08-28T17:16:06+05:30</time><course>53.58986</course><roll>0.5900705</roll><pitch>-10.39427</pitch><mode /></trkpt><trkpt lat="23.3187978" lon="77.3550379"><ele>507.27</ele><time>2026-08-28T17:16:06+05:30</time><course>65.73533</course><roll>-4.822647</roll><pitch>-3.621695</pitch><mode /></trkpt><trkpt lat="23.3187964" lon="77.3550357"><ele>507.23</ele><time>2026-08-28T17:16:07+05:30</time><course>83.15002</course><roll>-6.634254</roll><pitch>-1.655014</pitch><mode /></trkpt><trkpt lat="23.3187951" lon="77.3550344"><ele>507.19</ele><time>2026-08-28T17:16:07+05:30</time><course>93.32517</course><roll>-11.71776</roll><pitch>-1.782142</pitch><mode /></trkpt><trkpt lat="23.3187935" lon="77.3550336"><ele>507.21</ele><time>2026-08-28T17:16:07+05:30</time><course>95.32233</course><roll>-12.03296</roll><pitch>-1.039893</pitch><mode /></trkpt><trkpt lat="23.318792" lon="77.3550325"><ele>507.03</ele><time>2026-08-28T17:16:07+05:30</time><course>95.38032</course><roll>-8.565437</roll><pitch>-8.109144</pitch><mode /></trkpt><trkpt lat="23.3187903" lon="77.3550311"><ele>506.91</ele><time>2026-08-28T17:16:07+05:30</time><course>95.60541</course><roll>-8.60751</roll><pitch>-14.81362</pitch><mode /></trkpt><trkpt lat="23.3187891" lon="77.3550291"><ele>506.87</ele><time>2026-08-28T17:16:08+05:30</time><course>101.9365</course><roll>-14.02756</roll><pitch>-10.72352</pitch><mode /></trkpt><trkpt lat="23.3187888" lon="77.3550277"><ele>506.82</ele><time>2026-08-28T17:16:08+05:30</time><course>109.307</course><roll>-18.21874</roll><pitch>0.6668786</pitch><mode /></trkpt><trkpt lat="23.318788" lon="77.3550265"><ele>506.73</ele><time>2026-08-28T17:16:08+05:30</time><course>119.1286</course><roll>-16.18533</roll><pitch>-1.012705</pitch><mode /></trkpt><trkpt lat="23.3187872" lon="77.3550258"><ele>506.81</ele><time>2026-08-28T17:16:08+05:30</time><course>125.8788</course><roll>-13.97471</roll><pitch>-4.555097</pitch><mode /></trkpt><trkpt lat="23.3187863" lon="77.3550243"><ele>506.83</ele><time>2026-08-28T17:16:08+05:30</time><course>130.6713</course><roll>-13.11576</roll><pitch>-9.236437</pitch><mode /></trkpt><trkpt lat="23.318786" lon="77.3550222"><ele>506.78</ele><time>2026-08-28T17:16:09+05:30</time><course>132.9332</course><roll>-12.13371</roll><pitch>-8.862228</pitch><mode /></trkpt><trkpt lat="23.3187855" lon="77.3550195"><ele>506.79</ele><time>2026-08-28T17:16:09+05:30</time><course>126.794</course><roll>-8.992085</roll><pitch>-8.780999</pitch><mode /></trkpt><trkpt lat="23.3187851" lon="77.3550168"><ele>506.86</ele><time>2026-08-28T17:16:09+05:30</time><course>127.2589</course><roll>-10.65718</roll><pitch>-5.272817</pitch><mode /></trkpt><trkpt lat="23.3187847" lon="77.3550148"><ele>506.7</ele><time>2026-08-28T17:16:09+05:30</time><course>133.4577</course><roll>-12.90888</roll><pitch>-0.7762053</pitch><mode /></trkpt><trkpt lat="23.3187844" lon="77.3550129"><ele>506.44</ele><time>2026-08-28T17:16:09+05:30</time><course>141.628</course><roll>-10.33843</roll><pitch>1.143631</pitch><mode /></trkpt><trkpt lat="23.3187842" lon="77.3550104"><ele>506.36</ele><time>2026-08-28T17:16:10+05:30</time><course>139.693</course><roll>-7.688346</roll><pitch>-6.75778</pitch><mode /></trkpt><trkpt lat="23.3187841" lon="77.3550065"><ele>506.31</ele><time>2026-08-28T17:16:10+05:30</time><course>131.0257</course><roll>-4.380532</roll><pitch>-10.96122</pitch><mode /></trkpt><trkpt lat="23.318783" lon="77.3550029"><ele>506.34</ele><time>2026-08-28T17:16:10+05:30</time><course>121.1298</course><roll>-4.320446</roll><pitch>-11.47093</pitch><mode /></trkpt><trkpt lat="23.3187819" lon="77.3550005"><ele>506.27</ele><time>2026-08-28T17:16:10+05:30</time><course>120.9607</course><roll>-4.20578</roll><pitch>-4.963172</pitch><mode /></trkpt><trkpt lat="23.3187811" lon="77.3549983"><ele>506.36</ele><time>2026-08-28T17:16:10+05:30</time><course>119.0361</course><roll>-4.253551</roll><pitch>-4.112679</pitch><mode /></trkpt><trkpt lat="23.3187802" lon="77.3549964"><ele>506.37</ele><time>2026-08-28T17:16:11+05:30</time><course>120.3864</course><roll>-2.847027</roll><pitch>3.695574</pitch><mode /></trkpt><trkpt lat="23.31878" lon="77.3549946"><ele>506.37</ele><time>2026-08-28T17:16:11+05:30</time><course>118.6939</course><roll>-0.7317316</roll><pitch>4.953244</pitch><mode /></trkpt><trkpt lat="23.3187798" lon="77.3549928"><ele>506.4</ele><time>2026-08-28T17:16:11+05:30</time><course>120.3263</course><roll>-1.237352</roll><pitch>3.181642</pitch><mode /></trkpt><trkpt lat="23.3187792" lon="77.3549912"><ele>506.35</ele><time>2026-08-28T17:16:11+05:30</time><course>125.0715</course><roll>-1.686846</roll><pitch>5.37712</pitch><mode /></trkpt><trkpt lat="23.3187793" lon="77.3549894"><ele>506.39</ele><time>2026-08-28T17:16:11+05:30</time><course>124.5841</course><roll>-0.9943209</roll><pitch>9.835091</pitch><mode /></trkpt><trkpt lat="23.3187791" lon="77.3549882"><ele>506.46</ele><time>2026-08-28T17:16:12+05:30</time><course>127.0205</course><roll>-2.924152</roll><pitch>14.30299</pitch><mode /></trkpt><trkpt lat="23.3187795" lon="77.354987"><ele>506.63</ele><time>2026-08-28T17:16:12+05:30</time><course>128.08</course><roll>-1.902539</roll><pitch>16.2332</pitch><mode /></trkpt><trkpt lat="23.3187803" lon="77.3549858"><ele>506.56</ele><time>2026-08-28T17:16:12+05:30</time><course>124.0099</course><roll>-4.356754</roll><pitch>15.02545</pitch><mode /></trkpt><trkpt lat="23.318781" lon="77.3549848"><ele>506.61</ele><time>2026-08-28T17:16:12+05:30</time><course>124.9905</course><roll>-3.534595</roll><pitch>14.6305</pitch><mode /></trkpt><trkpt lat="23.3187814" lon="77.3549836"><ele>506.7</ele><time>2026-08-28T17:16:12+05:30</time><course>131.5978</course><roll>-2.307183</roll><pitch>13.19469</pitch><mode /></trkpt><trkpt lat="23.3187819" lon="77.3549827"><ele>506.96</ele><time>2026-08-28T17:16:13+05:30</time><course>138.2894</course><roll>-7.53743</roll><pitch>17.96743</pitch><mode /></trkpt><trkpt lat="23.3187822" lon="77.3549815"><ele>506.95</ele><time>2026-08-28T17:16:13+05:30</time><course>141.5549</course><roll>-11.17489</roll><pitch>15.32304</pitch><mode /></trkpt><trkpt lat="23.3187827" lon="77.3549801"><ele>506.95</ele><time>2026-08-28T17:16:13+05:30</time><course>136.2915</course><roll>-11.10393</roll><pitch>9.386353</pitch><mode /></trkpt><trkpt lat="23.3187831" lon="77.3549787"><ele>506.85</ele><time>2026-08-28T17:16:13+05:30</time><course>124.4981</course><roll>-14.85346</roll><pitch>4.292179</pitch><mode /></trkpt><trkpt lat="23.3187805" lon="77.3549758"><ele>506.67</ele><time>2026-08-28T17:16:14+05:30</time><course>72.97918</course><roll>-26.97972</roll><pitch>-1.307394</pitch><mode /></trkpt><trkpt lat="23.3187778" lon="77.3549734"><ele>506.29</ele><time>2026-08-28T17:16:15+05:30</time><course>82.94763</course><roll>-50.62153</roll><pitch>-17.61831</pitch><mode /></trkpt><trkpt lat="23.3187753" lon="77.354972"><ele>506.34</ele><time>2026-08-28T17:16:16+05:30</time><course>65.16756</course><roll>-54.87783</roll><pitch>-25.86903</pitch><mode /></trkpt><trkpt lat="23.3187751" lon="77.3549719"><ele>506.32</ele><time>2026-08-28T17:16:16+05:30</time><course>65.65364</course><roll>-57.15097</roll><pitch>-25.11529</pitch><mode /></trkpt><trkpt lat="23.3187748" lon="77.3549715"><ele>506.27</ele><time>2026-08-28T17:16:16+05:30</time><course>67.71438</course><roll>-58.40691</roll><pitch>-27.23304</pitch><mode /></trkpt><trkpt lat="23.3187741" lon="77.3549714"><ele>506.36</ele><time>2026-08-28T17:16:17+05:30</time><course>67.8659</course><roll>-57.61959</roll><pitch>-26.79443</pitch><mode /></trkpt><trkpt lat="23.3187736" lon="77.3549715"><ele>506.36</ele><time>2026-08-28T17:16:17+05:30</time><course>67.02171</course><roll>-57.01421</roll><pitch>-27.23344</pitch><mode /></trkpt><trkpt lat="23.3187731" lon="77.3549713"><ele>506.37</ele><time>2026-08-28T17:16:17+05:30</time><course>64.91958</course><roll>-56.80553</roll><pitch>-27.51024</pitch><mode /></trkpt><trkpt lat="23.3187732" lon="77.3549711"><ele>506.42</ele><time>2026-08-28T17:16:17+05:30</time><course>65.05481</course><roll>-56.85396</roll><pitch>-27.60278</pitch><mode /></trkpt><trkpt lat="23.3187733" lon="77.3549707"><ele>506.48</ele><time>2026-08-28T17:16:18+05:30</time><course>64.75497</course><roll>-57.65802</roll><pitch>-28.63559</pitch><mode /></trkpt><trkpt lat="23.3187735" lon="77.3549703"><ele>506.54</ele><time>2026-08-28T17:16:18+05:30</time><course>64.38884</course><roll>-58.26636</roll><pitch>-28.4532</pitch><mode /></trkpt><trkpt lat="23.3187735" lon="77.3549702"><ele>506.46</ele><time>2026-08-28T17:16:18+05:30</time><course>63.38432</course><roll>-59.96291</roll><pitch>-27.65252</pitch><mode /></trkpt><trkpt lat="23.3187734" lon="77.3549705"><ele>506.55</ele><time>2026-08-28T17:16:19+05:30</time><course>62.92651</course><roll>-60.5648</roll><pitch>-27.69074</pitch><mode /></trkpt><trkpt lat="23.3187735" lon="77.3549703"><ele>506.56</ele><time>2026-08-28T17:16:19+05:30</time><course>62.1744</course><roll>-60.42419</roll><pitch>-27.11862</pitch><mode /></trkpt><trkpt lat="23.318773" lon="77.35497"><ele>506.7</ele><time>2026-08-28T17:16:20+05:30</time><course>62.01317</course><roll>-57.60047</roll><pitch>-28.33735</pitch><mode /></trkpt><trkpt lat="23.3187729" lon="77.3549701"><ele>506.78</ele><time>2026-08-28T17:16:20+05:30</time><course>62.32587</course><roll>-57.68185</roll><pitch>-28.18267</pitch><mode /></trkpt><trkpt lat="23.3187726" lon="77.35497"><ele>506.63</ele><time>2026-08-28T17:16:20+05:30</time><course>61.14161</course><roll>-56.87117</roll><pitch>-28.38959</pitch><mode /></trkpt><trkpt lat="23.3187723" lon="77.3549698"><ele>506.56</ele><time>2026-08-28T17:16:20+05:30</time><course>61.38937</course><roll>-56.65673</roll><pitch>-28.57906</pitch><mode /></trkpt><trkpt lat="23.318772" lon="77.3549696"><ele>506.64</ele><time>2026-08-28T17:16:21+05:30</time><course>60.11224</course><roll>-55.92316</roll><pitch>-28.08003</pitch><mode /></trkpt><trkpt lat="23.3187716" lon="77.3549695"><ele>506.54</ele><time>2026-08-28T17:16:21+05:30</time><course>59.68103</course><roll>-55.1316</roll><pitch>-28.21611</pitch><mode /></trkpt><trkpt lat="23.3187715" lon="77.3549693"><ele>506.49</ele><time>2026-08-28T17:16:22+05:30</time><course>59.80915</course><roll>-55.17841</roll><pitch>-28.34947</pitch><mode /></trkpt><trkpt lat="23.3187714" lon="77.3549691"><ele>506.48</ele><time>2026-08-28T17:16:22+05:30</time><course>60.12666</course><roll>-55.05941</roll><pitch>-28.47164</pitch><mode /></trkpt><trkpt lat="23.318771" lon="77.3549689"><ele>506.49</ele><time>2026-08-28T17:16:22+05:30</time><course>59.45599</course><roll>-54.4245</roll><pitch>-28.10662</pitch><mode /></trkpt><trkpt lat="23.3187708" lon="77.3549687"><ele>506.51</ele><time>2026-08-28T17:16:23+05:30</time><course>59.64339</course><roll>-55.08582</roll><pitch>-28.02128</pitch><mode /></trkpt><trkpt lat="23.3187707" lon="77.3549684"><ele>506.49</ele><time>2026-08-28T17:16:23+05:30</time><course>59.40406</course><roll>-55.30305</roll><pitch>-27.81523</pitch><mode /></trkpt><trkpt lat="23.3187706" lon="77.3549682"><ele>506.51</ele><time>2026-08-28T17:16:23+05:30</time><course>60.10308</course><roll>-55.18425</roll><pitch>-27.85057</pitch><mode /></trkpt><trkpt lat="23.3187702" lon="77.354968"><ele>506.61</ele><time>2026-08-28T17:16:24+05:30</time><course>58.37063</course><roll>-56.21962</roll><pitch>-28.90227</pitch><mode /></trkpt><trkpt lat="23.3187695" lon="77.3549681"><ele>506.84</ele><time>2026-08-28T17:16:25+05:30</time><course>57.76329</course><roll>-56.20958</roll><pitch>-28.86726</pitch><mode /></trkpt><trkpt lat="23.3187694" lon="77.354968"><ele>506.82</ele><time>2026-08-28T17:16:25+05:30</time><course>57.33803</course><roll>-55.65696</roll><pitch>-28.86172</pitch><mode /></trkpt><trkpt lat="23.3187693" lon="77.3549677"><ele>506.76</ele><time>2026-08-28T17:16:26+05:30</time><course>57.49272</course><roll>-55.39007</roll><pitch>-28.43468</pitch><mode /></trkpt><trkpt lat="23.3187692" lon="77.3549675"><ele>506.75</ele><time>2026-08-28T17:16:26+05:30</time><course>57.26235</course><roll>-55.77163</roll><pitch>-28.00737</pitch><mode /></trkpt><trkpt lat="23.318769" lon="77.3549674"><ele>506.74</ele><time>2026-08-28T17:16:26+05:30</time><course>57.47466</course><roll>-55.42633</roll><pitch>-28.06373</pitch><mode /></trkpt><trkpt lat="23.3187689" lon="77.3549672"><ele>506.73</ele><time>2026-08-28T17:16:26+05:30</time><course>57.25147</course><roll>-55.04118</roll><pitch>-28.73472</pitch><mode /></trkpt><trkpt lat="23.3187688" lon="77.3549671"><ele>506.76</ele><time>2026-08-28T17:16:26+05:30</time><course>56.79837</course><roll>-55.19393</roll><pitch>-28.80798</pitch><mode /></trkpt><trkpt lat="23.3187687" lon="77.3549669"><ele>506.73</ele><time>2026-08-28T17:16:27+05:30</time><course>57.01878</course><roll>-54.65785</roll><pitch>-28.7812</pitch><mode /></trkpt><trkpt lat="23.3187685" lon="77.3549667"><ele>506.78</ele><time>2026-08-28T17:16:27+05:30</time><course>57.22368</course><roll>-55.19954</roll><pitch>-28.92681</pitch><mode /></trkpt><trkpt lat="23.3187684" lon="77.3549665"><ele>506.8</ele><time>2026-08-28T17:16:27+05:30</time><course>57.27258</course><roll>-55.40622</roll><pitch>-29.0333</pitch><mode /></trkpt><trkpt lat="23.3187683" lon="77.354966"><ele>506.77</ele><time>2026-08-28T17:16:28+05:30</time><course>56.36942</course><roll>-55.08316</roll><pitch>-28.14447</pitch><mode /></trkpt><trkpt lat="23.318768" lon="77.3549656"><ele>506.72</ele><time>2026-08-28T17:16:28+05:30</time><course>55.08794</course><roll>-47.01958</roll><pitch>-21.56672</pitch><mode /></trkpt><trkpt lat="23.3187682" lon="77.3549652"><ele>506.82</ele><time>2026-08-28T17:16:28+05:30</time><course>44.18188</course><roll>-23.30974</roll><pitch>-12.91452</pitch><mode /></trkpt><trkpt lat="23.3187687" lon="77.3549691"><ele>506.99</ele><time>2026-08-28T17:16:29+05:30</time><course>344.3276</course><roll>3.125338</roll><pitch>-2.065137</pitch><mode /></trkpt><trkpt lat="23.318769" lon="77.3549687"><ele>507.05</ele><time>2026-08-28T17:16:30+05:30</time><course>348.6565</course><roll>-1.246642</roll><pitch>-2.014447</pitch><mode /></trkpt><trkpt lat="23.3187689" lon="77.3549685"><ele>507.07</ele><time>2026-08-28T17:16:30+05:30</time><course>349.8806</course><roll>0.9896538</roll><pitch>-5.792033</pitch><mode /></trkpt><trkpt lat="23.3187686" lon="77.354968"><ele>507.06</ele><time>2026-08-28T17:16:30+05:30</time><course>348.0175</course><roll>2.702578</roll><pitch>-5.597157</pitch><mode /></trkpt><trkpt lat="23.3187682" lon="77.3549683"><ele>507.07</ele><time>2026-08-28T17:16:30+05:30</time><course>345.902</course><roll>1.235587</roll><pitch>-4.767457</pitch><mode /></trkpt><trkpt lat="23.3187681" lon="77.3549673"><ele>507.12</ele><time>2026-08-28T17:16:31+05:30</time><course>343.6957</course><roll>-0.08053412</roll><pitch>-3.940065</pitch><mode /></trkpt><trkpt lat="23.3187678" lon="77.3549675"><ele>507.08</ele><time>2026-08-28T17:16:31+05:30</time><course>340.5551</course><roll>0.2075397</roll><pitch>-3.315475</pitch><mode /></trkpt><trkpt lat="23.3187683" lon="77.3549672"><ele>507.16</ele><time>2026-08-28T17:16:31+05:30</time><course>325.1986</course><roll>1.230356</roll><pitch>-2.803442</pitch><mode /></trkpt><trkpt lat="23.3187686" lon="77.3549688"><ele>507.3</ele><time>2026-08-28T17:16:32+05:30</time><course>318.0414</course><roll>1.659059</roll><pitch>-2.037579</pitch><mode /></trkpt><trkpt lat="23.3187689" lon="77.3549689"><ele>507.33</ele><time>2026-08-28T17:16:32+05:30</time><course>316.9725</course><roll>2.092465</roll><pitch>-1.557089</pitch><mode /></trkpt><trkpt lat="23.3187691" lon="77.3549694"><ele>507.45</ele><time>2026-08-28T17:16:32+05:30</time><course>310.2976</course><roll>2.667536</roll><pitch>-1.271753</pitch><mode /></trkpt><trkpt lat="23.3187692" lon="77.354969"><ele>507.41</ele><time>2026-08-28T17:16:33+05:30</time><course>302.8104</course><roll>3.04956</roll><pitch>0.9335442</pitch><mode /></trkpt><trkpt lat="23.3187689" lon="77.3549688"><ele>507.43</ele><time>2026-08-28T17:16:33+05:30</time><course>307.6264</course><roll>2.304835</roll><pitch>1.069229</pitch><mode /></trkpt><trkpt lat="23.3187687" lon="77.3549695"><ele>507.35</ele><time>2026-08-28T17:16:33+05:30</time><course>328.4837</course><roll>0.5152846</roll><pitch>0.3220481</pitch><mode /></trkpt><trkpt lat="23.3187688" lon="77.3549692"><ele>507.35</ele><time>2026-08-28T17:16:34+05:30</time><course>339.6252</course><roll>0.2977193</roll><pitch>1.823757</pitch><mode /></trkpt><trkpt lat="23.3187684" lon="77.354969"><ele>507.46</ele><time>2026-08-28T17:16:34+05:30</time><course>8.526573</course><roll>-0.3698463</roll><pitch>-0.5325035</pitch><mode /></trkpt><trkpt lat="23.3187683" lon="77.3549687"><ele>507.42</ele><time>2026-08-28T17:16:34+05:30</time><course>17.71273</course><roll>-2.191556</roll><pitch>-2.279875</pitch><mode /></trkpt><trkpt lat="23.3187682" lon="77.3549685"><ele>507.43</ele><time>2026-08-28T17:16:35+05:30</time><course>24.97403</course><roll>-1.79409</roll><pitch>-2.901075</pitch><mode /></trkpt><trkpt lat="23.3187681" lon="77.3549684"><ele>507.45</ele><time>2026-08-28T17:16:35+05:30</time><course>31.11927</course><roll>-2.523671</roll><pitch>-2.041574</pitch><mode /></trkpt><trkpt lat="23.3187679" lon="77.3549687"><ele>507.44</ele><time>2026-08-28T17:16:35+05:30</time><course>29.9455</course><roll>-2.528617</roll><pitch>-1.102294</pitch><mode /></trkpt><trkpt lat="23.3187677" lon="77.3549691"><ele>507.42</ele><time>2026-08-28T17:16:35+05:30</time><course>29.96358</course><roll>-2.220705</roll><pitch>-1.48112</pitch><mode /></trkpt><trkpt lat="23.3187675" lon="77.3549697"><ele>507.44</ele><time>2026-08-28T17:16:35+05:30</time><course>30.88429</course><roll>-2.674081</roll><pitch>-1.642513</pitch><mode /></trkpt><trkpt lat="23.3187674" lon="77.3549699"><ele>507.41</ele><time>2026-08-28T17:16:36+05:30</time><course>30.08512</course><roll>-2.625847</roll><pitch>-1.875159</pitch><mode /></trkpt><trkpt lat="23.3187673" lon="77.3549701"><ele>507.38</ele><time>2026-08-28T17:16:36+05:30</time><course>26.83636</course><roll>-2.05496</roll><pitch>-1.198515</pitch><mode /></trkpt><trkpt lat="23.318767" lon="77.3549706"><ele>507.34</ele><time>2026-08-28T17:16:36+05:30</time><course>19.92304</course><roll>-1.51942</roll><pitch>-0.9508802</pitch><mode /></trkpt><trkpt lat="23.3187672" lon="77.3549717"><ele>507.26</ele><time>2026-08-28T17:16:37+05:30</time><course>354.3224</course><roll>1.204576</roll><pitch>-0.442638</pitch><mode /></trkpt><trkpt lat="23.3187678" lon="77.3549716"><ele>507.27</ele><time>2026-08-28T17:16:37+05:30</time><course>339.2867</course><roll>0.004563633</roll><pitch>2.795699</pitch><mode /></trkpt><trkpt lat="23.3187683" lon="77.3549718"><ele>507.09</ele><time>2026-08-28T17:16:37+05:30</time><course>334.9573</course><roll>2.438678</roll><pitch>2.759746</pitch><mode /></trkpt><trkpt lat="23.3187685" lon="77.3549721"><ele>507.13</ele><time>2026-08-28T17:16:38+05:30</time><course>333.7169</course><roll>1.470275</roll><pitch>3.033319</pitch><mode /></trkpt><trkpt lat="23.3187686" lon="77.3549725"><ele>507.09</ele><time>2026-08-28T17:16:38+05:30</time><course>333.8371</course><roll>1.757651</roll><pitch>1.878939</pitch><mode /></trkpt><trkpt lat="23.3187685" lon="77.354973"><ele>507.09</ele><time>2026-08-28T17:16:38+05:30</time><course>334.5994</course><roll>1.976988</roll><pitch>1.077361</pitch><mode /></trkpt><trkpt lat="23.3187683" lon="77.3549735"><ele>507.18</ele><time>2026-08-28T17:16:39+05:30</time><course>349.5424</course><roll>3.016267</roll><pitch>0.6201556</pitch><mode /></trkpt><trkpt lat="23.3187679" lon="77.3549737"><ele>507.29</ele><time>2026-08-28T17:16:39+05:30</time><course>8.541475</course><roll>2.974173</roll><pitch>0.4329406</pitch><mode /></trkpt><trkpt lat="23.3187679" lon="77.3549736"><ele>507.29</ele><time>2026-08-28T17:16:39+05:30</time><course>20.32272</course><roll>0.7619708</roll><pitch>0.5942988</pitch><mode /></trkpt><trkpt lat="23.3187683" lon="77.3549733"><ele>507.28</ele><time>2026-08-28T17:16:40+05:30</time><course>18.68241</course><roll>0.581588</roll><pitch>-0.7074708</pitch><mode /></trkpt><trkpt lat="23.3187685" lon="77.3549731"><ele>507.28</ele><time>2026-08-28T17:16:40+05:30</time><course>5.371868</course><roll>1.081655</roll><pitch>2.101842</pitch><mode /></trkpt><trkpt lat="23.3187683" lon="77.354973"><ele>507.4</ele><time>2026-08-28T17:16:41+05:30</time><course>347.8178</course><roll>-1.186843</roll><pitch>2.88853</pitch><mode /></trkpt><trkpt lat="23.3187679" lon="77.3549734"><ele>507.41</ele><time>2026-08-28T17:16:41+05:30</time><course>343.0181</course><roll>-2.190876</roll><pitch>1.901362</pitch><mode /></trkpt><trkpt lat="23.3187684" lon="77.3549739"><ele>507.5</ele><time>2026-08-28T17:16:41+05:30</time><course>340.7863</course><roll>-1.198684</roll><pitch>0.1002726</pitch><mode /></trkpt><trkpt lat="23.3187683" lon="77.3549742"><ele>507.84</ele><time>2026-08-28T17:16:42+05:30</time><course>342.2092</course><roll>-1.430912</roll><pitch>-1.576325</pitch><mode /></trkpt><trkpt lat="23.3187681" lon="77.3549752"><ele>507.99</ele><time>2026-08-28T17:16:42+05:30</time><course>342.1312</course><roll>-2.311956</roll><pitch>-1.586601</pitch><mode /></trkpt><trkpt lat="23.3187679" lon="77.3549765"><ele>508.06</ele><time>2026-08-28T17:16:42+05:30</time><course>340.5654</course><roll>-0.9625049</roll><pitch>-0.1297655</pitch><mode /></trkpt><trkpt lat="23.3187681" lon="77.3549776"><ele>508.38</ele><time>2026-08-28T17:16:43+05:30</time><course>340.6702</course><roll>-1.468389</roll><pitch>1.220206</pitch><mode /></trkpt><trkpt lat="23.3187683" lon="77.3549781"><ele>508.68</ele><time>2026-08-28T17:16:43+05:30</time><course>339.1682</course><roll>0.8154266</roll><pitch>1.148239</pitch><mode /></trkpt><trkpt lat="23.318768" lon="77.3549786"><ele>508.81</ele><time>2026-08-28T17:16:43+05:30</time><course>339.2394</course><roll>-0.3256048</roll><pitch>1.232774</pitch><mode /></trkpt><trkpt lat="23.3187678" lon="77.3549789"><ele>508.87</ele><time>2026-08-28T17:16:43+05:30</time><course>339.1762</course><roll>-1.932305</roll><pitch>1.198381</pitch><mode /></trkpt><trkpt lat="23.3187678" lon="77.3549791"><ele>508.82</ele><time>2026-08-28T17:16:44+05:30</time><course>339.3214</course><roll>-0.3482057</roll><pitch>1.549523</pitch><mode /></trkpt><trkpt lat="23.3187676" lon="77.3549794"><ele>508.84</ele><time>2026-08-28T17:16:44+05:30</time><course>338.8842</course><roll>-1.30327</roll><pitch>1.640623</pitch><mode /></trkpt><trkpt lat="23.3187678" lon="77.3549792"><ele>508.84</ele><time>2026-08-28T17:16:44+05:30</time><course>338.6237</course><roll>-1.603884</roll><pitch>1.628443</pitch><mode /></trkpt><trkpt lat="23.3187679" lon="77.3549793"><ele>508.87</ele><time>2026-08-28T17:16:45+05:30</time><course>338.7047</course><roll>-1.623695</roll><pitch>1.423184</pitch><mode /></trkpt><trkpt lat="23.3187681" lon="77.3549792"><ele>508.89</ele><time>2026-08-28T17:16:45+05:30</time><course>338.4175</course><roll>-1.857265</roll><pitch>1.514874</pitch><mode /></trkpt><trkpt lat="23.3187682" lon="77.3549796"><ele>508.94</ele><time>2026-08-28T17:16:45+05:30</time><course>338.2013</course><roll>-1.908299</roll><pitch>1.586493</pitch><mode /></trkpt><trkpt lat="23.3187683" lon="77.3549804"><ele>509.05</ele><time>2026-08-28T17:16:45+05:30</time><course>338.0184</course><roll>-1.898093</roll><pitch>1.40679</pitch><mode /></trkpt><trkpt lat="23.3187685" lon="77.3549811"><ele>509.16</ele><time>2026-08-28T17:16:46+05:30</time><course>338.0133</course><roll>-1.484886</roll><pitch>1.624179</pitch><mode /></trkpt><trkpt lat="23.318769" lon="77.3549816"><ele>509.17</ele><time>2026-08-28T17:16:46+05:30</time><course>338.1373</course><roll>-1.825142</roll><pitch>1.341905</pitch><mode /></trkpt><trkpt lat="23.3187691" lon="77.3549819"><ele>509.17</ele><time>2026-08-28T17:16:46+05:30</time><course>338.1541</course><roll>-1.375198</roll><pitch>1.53122</pitch><mode /></trkpt><trkpt lat="23.3187689" lon="77.3549823"><ele>509.21</ele><time>2026-08-28T17:16:47+05:30</time><course>337.5703</course><roll>-1.387451</roll><pitch>1.480156</pitch><mode /></trkpt><trkpt lat="23.318769" lon="77.3549824"><ele>509.19</ele><time>2026-08-28T17:16:47+05:30</time><course>337.6778</course><roll>-2.016781</roll><pitch>1.352913</pitch><mode /></trkpt><trkpt lat="23.3187691" lon="77.3549826"><ele>509.18</ele><time>2026-08-28T17:16:47+05:30</time><course>337.015</course><roll>-1.145585</roll><pitch>1.163407</pitch><mode /></trkpt><trkpt lat="23.3187692" lon="77.3549827"><ele>509.16</ele><time>2026-08-28T17:16:47+05:30</time><course>336.7328</course><roll>-0.324791</roll><pitch>0.38107</pitch><mode /></trkpt><trkpt lat="23.3187693" lon="77.3549829"><ele>509.12</ele><time>2026-08-28T17:16:47+05:30</time><course>336.0784</course><roll>0.2492079</roll><pitch>-0.3054734</pitch><mode /></trkpt><trkpt lat="23.3187691" lon="77.3549832"><ele>509.17</ele><time>2026-08-28T17:16:48+05:30</time><course>335.97</course><roll>0.5909629</roll><pitch>0.2593726</pitch><mode /></trkpt><trkpt lat="23.3187693" lon="77.3549835"><ele>509.21</ele><time>2026-08-28T17:16:48+05:30</time><course>336.2196</course><roll>0.08790763</roll><pitch>0.5639125</pitch><mode /></trkpt><trkpt lat="23.3187694" lon="77.3549836"><ele>509.22</ele><time>2026-08-28T17:16:48+05:30</time><course>335.9471</course><roll>0.6952882</roll><pitch>-0.04294895</pitch><mode /></trkpt><trkpt lat="23.3187695" lon="77.3549837"><ele>509.24</ele><time>2026-08-28T17:16:49+05:30</time><course>335.9007</course><roll>0.6531432</roll><pitch>-0.2235225</pitch><mode /></trkpt><trkpt lat="23.3187697" lon="77.3549836"><ele>509.26</ele><time>2026-08-28T17:16:49+05:30</time><course>336.4196</course><roll>0.2549524</roll><pitch>-0.8120703</pitch><mode /></trkpt><trkpt lat="23.3187698" lon="77.3549837"><ele>509.25</ele><time>2026-08-28T17:16:49+05:30</time><course>336.5949</course><roll>0.3278311</roll><pitch>-1.036343</pitch><mode /></trkpt><trkpt lat="23.3187699" lon="77.3549839"><ele>509.27</ele><time>2026-08-28T17:16:50+05:30</time><course>336.8455</course><roll>0.2708946</roll><pitch>-1.13227</pitch><mode /></trkpt><trkpt lat="23.3187697" lon="77.3549838"><ele>509.28</ele><time>2026-08-28T17:16:50+05:30</time><course>336.6123</course><roll>0.06747971</roll><pitch>-1.027233</pitch><mode /></trkpt><trkpt lat="23.3187696" lon="77.3549839"><ele>509.31</ele><time>2026-08-28T17:16:50+05:30</time><course>336.6291</course><roll>-0.1216401</roll><pitch>-0.5941094</pitch><mode /></trkpt><trkpt lat="23.3187697" lon="77.354984"><ele>509.37</ele><time>2026-08-28T17:16:50+05:30</time><course>336.701</course><roll>0.4617291</roll><pitch>-0.2065213</pitch><mode /></trkpt><trkpt lat="23.3187696" lon="77.3549843"><ele>509.4</ele><time>2026-08-28T17:16:51+05:30</time><course>356.5129</course><roll>1.186865</roll><pitch>-2.090425</pitch><mode /></trkpt><trkpt lat="23.3187694" lon="77.3549845"><ele>509.44</ele><time>2026-08-28T17:16:51+05:30</time><course>7.807315</course><roll>4.139385</roll><pitch>-2.289865</pitch><mode /></trkpt><trkpt lat="23.3187689" lon="77.3549847"><ele>509.59</ele><time>2026-08-28T17:16:51+05:30</time><course>351.3358</course><roll>-2.435933</roll><pitch>4.735755</pitch><mode /></trkpt><trkpt lat="23.3187686" lon="77.3549848"><ele>509.6</ele><time>2026-08-28T17:16:52+05:30</time><course>337.3346</course><roll>-5.074982</roll><pitch>2.90101</pitch><mode /></trkpt><trkpt lat="23.3187685" lon="77.3549847"><ele>509.61</ele><time>2026-08-28T17:16:52+05:30</time><course>331.4603</course><roll>-4.079504</roll><pitch>1.281742</pitch><mode /></trkpt><trkpt lat="23.3187687" lon="77.3549846"><ele>509.55</ele><time>2026-08-28T17:16:52+05:30</time><course>330.4111</course><roll>-2.671932</roll><pitch>-0.5930379</pitch><mode /></trkpt><trkpt lat="23.3187686" lon="77.3549845"><ele>509.52</ele><time>2026-08-28T17:16:52+05:30</time><course>330.2924</course><roll>-1.047224</roll><pitch>-1.140476</pitch><mode /></trkpt><trkpt lat="23.3187681" lon="77.3549842"><ele>509.43</ele><time>2026-08-28T17:16:53+05:30</time><course>330.7944</course><roll>3.993169</roll><pitch>0.7375371</pitch><mode /></trkpt><trkpt lat="23.3187677" lon="77.354984"><ele>509.33</ele><time>2026-08-28T17:16:53+05:30</time><course>330.5179</course><roll>3.565554</roll><pitch>0.8654771</pitch><mode /></trkpt><trkpt lat="23.3187676" lon="77.3549839"><ele>509.25</ele><time>2026-08-28T17:16:53+05:30</time><course>329.9678</course><roll>1.972647</roll><pitch>-1.147745</pitch><mode /></trkpt><trkpt lat="23.3187674" lon="77.3549835"><ele>509.19</ele><time>2026-08-28T17:16:53+05:30</time><course>330.6225</course><roll>6.397198</roll><pitch>1.688434</pitch><mode /></trkpt><trkpt lat="23.3187672" lon="77.3549832"><ele>509.24</ele><time>2026-08-28T17:16:54+05:30</time><course>331.0331</course><roll>6.823556</roll><pitch>2.664526</pitch><mode /></trkpt><trkpt lat="23.318767" lon="77.3549827"><ele>509.14</ele><time>2026-08-28T17:16:54+05:30</time><course>331.2662</course><roll>6.48342</roll><pitch>2.009773</pitch><mode /></trkpt><trkpt lat="23.3187667" lon="77.3549825"><ele>509.08</ele><time>2026-08-28T17:16:54+05:30</time><course>334.3738</course><roll>4.447211</roll><pitch>6.119242</pitch><mode /></trkpt><trkpt lat="23.3187666" lon="77.3549827"><ele>509.14</ele><time>2026-08-28T17:16:55+05:30</time><course>337.6224</course><roll>-3.971259</roll><pitch>6.117435</pitch><mode /></trkpt><trkpt lat="23.3187667" lon="77.3549829"><ele>509.15</ele><time>2026-08-28T17:16:55+05:30</time><course>339.0995</course><roll>-0.8069822</roll><pitch>5.806141</pitch><mode /></trkpt><trkpt lat="23.3187669" lon="77.3549832"><ele>509.23</ele><time>2026-08-28T17:16:55+05:30</time><course>340.1704</course><roll>1.059957</roll><pitch>8.924131</pitch><mode /></trkpt><trkpt lat="23.3187666" lon="77.354983"><ele>509.2</ele><time>2026-08-28T17:16:55+05:30</time><course>336.6729</course><roll>-5.279497</roll><pitch>7.457047</pitch><mode /></trkpt><trkpt lat="23.3187665" lon="77.3549833"><ele>509.27</ele><time>2026-08-28T17:16:56+05:30</time><course>338.9498</course><roll>-7.291132</roll><pitch>4.511367</pitch><mode /></trkpt><trkpt lat="23.3187664" lon="77.3549832"><ele>509.27</ele><time>2026-08-28T17:16:56+05:30</time><course>341.5497</course><roll>-12.53836</roll><pitch>5.096309</pitch><mode /></trkpt><trkpt lat="23.3187666" lon="77.354984"><ele>509.52</ele><time>2026-08-28T17:16:56+05:30</time><course>337.9044</course><roll>18.19659</roll><pitch>8.246249</pitch><mode /></trkpt><trkpt lat="23.3187665" lon="77.3549841"><ele>509.46</ele><time>2026-08-28T17:16:56+05:30</time><course>335.8779</course><roll>-6.670326</roll><pitch>5.60654</pitch><mode /></trkpt><trkpt lat="23.3187664" lon="77.3549842"><ele>509.57</ele><time>2026-08-28T17:16:57+05:30</time><course>336.2639</course><roll>-13.45676</roll><pitch>7.519341</pitch><mode /></trkpt><trkpt lat="23.3187663" lon="77.3549841"><ele>509.63</ele><time>2026-08-28T17:16:57+05:30</time><course>334.0519</course><roll>-6.109369</roll><pitch>8.226997</pitch><mode /></trkpt><trkpt lat="23.3187661" lon="77.3549845"><ele>509.67</ele><time>2026-08-28T17:16:57+05:30</time><course>333.0208</course><roll>-3.404069</roll><pitch>4.835184</pitch><mode /></trkpt><trkpt lat="23.3187664" lon="77.3549856"><ele>509.92</ele><time>2026-08-28T17:16:57+05:30</time><course>332.727</course><roll>-10.19524</roll><pitch>2.720007</pitch><mode /></trkpt><trkpt lat="23.3187666" lon="77.354986"><ele>510.02</ele><time>2026-08-28T17:16:58+05:30</time><course>333.153</course><roll>-10.11083</roll><pitch>2.854503</pitch><mode /></trkpt><trkpt lat="23.3187668" lon="77.3549864"><ele>510.12</ele><time>2026-08-28T17:16:58+05:30</time><course>333.5885</course><roll>-9.152966</roll><pitch>3.196253</pitch><mode /></trkpt><trkpt lat="23.318767" lon="77.3549867"><ele>510.18</ele><time>2026-08-28T17:16:58+05:30</time><course>333.4804</course><roll>-9.21675</roll><pitch>2.790859</pitch><mode /></trkpt><trkpt lat="23.3187669" lon="77.3549869"><ele>510.26</ele><time>2026-08-28T17:16:58+05:30</time><course>333.6318</course><roll>-9.079338</roll><pitch>2.903694</pitch><mode /></trkpt><trkpt lat="23.3187676" lon="77.354987"><ele>510.33</ele><time>2026-08-28T17:16:59+05:30</time><course>334.0156</course><roll>-8.753437</roll><pitch>2.901112</pitch><mode /></trkpt><trkpt lat="23.318768" lon="77.3549873"><ele>510.39</ele><time>2026-08-28T17:16:59+05:30</time><course>335.4916</course><roll>-8.16255</roll><pitch>3.421107</pitch><mode /></trkpt><trkpt lat="23.3187682" lon="77.3549872"><ele>510.4</ele><time>2026-08-28T17:16:59+05:30</time><course>340.0808</course><roll>-9.358795</roll><pitch>3.111949</pitch><mode /></trkpt><trkpt lat="23.3187685" lon="77.3549875"><ele>510.37</ele><time>2026-08-28T17:17:00+05:30</time><course>344.5571</course><roll>-13.743</roll><pitch>2.029486</pitch><mode /></trkpt><trkpt lat="23.3187687" lon="77.3549882"><ele>510.42</ele><time>2026-08-28T17:17:00+05:30</time><course>340.8799</course><roll>-9.479746</roll><pitch>2.210159</pitch><mode /></trkpt><trkpt lat="23.3187691" lon="77.3549886"><ele>510.42</ele><time>2026-08-28T17:17:01+05:30</time><course>341.4176</course><roll>-7.954615</roll><pitch>2.300577</pitch><mode /></trkpt><trkpt lat="23.3187693" lon="77.3549888"><ele>510.41</ele><time>2026-08-28T17:17:01+05:30</time><course>342.0487</course><roll>-7.880378</roll><pitch>2.003884</pitch><mode /></trkpt><trkpt lat="23.3187697" lon="77.354989"><ele>510.41</ele><time>2026-08-28T17:17:01+05:30</time><course>342.1594</course><roll>-8.096648</roll><pitch>1.603751</pitch><mode /></trkpt><trkpt lat="23.3187698" lon="77.3549894"><ele>510.45</ele><time>2026-08-28T17:17:01+05:30</time><course>342.1806</course><roll>-7.677899</roll><pitch>1.653096</pitch><mode /></trkpt><trkpt lat="23.3187699" lon="77.3549895"><ele>510.45</ele><time>2026-08-28T17:17:01+05:30</time><course>342.0633</course><roll>-7.848702</roll><pitch>2.183353</pitch><mode /></trkpt><trkpt lat="23.3187702" lon="77.3549898"><ele>510.47</ele><time>2026-08-28T17:17:02+05:30</time><course>341.9044</course><roll>-7.966129</roll><pitch>2.14458</pitch><mode /></trkpt><trkpt lat="23.3187704" lon="77.3549902"><ele>510.5</ele><time>2026-08-28T17:17:02+05:30</time><course>342.3153</course><roll>-7.069442</roll><pitch>2.383621</pitch><mode /></trkpt><trkpt lat="23.3187705" lon="77.3549904"><ele>510.52</ele><time>2026-08-28T17:17:02+05:30</time><course>343.1491</course><roll>-6.862424</roll><pitch>2.233118</pitch><mode /></trkpt><trkpt lat="23.3187708" lon="77.3549903"><ele>510.49</ele><time>2026-08-28T17:17:02+05:30</time><course>342.8126</course><roll>-6.659894</roll><pitch>2.554247</pitch><mode /></trkpt><trkpt lat="23.318774" lon="77.3549923"><ele>510.5</ele><time>2026-08-28T17:17:03+05:30</time><course>334.9586</course><roll>-0.8848118</roll><pitch>7.014605</pitch><mode /></trkpt><trkpt lat="23.3187747" lon="77.3549927"><ele>510.44</ele><time>2026-08-28T17:17:04+05:30</time><course>336.675</course><roll>2.500744</roll><pitch>12.19127</pitch><mode /></trkpt><trkpt lat="23.3187755" lon="77.3549937"><ele>510.56</ele><time>2026-08-28T17:17:04+05:30</time><course>338.7993</course><roll>2.304823</roll><pitch>10.29897</pitch><mode /></trkpt><trkpt lat="23.3187753" lon="77.354993"><ele>510.5</ele><time>2026-08-28T17:17:04+05:30</time><course>336.1095</course><roll>1.376263</roll><pitch>12.7905</pitch><mode /></trkpt><trkpt lat="23.3187754" lon="77.3549924"><ele>510.41</ele><time>2026-08-28T17:17:04+05:30</time><course>336.5135</course><roll>3.793455</roll><pitch>14.59883</pitch><mode /></trkpt><trkpt lat="23.3187755" lon="77.3549922"><ele>510.3</ele><time>2026-08-28T17:17:04+05:30</time><course>338.2022</course><roll>9.40905</roll><pitch>14.33716</pitch><mode /></trkpt><trkpt lat="23.3187757" lon="77.3549919"><ele>510.27</ele><time>2026-08-28T17:17:05+05:30</time><course>339.2637</course><roll>12.7441</roll><pitch>13.32538</pitch><mode /></trkpt><trkpt lat="23.3187759" lon="77.3549914"><ele>510.2</ele><time>2026-08-28T17:17:05+05:30</time><course>339.5615</course><roll>11.49921</roll><pitch>11.15799</pitch><mode /></trkpt><trkpt lat="23.3187761" lon="77.3549908"><ele>510.11</ele><time>2026-08-28T17:17:05+05:30</time><course>340.7322</course><roll>11.46209</roll><pitch>16.52056</pitch><mode /></trkpt><trkpt lat="23.3187762" lon="77.3549895"><ele>510.01</ele><time>2026-08-28T17:17:06+05:30</time><course>339.4261</course><roll>11.13814</roll><pitch>9.407134</pitch><mode /></trkpt><trkpt lat="23.3187764" lon="77.3549892"><ele>509.98</ele><time>2026-08-28T17:17:06+05:30</time><course>339.2226</course><roll>9.97323</roll><pitch>3.625071</pitch><mode /></trkpt><trkpt lat="23.3187763" lon="77.3549893"><ele>509.97</ele><time>2026-08-28T17:17:06+05:30</time><course>339.6731</course><roll>6.569115</roll><pitch>1.652215</pitch><mode /></trkpt><trkpt lat="23.3187755" lon="77.3549895"><ele>510.07</ele><time>2026-08-28T17:17:06+05:30</time><course>340.189</course><roll>6.450247</roll><pitch>2.561751</pitch><mode /></trkpt><trkpt lat="23.3187761" lon="77.3549892"><ele>510.03</ele><time>2026-08-28T17:17:06+05:30</time><course>339.0843</course><roll>-3.796502</roll><pitch>-0.8932825</pitch><mode /></trkpt><trkpt lat="23.3187776" lon="77.3549896"><ele>510.13</ele><time>2026-08-28T17:17:07+05:30</time><course>336.9554</course><roll>-4.347632</roll><pitch>1.641347</pitch><mode /></trkpt><trkpt lat="23.3187777" lon="77.3549902"><ele>510.24</ele><time>2026-08-28T17:17:07+05:30</time><course>339.6035</course><roll>2.817315</roll><pitch>7.160644</pitch><mode /></trkpt><trkpt lat="23.3187775" lon="77.3549903"><ele>510.25</ele><time>2026-08-28T17:17:07+05:30</time><course>339.4667</course><roll>4.173386</roll><pitch>7.230628</pitch><mode /></trkpt><trkpt lat="23.3187776" lon="77.3549908"><ele>510.23</ele><time>2026-08-28T17:17:07+05:30</time><course>338.9137</course><roll>1.666192</roll><pitch>4.783342</pitch><mode /></trkpt><trkpt lat="23.3187782" lon="77.3549912"><ele>510.24</ele><time>2026-08-28T17:17:08+05:30</time><course>343.3075</course><roll>2.423571</roll><pitch>7.542262</pitch><mode /></trkpt><trkpt lat="23.3187779" lon="77.3549903"><ele>510.06</ele><time>2026-08-28T17:17:08+05:30</time><course>335.4822</course><roll>9.727424</roll><pitch>6.090259</pitch><mode /></trkpt><trkpt lat="23.3187778" lon="77.3549904"><ele>510.03</ele><time>2026-08-28T17:17:08+05:30</time><course>336.6053</course><roll>12.88627</roll><pitch>6.170385</pitch><mode /></trkpt><trkpt lat="23.3187777" lon="77.3549906"><ele>509.99</ele><time>2026-08-28T17:17:09+05:30</time><course>338.3186</course><roll>13.07097</roll><pitch>3.693209</pitch><mode /></trkpt><trkpt lat="23.3187778" lon="77.3549901"><ele>509.83</ele><time>2026-08-28T17:17:09+05:30</time><course>340.3622</course><roll>11.38189</roll><pitch>5.972564</pitch><mode /></trkpt><trkpt lat="23.3187777" lon="77.3549892"><ele>509.64</ele><time>2026-08-28T17:17:09+05:30</time><course>342.1714</course><roll>11.21024</roll><pitch>14.5793</pitch><mode /></trkpt><trkpt lat="23.3187775" lon="77.354989"><ele>509.6</ele><time>2026-08-28T17:17:09+05:30</time><course>343.6046</course><roll>11.4917</roll><pitch>20.52968</pitch><mode /></trkpt><trkpt lat="23.3187776" lon="77.3549882"><ele>509.53</ele><time>2026-08-28T17:17:10+05:30</time><course>349.449</course><roll>14.37876</roll><pitch>39.98721</pitch><mode /></trkpt><trkpt lat="23.3187774" lon="77.3549878"><ele>509.55</ele><time>2026-08-28T17:17:10+05:30</time><course>349.843</course><roll>14.48297</roll><pitch>40.63757</pitch><mode /></trkpt><trkpt lat="23.3187777" lon="77.3549871"><ele>509.64</ele><time>2026-08-28T17:17:10+05:30</time><course>350.4006</course><roll>14.63198</roll><pitch>41.23903</pitch><mode /></trkpt><trkpt lat="23.318778" lon="77.3549868"><ele>509.68</ele><time>2026-08-28T17:17:11+05:30</time><course>350.5611</course><roll>14.59987</roll><pitch>41.2226</pitch><mode /></trkpt><trkpt lat="23.3187783" lon="77.3549862"><ele>509.58</ele><time>2026-08-28T17:17:11+05:30</time><course>350.7218</course><roll>14.59799</roll><pitch>41.21379</pitch><mode /></trkpt><trkpt lat="23.3187784" lon="77.354985"><ele>509.43</ele><time>2026-08-28T17:17:11+05:30</time><course>351.0664</course><roll>14.57082</roll><pitch>41.24697</pitch><mode /></trkpt><trkpt lat="23.318779" lon="77.3549855"><ele>509.67</ele><time>2026-08-28T17:17:11+05:30</time><course>351.2351</course><roll>14.56923</roll><pitch>41.24303</pitch><mode /></trkpt><trkpt lat="23.3187793" lon="77.3549845"><ele>509.58</ele><time>2026-08-28T17:17:12+05:30</time><course>351.4083</course><roll>14.58325</roll><pitch>41.24871</pitch><mode /></trkpt><trkpt lat="23.3187798" lon="77.3549833"><ele>509.36</ele><time>2026-08-28T17:17:12+05:30</time><course>351.5789</course><roll>14.58231</roll><pitch>41.2481</pitch><mode /></trkpt><trkpt lat="23.31878" lon="77.3549808"><ele>509.17</ele><time>2026-08-28T17:17:12+05:30</time><course>351.7551</course><roll>14.5862</roll><pitch>41.22781</pitch><mode /></trkpt><trkpt lat="23.3187807" lon="77.3549798"><ele>508.94</ele><time>2026-08-28T17:17:12+05:30</time><course>352.0761</course><roll>14.57257</roll><pitch>41.24033</pitch><mode /></trkpt><trkpt lat="23.3187812" lon="77.3549785"><ele>508.8</ele><time>2026-08-28T17:17:13+05:30</time><course>352.2181</course><roll>14.56198</roll><pitch>41.24517</pitch><mode /></trkpt><trkpt lat="23.3187816" lon="77.3549773"><ele>508.66</ele><time>2026-08-28T17:17:13+05:30</time><course>352.3906</course><roll>14.57357</roll><pitch>41.24725</pitch><mode /></trkpt><trkpt lat="23.3187819" lon="77.3549768"><ele>508.67</ele><time>2026-08-28T17:17:13+05:30</time><course>352.5762</course><roll>14.59139</roll><pitch>41.25275</pitch><mode /></trkpt><trkpt lat="23.3187822" lon="77.3549771"><ele>508.65</ele><time>2026-08-28T17:17:13+05:30</time><course>352.7592</course><roll>14.60448</roll><pitch>41.2481</pitch><mode /></trkpt><trkpt lat="23.3187828" lon="77.3549768"><ele>508.6</ele><time>2026-08-28T17:17:13+05:30</time><course>352.9136</course><roll>14.60103</roll><pitch>41.24997</pitch><mode /></trkpt><trkpt lat="23.3187833" lon="77.3549762"><ele>508.58</ele><time>2026-08-28T17:17:14+05:30</time><course>353.0606</course><roll>14.59857</roll><pitch>41.24273</pitch><mode /></trkpt><trkpt lat="23.3187837" lon="77.3549755"><ele>508.51</ele><time>2026-08-28T17:17:14+05:30</time><course>353.2106</course><roll>14.59564</roll><pitch>41.24268</pitch><mode /></trkpt><trkpt lat="23.318784" lon="77.3549752"><ele>508.45</ele><time>2026-08-28T17:17:14+05:30</time><course>353.3733</course><roll>14.5895</roll><pitch>41.24871</pitch><mode /></trkpt><trkpt lat="23.3187837" lon="77.3549745"><ele>508.4</ele><time>2026-08-28T17:17:14+05:30</time><course>353.68</course><roll>14.5734</roll><pitch>41.22709</pitch><mode /></trkpt><trkpt lat="23.318783" lon="77.354974"><ele>508.37</ele><time>2026-08-28T17:17:15+05:30</time><course>353.8307</course><roll>14.5753</roll><pitch>41.20721</pitch><mode /></trkpt><trkpt lat="23.3187828" lon="77.3549732"><ele>508.32</ele><time>2026-08-28T17:17:15+05:30</time><course>353.9917</course><roll>14.58002</roll><pitch>41.18316</pitch><mode /></trkpt><trkpt lat="23.318782" lon="77.3549724"><ele>508.03</ele><time>2026-08-28T17:17:15+05:30</time><course>354.1685</course><roll>14.59345</roll><pitch>41.16449</pitch><mode /></trkpt><trkpt lat="23.3187819" lon="77.3549719"><ele>508.06</ele><time>2026-08-28T17:17:15+05:30</time><course>354.3532</course><roll>14.61459</roll><pitch>41.14348</pitch><mode /></trkpt><trkpt lat="23.3187817" lon="77.3549715"><ele>508.05</ele><time>2026-08-28T17:17:15+05:30</time><course>354.5207</course><roll>14.63128</roll><pitch>41.11757</pitch><mode /></trkpt><trkpt lat="23.3187815" lon="77.3549713"><ele>507.97</ele><time>2026-08-28T17:17:16+05:30</time><course>354.6774</course><roll>14.64079</roll><pitch>41.10097</pitch><mode /></trkpt><trkpt lat="23.3187818" lon="77.354971"><ele>507.93</ele><time>2026-08-28T17:17:16+05:30</time><course>354.8206</course><roll>14.63922</roll><pitch>41.08188</pitch><mode /></trkpt><trkpt lat="23.3187822" lon="77.3549707"><ele>507.87</ele><time>2026-08-28T17:17:16+05:30</time><course>354.97</course><roll>14.6369</roll><pitch>41.08531</pitch><mode /></trkpt><trkpt lat="23.3187825" lon="77.3549704"><ele>507.84</ele><time>2026-08-28T17:17:16+05:30</time><course>355.1113</course><roll>14.6297</roll><pitch>41.07384</pitch><mode /></trkpt><trkpt lat="23.3187829" lon="77.3549699"><ele>507.83</ele><time>2026-08-28T17:17:17+05:30</time><course>355.3602</course><roll>14.61669</roll><pitch>41.03974</pitch><mode /></trkpt></trkseg></trk><wpt lat="23.3187707" lon="77.3549608"><name>0</name></wpt><wpt lat="23.318771" lon="77.3549593"><name>1</name></wpt><wpt lat="23.3187707" lon="77.3549591"><name>2</name></wpt><wpt lat="23.3187702" lon="77.3549589"><name>3</name></wpt><wpt lat="23.3187696" lon="77.3549587"><name>4</name></wpt><wpt lat="23.3187693" lon="77.3549586"><name>5</name></wpt><wpt lat="23.3187689" lon="77.3549585"><name>6</name></wpt><wpt lat="23.3187688" lon="77.3549582"><name>7</name></wpt><wpt lat="23.3187689" lon="77.354958"><name>8</name></wpt><wpt lat="23.3187691" lon="77.3549578"><name>9</name></wpt><wpt lat="23.3187696" lon="77.3549581"><name>10</name></wpt><wpt lat="23.3187697" lon="77.354957"><name>11</name></wpt><wpt lat="23.3187695" lon="77.3549571"><name>12</name></wpt><wpt lat="23.3187685" lon="77.3549576"><name>13</name></wpt><wpt lat="23.3187681" lon="77.3549582"><name>14</name></wpt><wpt lat="23.3187671" lon="77.354958"><name>15</name></wpt><wpt lat="23.3187672" lon="77.3549586"><name>16</name></wpt><wpt lat="23.3187673" lon="77.3549587"><name>17</name></wpt><wpt lat="23.3187671" lon="77.3549586"><name>18</name></wpt><wpt lat="23.3187659" lon="77.3549578"><name>19</name></wpt><wpt lat="23.3187665" lon="77.354958"><name>20</name></wpt><wpt lat="23.3187668" lon="77.3549581"><name>21</name></wpt><wpt lat="23.3187664" lon="77.3549579"><name>22</name></wpt><wpt lat="23.3187671" lon="77.3549577"><name>23</name></wpt><wpt lat="23.3187679" lon="77.35496"><name>24</name></wpt><wpt lat="23.3187674" lon="77.3549624"><name>25</name></wpt><wpt lat="23.3187672" lon="77.3549637"><name>26</name></wpt><wpt lat="23.3187663" lon="77.3549651"><name>27</name></wpt><wpt lat="23.3187666" lon="77.3549663"><name>28</name></wpt><wpt lat="23.3187672" lon="77.3549658"><name>29</name></wpt><wpt lat="23.3187678" lon="77.354967"><name>30</name></wpt><wpt lat="23.318768" lon="77.3549687"><name>31</name></wpt><wpt lat="23.3187684" lon="77.3549693"><name>32</name></wpt><wpt lat="23.3187686" lon="77.3549695"><name>33</name></wpt><wpt lat="23.3187687" lon="77.3549704"><name>34</name></wpt><wpt lat="23.3187688" lon="77.3549711"><name>35</name></wpt><wpt lat="23.3187689" lon="77.3549708"><name>36</name></wpt><wpt lat="23.3187694" lon="77.3549706"><name>37</name></wpt><wpt lat="23.3187692" lon="77.3549705"><name>38</name></wpt><wpt lat="23.3187697" lon="77.3549703"><name>39</name></wpt><wpt lat="23.3187711" lon="77.354971"><name>40</name></wpt><wpt lat="23.3187733" lon="77.35497"><name>41</name></wpt><wpt lat="23.3187743" lon="77.3549695"><name>42</name></wpt><wpt lat="23.3187757" lon="77.3549684"><name>43</name></wpt><wpt lat="23.318777" lon="77.3549677"><name>44</name></wpt><wpt lat="23.3187782" lon="77.3549672"><name>45</name></wpt><wpt lat="23.3187785" lon="77.3549664"><name>46</name></wpt><wpt lat="23.3187787" lon="77.3549691"><name>47</name></wpt><wpt lat="23.3187779" lon="77.3549709"><name>48</name></wpt><wpt lat="23.3187769" lon="77.3549722"><name>49</name></wpt><wpt lat="23.318777" lon="77.3549738"><name>50</name></wpt><wpt lat="23.3187765" lon="77.3549741"><name>51</name></wpt><wpt lat="23.3187762" lon="77.3549737"><name>52</name></wpt><wpt lat="23.3187747" lon="77.3549733"><name>53</name></wpt><wpt lat="23.3187754" lon="77.3549735"><name>54</name></wpt><wpt lat="23.3187752" lon="77.3549729"><name>55</name></wpt><wpt lat="23.3187742" lon="77.3549724"><name>56</name></wpt><wpt lat="23.3187735" lon="77.3549717"><name>57</name></wpt><wpt lat="23.3187732" lon="77.3549706"><name>58</name></wpt><wpt lat="23.3187734" lon="77.3549695"><name>59</name></wpt><wpt lat="23.318774" lon="77.3549686"><name>60</name></wpt><wpt lat="23.3187742" lon="77.3549687"><name>61</name></wpt><wpt lat="23.3187743" lon="77.3549691"><name>62</name></wpt><wpt lat="23.3187742" lon="77.3549693"><name>63</name></wpt><wpt lat="23.3187744" lon="77.354969"><name>64</name></wpt><wpt lat="23.3187742" lon="77.3549691"><name>65</name></wpt><wpt lat="23.3187736" lon="77.3549694"><name>66</name></wpt><wpt lat="23.3187731" lon="77.3549696"><name>67</name></wpt><wpt lat="23.3187728" lon="77.3549697"><name>68</name></wpt><wpt lat="23.3187719" lon="77.3549701"><name>69</name></wpt><wpt lat="23.3187714" lon="77.3549705"><name>70</name></wpt><wpt lat="23.3187715" lon="77.3549708"><name>71</name></wpt><wpt lat="23.3187718" lon="77.3549716"><name>72</name></wpt><wpt lat="23.3187724" lon="77.3549723"><name>73</name></wpt><wpt lat="23.3187729" lon="77.3549726"><name>74</name></wpt><wpt lat="23.3187733" lon="77.3549724"><name>75</name></wpt><wpt lat="23.3187735" lon="77.3549728"><name>76</name></wpt><wpt lat="23.3187738" lon="77.3549731"><name>77</name></wpt><wpt lat="23.3187741" lon="77.3549732"><name>78</name></wpt><wpt lat="23.3187742" lon="77.354974"><name>79</name></wpt><wpt lat="23.3187743" lon="77.3549742"><name>80</name></wpt><wpt lat="23.318775" lon="77.3549747"><name>81</name></wpt><wpt lat="23.3187756" lon="77.3549752"><name>82</name></wpt><wpt lat="23.3187764" lon="77.3549755"><name>83</name></wpt><wpt lat="23.3187774" lon="77.3549752"><name>84</name></wpt><wpt lat="23.3187778" lon="77.3549744"><name>85</name></wpt><wpt lat="23.318778" lon="77.3549736"><name>86</name></wpt><wpt lat="23.3187782" lon="77.3549733"><name>87</name></wpt><wpt lat="23.3187783" lon="77.3549734"><name>88</name></wpt><wpt lat="23.3187786" lon="77.3549735"><name>89</name></wpt><wpt lat="23.3187791" lon="77.3549739"><name>90</name></wpt><wpt lat="23.3187796" lon="77.3549745"><name>91</name></wpt><wpt lat="23.3187798" lon="77.3549758"><name>92</name></wpt><wpt lat="23.318779" lon="77.3549775"><name>93</name></wpt><wpt lat="23.3187775" lon="77.354979"><name>94</name></wpt><wpt lat="23.3187756" lon="77.3549802"><name>95</name></wpt><wpt lat="23.3187738" lon="77.3549816"><name>96</name></wpt><wpt lat="23.3187727" lon="77.3549827"><name>97</name></wpt><wpt lat="23.3187722" lon="77.3549836"><name>98</name></wpt><wpt lat="23.3187727" lon="77.3549845"><name>99</name></wpt><wpt lat="23.3187742" lon="77.354985"><name>100</name></wpt><wpt lat="23.3187758" lon="77.3549846"><name>101</name></wpt><wpt lat="23.3187778" lon="77.3549839"><name>102</name></wpt><wpt lat="23.3187798" lon="77.3549824"><name>103</name></wpt><wpt lat="23.3187812" lon="77.3549811"><name>104</name></wpt><wpt lat="23.3187825" lon="77.3549798"><name>105</name></wpt><wpt lat="23.3187845" lon="77.3549787"><name>106</name></wpt><wpt lat="23.3187863" lon="77.3549774"><name>107</name></wpt><wpt lat="23.3187878" lon="77.354976"><name>108</name></wpt><wpt lat="23.3187891" lon="77.3549745"><name>109</name></wpt><wpt lat="23.31879" lon="77.3549727"><name>110</name></wpt><wpt lat="23.3187909" lon="77.3549714"><name>111</name></wpt><wpt lat="23.3187911" lon="77.3549703"><name>112</name></wpt><wpt lat="23.3187912" lon="77.3549696"><name>113</name></wpt><wpt lat="23.3187914" lon="77.354969"><name>114</name></wpt><wpt lat="23.3187912" lon="77.3549684"><name>115</name></wpt><wpt lat="23.3187903" lon="77.3549679"><name>116</name></wpt><wpt lat="23.3187897" lon="77.3549675"><name>117</name></wpt><wpt lat="23.3187893" lon="77.3549686"><name>118</name></wpt><wpt lat="23.3187888" lon="77.3549692"><name>119</name></wpt><wpt lat="23.318788" lon="77.3549688"><name>120</name></wpt><wpt lat="23.3187865" lon="77.3549681"><name>121</name></wpt><wpt lat="23.3187854" lon="77.3549672"><name>122</name></wpt><wpt lat="23.3187852" lon="77.354967"><name>123</name></wpt><wpt lat="23.318785" lon="77.3549668"><name>124</name></wpt><wpt lat="23.3187846" lon="77.3549666"><name>125</name></wpt><wpt lat="23.3187838" lon="77.3549667"><name>126</name></wpt><wpt lat="23.3187833" lon="77.3549665"><name>127</name></wpt><wpt lat="23.3187831" lon="77.3549662"><name>128</name></wpt><wpt lat="23.3187828" lon="77.3549659"><name>129</name></wpt><wpt lat="23.3187823" lon="77.3549657"><name>130</name></wpt><wpt lat="23.3187824" lon="77.3549658"><name>131</name></wpt><wpt lat="23.3187821" lon="77.3549656"><name>132</name></wpt><wpt lat="23.3187817" lon="77.3549653"><name>133</name></wpt><wpt lat="23.3187816" lon="77.3549648"><name>134</name></wpt><wpt lat="23.3187819" lon="77.3549645"><name>135</name></wpt><wpt lat="23.3187824" lon="77.3549641"><name>136</name></wpt><wpt lat="23.3187825" lon="77.3549639"><name>137</name></wpt><wpt lat="23.318783" lon="77.3549637"><name>138</name></wpt><wpt lat="23.3187832" lon="77.3549635"><name>139</name></wpt><wpt lat="23.3187835" lon="77.3549634"><name>140</name></wpt><wpt lat="23.3187838" lon="77.3549632"><name>141</name></wpt><wpt lat="23.3187842" lon="77.3549631"><name>142</name></wpt><wpt lat="23.3187848" lon="77.3549628"><name>143</name></wpt><wpt lat="23.3187856" lon="77.3549625"><name>144</name></wpt><wpt lat="23.3187857" lon="77.3549626"><name>145</name></wpt><wpt lat="23.3187859" lon="77.354963"><name>146</name></wpt><wpt lat="23.3187867" lon="77.3549628"><name>147</name></wpt><wpt lat="23.3187872" lon="77.3549624"><name>148</name></wpt><wpt lat="23.3187877" lon="77.3549625"><name>149</name></wpt><wpt lat="23.3187882" lon="77.3549632"><name>150</name></wpt><wpt lat="23.3187886" lon="77.3549639"><name>151</name></wpt><wpt lat="23.3187884" lon="77.3549642"><name>152</name></wpt><wpt lat="23.318788" lon="77.3549643"><name>153</name></wpt><wpt lat="23.3187875" lon="77.3549645"><name>154</name></wpt><wpt lat="23.3187869" lon="77.3549647"><name>155</name></wpt><wpt lat="23.3187861" lon="77.3549648"><name>156</name></wpt><wpt lat="23.3187823" lon="77.3549633"><name>157</name></wpt><wpt lat="23.3187808" lon="77.3549623"><name>158</name></wpt><wpt lat="23.3187805" lon="77.3549626"><name>159</name></wpt><wpt lat="23.3187803" lon="77.3549629"><name>160</name></wpt><wpt lat="23.3187806" lon="77.3549626"><name>161</name></wpt><wpt lat="23.3187807" lon="77.3549627"><name>162</name></wpt><wpt lat="23.3187804" lon="77.3549629"><name>163</name></wpt><wpt lat="23.3187803" lon="77.3549634"><name>164</name></wpt><wpt lat="23.3187807" lon="77.3549643"><name>165</name></wpt><wpt lat="23.3187811" lon="77.3549654"><name>166</name></wpt><wpt lat="23.3187815" lon="77.3549656"><name>167</name></wpt><wpt lat="23.3187816" lon="77.3549657"><name>168</name></wpt><wpt lat="23.3187815" lon="77.3549656"><name>169</name></wpt><wpt lat="23.3187809" lon="77.3549651"><name>170</name></wpt><wpt lat="23.31878" lon="77.3549645"><name>171</name></wpt><wpt lat="23.3187796" lon="77.3549642"><name>172</name></wpt><wpt lat="23.3187798" lon="77.3549647"><name>173</name></wpt><wpt lat="23.3187807" lon="77.3549648"><name>174</name></wpt><wpt lat="23.3187812" lon="77.3549646"><name>175</name></wpt><wpt lat="23.3187814" lon="77.3549643"><name>176</name></wpt><wpt lat="23.3187815" lon="77.3549635"><name>177</name></wpt><wpt lat="23.3187817" lon="77.3549636"><name>178</name></wpt><wpt lat="23.318782" lon="77.3549637"><name>179</name></wpt><wpt lat="23.3187821" lon="77.3549638"><name>180</name></wpt><wpt lat="23.3187823" lon="77.3549637"><name>181</name></wpt><wpt lat="23.3187827" lon="77.3549638"><name>182</name></wpt><wpt lat="23.3187831" lon="77.3549637"><name>183</name></wpt><wpt lat="23.3187833" lon="77.3549639"><name>184</name></wpt><wpt lat="23.3187831" lon="77.3549639"><name>185</name></wpt><wpt lat="23.3187823" lon="77.3549641"><name>186</name></wpt><wpt lat="23.3187811" lon="77.3549633"><name>187</name></wpt><wpt lat="23.3187808" lon="77.3549626"><name>188</name></wpt><wpt lat="23.3187801" lon="77.3549622"><name>189</name></wpt><wpt lat="23.3187793" lon="77.3549624"><name>190</name></wpt><wpt lat="23.3187792" lon="77.3549625"><name>191</name></wpt><wpt lat="23.3187789" lon="77.3549629"><name>192</name></wpt><wpt lat="23.3187785" lon="77.3549612"><name>193</name></wpt><wpt lat="23.3187781" lon="77.354961"><name>194</name></wpt><wpt lat="23.3187779" lon="77.3549608"><name>195</name></wpt><wpt lat="23.3187775" lon="77.3549607"><name>196</name></wpt><wpt lat="23.3187781" lon="77.3549607"><name>197</name></wpt><wpt lat="23.3187783" lon="77.3549605"><name>198</name></wpt><wpt lat="23.3187784" lon="77.3549606"><name>199</name></wpt><wpt lat="23.3187786" lon="77.3549608"><name>200</name></wpt><wpt lat="23.3187785" lon="77.3549605"><name>201</name></wpt><wpt lat="23.3187787" lon="77.3549612"><name>202</name></wpt><wpt lat="23.3187789" lon="77.3549619"><name>203</name></wpt><wpt lat="23.3187791" lon="77.3549621"><name>204</name></wpt><wpt lat="23.3187793" lon="77.3549622"><name>205</name></wpt><wpt lat="23.3187797" lon="77.3549623"><name>206</name></wpt><wpt lat="23.3187806" lon="77.354962"><name>207</name></wpt><wpt lat="23.3187815" lon="77.3549617"><name>208</name></wpt><wpt lat="23.3187819" lon="77.3549607"><name>209</name></wpt><wpt lat="23.3187814" lon="77.3549608"><name>210</name></wpt><wpt lat="23.318781" lon="77.3549617"><name>211</name></wpt><wpt lat="23.3187806" lon="77.3549632"><name>212</name></wpt><wpt lat="23.3187788" lon="77.3549668"><name>213</name></wpt><wpt lat="23.3187791" lon="77.3549685"><name>214</name></wpt><wpt lat="23.3187795" lon="77.3549702"><name>215</name></wpt><wpt lat="23.3187797" lon="77.3549725"><name>216</name></wpt><wpt lat="23.31878" lon="77.3549741"><name>217</name></wpt><wpt lat="23.3187805" lon="77.3549742"><name>218</name></wpt><wpt lat="23.3187811" lon="77.3549748"><name>219</name></wpt><wpt lat="23.3187818" lon="77.3549754"><name>220</name></wpt><wpt lat="23.3187824" lon="77.3549757"><name>221</name></wpt><wpt lat="23.318784" lon="77.3549764"><name>222</name></wpt><wpt lat="23.3187858" lon="77.3549763"><name>223</name></wpt><wpt lat="23.3187877" lon="77.3549748"><name>224</name></wpt><wpt lat="23.3187893" lon="77.3549735"><name>225</name></wpt><wpt lat="23.3187899" lon="77.3549718"><name>226</name></wpt><wpt lat="23.3187898" lon="77.3549711"><name>227</name></wpt><wpt lat="23.3187888" lon="77.3549708"><name>228</name></wpt><wpt lat="23.318787" lon="77.3549695"><name>229</name></wpt><wpt lat="23.3187856" lon="77.3549689"><name>230</name></wpt><wpt lat="23.3187853" lon="77.3549691"><name>231</name></wpt><wpt lat="23.3187844" lon="77.3549689"><name>232</name></wpt><wpt lat="23.3187826" lon="77.3549687"><name>233</name></wpt><wpt lat="23.3187823" lon="77.3549689"><name>234</name></wpt><wpt lat="23.3187827" lon="77.354969"><name>235</name></wpt><wpt lat="23.3187824" lon="77.3549684"><name>236</name></wpt><wpt lat="23.3187825" lon="77.3549677"><name>237</name></wpt><wpt lat="23.3187825" lon="77.3549676"><name>238</name></wpt><wpt lat="23.318782" lon="77.3549677"><name>239</name></wpt><wpt lat="23.3187815" lon="77.354968"><name>240</name></wpt><wpt lat="23.318796" lon="77.3549579"><name>241</name></wpt><wpt lat="23.3188047" lon="77.3549539"><name>242</name></wpt><wpt lat="23.3188132" lon="77.3549484"><name>243</name></wpt><wpt lat="23.3188193" lon="77.3549419"><name>244</name></wpt><wpt lat="23.3188241" lon="77.3549337"><name>245</name></wpt><wpt lat="23.3188271" lon="77.3549253"><name>246</name></wpt><wpt lat="23.3188283" lon="77.3549184"><name>247</name></wpt><wpt lat="23.3188303" lon="77.3549122"><name>248</name></wpt><wpt lat="23.3188318" lon="77.3549068"><name>249</name></wpt><wpt lat="23.318831" lon="77.3549035"><name>250</name></wpt><wpt lat="23.3188298" lon="77.3549021"><name>251</name></wpt><wpt lat="23.3188297" lon="77.3549017"><name>252</name></wpt><wpt lat="23.3188296" lon="77.3549021"><name>253</name></wpt><wpt lat="23.3188295" lon="77.3549025"><name>254</name></wpt><wpt lat="23.3188294" lon="77.354903"><name>255</name></wpt><wpt lat="23.3188293" lon="77.3549034"><name>256</name></wpt><wpt lat="23.3188292" lon="77.3549038"><name>257</name></wpt><wpt lat="23.318829" lon="77.3549041"><name>258</name></wpt><wpt lat="23.3188287" lon="77.3549043"><name>259</name></wpt><wpt lat="23.3188285" lon="77.3549046"><name>260</name></wpt><wpt lat="23.3188281" lon="77.3549049"><name>261</name></wpt><wpt lat="23.3188278" lon="77.3549051"><name>262</name></wpt><wpt lat="23.3188276" lon="77.3549054"><name>263</name></wpt><wpt lat="23.3188275" lon="77.3549057"><name>264</name></wpt><wpt lat="23.3188274" lon="77.3549062"><name>265</name></wpt><wpt lat="23.3188268" lon="77.3549066"><name>266</name></wpt><wpt lat="23.3188267" lon="77.3549074"><name>267</name></wpt><wpt lat="23.3188266" lon="77.3549078"><name>268</name></wpt><wpt lat="23.3188265" lon="77.3549081"><name>269</name></wpt><wpt lat="23.3188265" lon="77.3549083"><name>270</name></wpt><wpt lat="23.3188264" lon="77.3549087"><name>271</name></wpt><wpt lat="23.3188263" lon="77.3549088"><name>272</name></wpt><wpt lat="23.3188261" lon="77.3549089"><name>273</name></wpt><wpt lat="23.318826" lon="77.3549092"><name>274</name></wpt><wpt lat="23.3188258" lon="77.35491"><name>275</name></wpt><wpt lat="23.3188256" lon="77.3549101"><name>276</name></wpt><wpt lat="23.3188254" lon="77.3549103"><name>277</name></wpt><wpt lat="23.3188252" lon="77.3549102"><name>278</name></wpt><wpt lat="23.3188251" lon="77.3549103"><name>279</name></wpt><wpt lat="23.3188249" lon="77.3549105"><name>280</name></wpt><wpt lat="23.3188248" lon="77.3549107"><name>281</name></wpt><wpt lat="23.3188247" lon="77.354911"><name>282</name></wpt><wpt lat="23.3188245" lon="77.3549116"><name>283</name></wpt><wpt lat="23.3188244" lon="77.354912"><name>284</name></wpt><wpt lat="23.3188242" lon="77.3549122"><name>285</name></wpt><wpt lat="23.318824" lon="77.3549125"><name>286</name></wpt><wpt lat="23.3188238" lon="77.3549129"><name>287</name></wpt><wpt lat="23.3188235" lon="77.3549131"><name>288</name></wpt><wpt lat="23.3188232" lon="77.3549132"><name>289</name></wpt><wpt lat="23.3188229" lon="77.3549136"><name>290</name></wpt><wpt lat="23.3188225" lon="77.3549142"><name>291</name></wpt><wpt lat="23.318823" lon="77.354915"><name>292</name></wpt><wpt lat="23.3188224" lon="77.354916"><name>293</name></wpt><wpt lat="23.3188231" lon="77.3549186"><name>294</name></wpt><wpt lat="23.3188232" lon="77.3549201"><name>295</name></wpt><wpt lat="23.3188242" lon="77.3549215"><name>296</name></wpt><wpt lat="23.3188257" lon="77.354924"><name>297</name></wpt><wpt lat="23.3188268" lon="77.3549267"><name>298</name></wpt><wpt lat="23.3188272" lon="77.3549279"><name>299</name></wpt><wpt lat="23.3188263" lon="77.3549298"><name>300</name></wpt><wpt lat="23.318824" lon="77.3549317"><name>301</name></wpt><wpt lat="23.3188224" lon="77.3549334"><name>302</name></wpt><wpt lat="23.3188216" lon="77.3549343"><name>303</name></wpt><wpt lat="23.3188204" lon="77.3549353"><name>304</name></wpt><wpt lat="23.3188195" lon="77.3549365"><name>305</name></wpt><wpt lat="23.3188186" lon="77.354938"><name>306</name></wpt><wpt lat="23.3188176" lon="77.3549403"><name>307</name></wpt><wpt lat="23.3188162" lon="77.3549426"><name>308</name></wpt><wpt lat="23.3188143" lon="77.3549445"><name>309</name></wpt><wpt lat="23.3188127" lon="77.3549466"><name>310</name></wpt><wpt lat="23.3188118" lon="77.3549479"><name>311</name></wpt><wpt lat="23.3188104" lon="77.354949"><name>312</name></wpt><wpt lat="23.3188086" lon="77.3549499"><name>313</name></wpt><wpt lat="23.3188071" lon="77.3549511"><name>314</name></wpt><wpt lat="23.3188056" lon="77.354952"><name>315</name></wpt><wpt lat="23.3188051" lon="77.3549524"><name>316</name></wpt><wpt lat="23.3188052" lon="77.3549526"><name>317</name></wpt><wpt lat="23.3188048" lon="77.3549518"><name>318</name></wpt><wpt lat="23.3188043" lon="77.3549509"><name>319</name></wpt><wpt lat="23.3188037" lon="77.3549505"><name>320</name></wpt><wpt lat="23.3188034" lon="77.3549503"><name>321</name></wpt><wpt lat="23.3188028" lon="77.3549505"><name>322</name></wpt><wpt lat="23.3188022" lon="77.35495"><name>323</name></wpt><wpt lat="23.3188019" lon="77.3549498"><name>324</name></wpt><wpt lat="23.3188014" lon="77.35495"><name>325</name></wpt><wpt lat="23.3188019" lon="77.3549505"><name>326</name></wpt><wpt lat="23.3188018" lon="77.3549507"><name>327</name></wpt><wpt lat="23.3188014" lon="77.3549499"><name>328</name></wpt><wpt lat="23.3187999" lon="77.3549497"><name>329</name></wpt><wpt lat="23.3187976" lon="77.3549501"><name>330</name></wpt><wpt lat="23.3187951" lon="77.3549514"><name>331</name></wpt><wpt lat="23.318793" lon="77.3549539"><name>332</name></wpt><wpt lat="23.3187909" lon="77.3549569"><name>333</name></wpt><wpt lat="23.3187895" lon="77.3549588"><name>334</name></wpt><wpt lat="23.3187886" lon="77.3549611"><name>335</name></wpt><wpt lat="23.3187872" lon="77.3549626"><name>336</name></wpt><wpt lat="23.3187855" lon="77.3549644"><name>337</name></wpt><wpt lat="23.3187842" lon="77.3549653"><name>338</name></wpt><wpt lat="23.3187829" lon="77.3549663"><name>339</name></wpt><wpt lat="23.3187813" lon="77.3549664"><name>340</name></wpt><wpt lat="23.3187801" lon="77.3549672"><name>341</name></wpt><wpt lat="23.3187784" lon="77.3549684"><name>342</name></wpt><wpt lat="23.3187777" lon="77.3549682"><name>343</name></wpt><wpt lat="23.3187772" lon="77.3549684"><name>344</name></wpt><wpt lat="23.3187767" lon="77.3549682"><name>345</name></wpt><wpt lat="23.3187763" lon="77.3549685"><name>346</name></wpt><wpt lat="23.3187757" lon="77.3549683"><name>347</name></wpt><wpt lat="23.3187754" lon="77.354968"><name>348</name></wpt><wpt lat="23.3187753" lon="77.3549683"><name>349</name></wpt><wpt lat="23.3187746" lon="77.3549684"><name>350</name></wpt><wpt lat="23.3187739" lon="77.3549681"><name>351</name></wpt><wpt lat="23.3187736" lon="77.3549687"><name>352</name></wpt><wpt lat="23.3187733" lon="77.3549693"><name>353</name></wpt><wpt lat="23.3187731" lon="77.3549696"><name>354</name></wpt><wpt lat="23.3187727" lon="77.3549698"><name>355</name></wpt><wpt lat="23.3187722" lon="77.3549701"><name>356</name></wpt><wpt lat="23.3187719" lon="77.3549702"><name>357</name></wpt><wpt lat="23.3187717" lon="77.3549703"><name>358</name></wpt><wpt lat="23.3187716" lon="77.3549705"><name>359</name></wpt><wpt lat="23.3187712" lon="77.3549702"><name>360</name></wpt><wpt lat="23.3187714" lon="77.3549703"><name>361</name></wpt><wpt lat="23.3187717" lon="77.3549708"><name>362</name></wpt><wpt lat="23.3187723" lon="77.3549706"><name>363</name></wpt><wpt lat="23.3187722" lon="77.3549704"><name>364</name></wpt><wpt lat="23.3187723" lon="77.3549702"><name>365</name></wpt><wpt lat="23.318772" lon="77.3549698"><name>366</name></wpt><wpt lat="23.3187717" lon="77.3549693"><name>367</name></wpt><wpt lat="23.3187714" lon="77.354969"><name>368</name></wpt><wpt lat="23.3187708" lon="77.3549686"><name>369</name></wpt><wpt lat="23.3187704" lon="77.3549681"><name>370</name></wpt><wpt lat="23.3187702" lon="77.3549677"><name>371</name></wpt><wpt lat="23.3187698" lon="77.3549672"><name>372</name></wpt><wpt lat="23.3187696" lon="77.3549666"><name>373</name></wpt><wpt lat="23.3187692" lon="77.3549661"><name>374</name></wpt><wpt lat="23.318765" lon="77.354966"><name>375</name></wpt><wpt lat="23.3187647" lon="77.3549657"><name>376</name></wpt><wpt lat="23.318765" lon="77.3549655"><name>377</name></wpt><wpt lat="23.3187653" lon="77.3549658"><name>378</name></wpt><wpt lat="23.3187661" lon="77.3549655"><name>379</name></wpt><wpt lat="23.3187666" lon="77.3549656"><name>380</name></wpt><wpt lat="23.3187671" lon="77.354966"><name>381</name></wpt><wpt lat="23.3187676" lon="77.3549666"><name>382</name></wpt><wpt lat="23.3187682" lon="77.3549672"><name>383</name></wpt><wpt lat="23.3187688" lon="77.3549676"><name>384</name></wpt><wpt lat="23.3187692" lon="77.3549684"><name>385</name></wpt><wpt lat="23.3187689" lon="77.3549685"><name>386</name></wpt><wpt lat="23.3187691" lon="77.3549682"><name>387</name></wpt><wpt lat="23.3187694" lon="77.3549691"><name>388</name></wpt><wpt lat="23.3187696" lon="77.3549688"><name>389</name></wpt><wpt lat="23.3187693" lon="77.3549684"><name>390</name></wpt><wpt lat="23.3187689" lon="77.3549679"><name>391</name></wpt><wpt lat="23.3187687" lon="77.3549681"><name>392</name></wpt><wpt lat="23.3187692" lon="77.3549679"><name>393</name></wpt><wpt lat="23.3187699" lon="77.3549678"><name>394</name></wpt><wpt lat="23.3187708" lon="77.3549676"><name>395</name></wpt><wpt lat="23.3187715" lon="77.3549683"><name>396</name></wpt><wpt lat="23.3187721" lon="77.3549694"><name>397</name></wpt><wpt lat="23.3187728" lon="77.3549701"><name>398</name></wpt><wpt lat="23.318773" lon="77.3549709"><name>399</name></wpt><wpt lat="23.3187736" lon="77.3549719"><name>400</name></wpt><wpt lat="23.318774" lon="77.3549725"><name>401</name></wpt><wpt lat="23.3187746" lon="77.3549723"><name>402</name></wpt><wpt lat="23.3187747" lon="77.3549718"><name>403</name></wpt><wpt lat="23.3187751" lon="77.3549712"><name>404</name></wpt><wpt lat="23.318775" lon="77.354971"><name>405</name></wpt><wpt lat="23.3187751" lon="77.3549709"><name>406</name></wpt><wpt lat="23.318775" lon="77.3549708"><name>407</name></wpt><wpt lat="23.3187751" lon="77.3549707"><name>408</name></wpt><wpt lat="23.318775" lon="77.3549708"><name>409</name></wpt><wpt lat="23.3187748" lon="77.3549724"><name>410</name></wpt><wpt lat="23.3187738" lon="77.3549727"><name>411</name></wpt><wpt lat="23.3187734" lon="77.3549733"><name>412</name></wpt><wpt lat="23.3187735" lon="77.3549748"><name>413</name></wpt><wpt lat="23.3187739" lon="77.3549751"><name>414</name></wpt><wpt lat="23.3187745" lon="77.3549758"><name>415</name></wpt><wpt lat="23.318775" lon="77.3549752"><name>416</name></wpt><wpt lat="23.3187749" lon="77.3549743"><name>417</name></wpt><wpt lat="23.3187746" lon="77.3549737"><name>418</name></wpt><wpt lat="23.3187743" lon="77.354973"><name>419</name></wpt><wpt lat="23.3187733" lon="77.3549729"><name>420</name></wpt><wpt lat="23.3187725" lon="77.3549727"><name>421</name></wpt><wpt lat="23.3187726" lon="77.3549728"><name>422</name></wpt><wpt lat="23.3187736" lon="77.3549723"><name>423</name></wpt><wpt lat="23.3187736" lon="77.3549724"><name>424</name></wpt><wpt lat="23.3187733" lon="77.354972"><name>425</name></wpt><wpt lat="23.3187712" lon="77.3549723"><name>426</name></wpt><wpt lat="23.3187702" lon="77.354973"><name>427</name></wpt><wpt lat="23.3187706" lon="77.3549728"><name>428</name></wpt><wpt lat="23.3187733" lon="77.3549708"><name>429</name></wpt><wpt lat="23.3187812" lon="77.3549674"><name>430</name></wpt><wpt lat="23.318791" lon="77.3549624"><name>431</name></wpt><wpt lat="23.3188127" lon="77.3549487"><name>432</name></wpt><wpt lat="23.3188356" lon="77.3549342"><name>433</name></wpt><wpt lat="23.3188544" lon="77.3549174"><name>434</name></wpt><wpt lat="23.3188621" lon="77.3549091"><name>435</name></wpt><wpt lat="23.3188679" lon="77.3549007"><name>436</name></wpt><wpt lat="23.3188736" lon="77.3548936"><name>437</name></wpt><wpt lat="23.3188766" lon="77.3548905"><name>438</name></wpt><wpt lat="23.3188769" lon="77.3548899"><name>439</name></wpt><wpt lat="23.3188772" lon="77.3548896"><name>440</name></wpt><wpt lat="23.3188774" lon="77.3548899"><name>441</name></wpt><wpt lat="23.3188778" lon="77.3548904"><name>442</name></wpt><wpt lat="23.3188782" lon="77.3548903"><name>443</name></wpt><wpt lat="23.3188786" lon="77.3548908"><name>444</name></wpt><wpt lat="23.3188789" lon="77.3548909"><name>445</name></wpt><wpt lat="23.3188792" lon="77.3548908"><name>446</name></wpt><wpt lat="23.3188797" lon="77.354891"><name>447</name></wpt><wpt lat="23.3188801" lon="77.3548917"><name>448</name></wpt><wpt lat="23.3188804" lon="77.354892"><name>449</name></wpt><wpt lat="23.3188808" lon="77.3548917"><name>450</name></wpt><wpt lat="23.3188811" lon="77.3548916"><name>451</name></wpt><wpt lat="23.3188813" lon="77.3548913"><name>452</name></wpt><wpt lat="23.3188814" lon="77.3548914"><name>453</name></wpt><wpt lat="23.3188815" lon="77.3548916"><name>454</name></wpt><wpt lat="23.318882" lon="77.3548918"><name>455</name></wpt><wpt lat="23.3188823" lon="77.3548916"><name>456</name></wpt><wpt lat="23.3188824" lon="77.3548912"><name>457</name></wpt><wpt lat="23.3188826" lon="77.3548909"><name>458</name></wpt><wpt lat="23.3188827" lon="77.3548908"><name>459</name></wpt><wpt lat="23.3188828" lon="77.3548907"><name>460</name></wpt><wpt lat="23.3188829" lon="77.3548908"><name>461</name></wpt><wpt lat="23.3188831" lon="77.3548908"><name>462</name></wpt><wpt lat="23.3188834" lon="77.3548909"><name>463</name></wpt><wpt lat="23.3188841" lon="77.354891"><name>464</name></wpt><wpt lat="23.3188842" lon="77.3548911"><name>465</name></wpt><wpt lat="23.3188844" lon="77.3548912"><name>466</name></wpt><wpt lat="23.3188847" lon="77.3548913"><name>467</name></wpt><wpt lat="23.3188851" lon="77.3548915"><name>468</name></wpt><wpt lat="23.3188854" lon="77.3548917"><name>469</name></wpt><wpt lat="23.3188856" lon="77.3548916"><name>470</name></wpt><wpt lat="23.3188858" lon="77.3548917"><name>471</name></wpt><wpt lat="23.3188857" lon="77.3548916"><name>472</name></wpt><wpt lat="23.3188859" lon="77.3548915"><name>473</name></wpt><wpt lat="23.3188861" lon="77.3548914"><name>474</name></wpt><wpt lat="23.3188862" lon="77.3548913"><name>475</name></wpt><wpt lat="23.3188863" lon="77.3548913"><name>476</name></wpt><wpt lat="23.318887" lon="77.3548912"><name>477</name></wpt><wpt lat="23.3188874" lon="77.3548911"><name>478</name></wpt><wpt lat="23.3188873" lon="77.3548916"><name>479</name></wpt><wpt lat="23.3188879" lon="77.3548922"><name>480</name></wpt><wpt lat="23.3188883" lon="77.3548927"><name>481</name></wpt><wpt lat="23.3188881" lon="77.3548935"><name>482</name></wpt><wpt lat="23.3188884" lon="77.3548946"><name>483</name></wpt><wpt lat="23.3188886" lon="77.3548963"><name>484</name></wpt><wpt lat="23.3188888" lon="77.3548986"><name>485</name></wpt><wpt lat="23.3188885" lon="77.3549008"><name>486</name></wpt><wpt lat="23.3188881" lon="77.3549023"><name>487</name></wpt><wpt lat="23.3188875" lon="77.3549037"><name>488</name></wpt><wpt lat="23.3188861" lon="77.3549049"><name>489</name></wpt><wpt lat="23.3188846" lon="77.3549058"><name>490</name></wpt><wpt lat="23.3188833" lon="77.3549067"><name>491</name></wpt><wpt lat="23.3188814" lon="77.3549084"><name>492</name></wpt><wpt lat="23.3188792" lon="77.3549102"><name>493</name></wpt><wpt lat="23.318877" lon="77.3549123"><name>494</name></wpt><wpt lat="23.3188753" lon="77.3549139"><name>495</name></wpt><wpt lat="23.3188738" lon="77.3549156"><name>496</name></wpt><wpt lat="23.3188721" lon="77.3549172"><name>497</name></wpt><wpt lat="23.31887" lon="77.3549183"><name>498</name></wpt><wpt lat="23.3188679" lon="77.3549198"><name>499</name></wpt><wpt lat="23.3188658" lon="77.3549215"><name>500</name></wpt><wpt lat="23.318864" lon="77.3549234"><name>501</name></wpt><wpt lat="23.318862" lon="77.3549255"><name>502</name></wpt><wpt lat="23.3188603" lon="77.3549274"><name>503</name></wpt><wpt lat="23.3188581" lon="77.3549284"><name>504</name></wpt><wpt lat="23.3188561" lon="77.3549298"><name>505</name></wpt><wpt lat="23.3188541" lon="77.3549313"><name>506</name></wpt><wpt lat="23.3188525" lon="77.3549327"><name>507</name></wpt><wpt lat="23.3188506" lon="77.3549331"><name>508</name></wpt><wpt lat="23.3188487" lon="77.3549338"><name>509</name></wpt><wpt lat="23.3188471" lon="77.3549346"><name>510</name></wpt><wpt lat="23.3188454" lon="77.3549356"><name>511</name></wpt><wpt lat="23.3188444" lon="77.3549371"><name>512</name></wpt><wpt lat="23.3188436" lon="77.3549384"><name>513</name></wpt><wpt lat="23.3188432" lon="77.3549392"><name>514</name></wpt><wpt lat="23.3188434" lon="77.3549393"><name>515</name></wpt><wpt lat="23.3188433" lon="77.3549397"><name>516</name></wpt><wpt lat="23.3188427" lon="77.3549394"><name>517</name></wpt><wpt lat="23.3188437" lon="77.3549396"><name>518</name></wpt><wpt lat="23.3188441" lon="77.3549397"><name>519</name></wpt><wpt lat="23.3188433" lon="77.3549398"><name>520</name></wpt><wpt lat="23.3188422" lon="77.3549411"><name>521</name></wpt><wpt lat="23.3188405" lon="77.3549426"><name>522</name></wpt><wpt lat="23.3188391" lon="77.3549442"><name>523</name></wpt><wpt lat="23.3188363" lon="77.3549451"><name>524</name></wpt><wpt lat="23.3188348" lon="77.3549465"><name>525</name></wpt><wpt lat="23.3188332" lon="77.3549483"><name>526</name></wpt><wpt lat="23.3188318" lon="77.3549491"><name>527</name></wpt><wpt lat="23.3188321" lon="77.3549504"><name>528</name></wpt><wpt lat="23.318831" lon="77.3549516"><name>529</name></wpt><wpt lat="23.3188299" lon="77.3549528"><name>530</name></wpt><wpt lat="23.3188286" lon="77.3549537"><name>531</name></wpt><wpt lat="23.3188267" lon="77.3549543"><name>532</name></wpt><wpt lat="23.318825" lon="77.3549551"><name>533</name></wpt><wpt lat="23.3188232" lon="77.3549557"><name>534</name></wpt><wpt lat="23.3188221" lon="77.3549569"><name>535</name></wpt><wpt lat="23.3188206" lon="77.3549576"><name>536</name></wpt><wpt lat="23.3188179" lon="77.3549582"><name>537</name></wpt><wpt lat="23.3188154" lon="77.3549587"><name>538</name></wpt><wpt lat="23.3188107" lon="77.35496"><name>539</name></wpt><wpt lat="23.318808" lon="77.3549612"><name>540</name></wpt><wpt lat="23.3188061" lon="77.3549617"><name>541</name></wpt><wpt lat="23.3188041" lon="77.354962"><name>542</name></wpt><wpt lat="23.3188024" lon="77.3549627"><name>543</name></wpt><wpt lat="23.3188007" lon="77.3549631"><name>544</name></wpt><wpt lat="23.3187998" lon="77.3549635"><name>545</name></wpt><wpt lat="23.3187982" lon="77.354963"><name>546</name></wpt><wpt lat="23.3187964" lon="77.3549631"><name>547</name></wpt><wpt lat="23.3187946" lon="77.3549627"><name>548</name></wpt><wpt lat="23.3187919" lon="77.3549631"><name>549</name></wpt><wpt lat="23.3187904" lon="77.3549622"><name>550</name></wpt><wpt lat="23.3187891" lon="77.3549613"><name>551</name></wpt><wpt lat="23.3187873" lon="77.3549615"><name>552</name></wpt><wpt lat="23.3187859" lon="77.354961"><name>553</name></wpt><wpt lat="23.3187844" lon="77.3549611"><name>554</name></wpt><wpt lat="23.3187837" lon="77.3549616"><name>555</name></wpt><wpt lat="23.3187834" lon="77.3549622"><name>556</name></wpt><wpt lat="23.3187831" lon="77.3549625"><name>557</name></wpt><wpt lat="23.3187829" lon="77.3549626"><name>558</name></wpt><wpt lat="23.3187821" lon="77.3549624"><name>559</name></wpt><wpt lat="23.3187813" lon="77.3549622"><name>560</name></wpt><wpt lat="23.3187802" lon="77.3549623"><name>561</name></wpt><wpt lat="23.3187794" lon="77.3549625"><name>562</name></wpt><wpt lat="23.3187779" lon="77.3549638"><name>563</name></wpt><wpt lat="23.3187766" lon="77.3549647"><name>564</name></wpt><wpt lat="23.3187768" lon="77.3549646"><name>565</name></wpt><wpt lat="23.318777" lon="77.3549647"><name>566</name></wpt><wpt lat="23.3187775" lon="77.3549651"><name>567</name></wpt><wpt lat="23.3187782" lon="77.3549649"><name>568</name></wpt><wpt lat="23.3187788" lon="77.354965"><name>569</name></wpt><wpt lat="23.3187791" lon="77.3549654"><name>570</name></wpt><wpt lat="23.3187796" lon="77.354965"><name>571</name></wpt><wpt lat="23.3187802" lon="77.3549638"><name>572</name></wpt><wpt lat="23.3187797" lon="77.3549632"><name>573</name></wpt><wpt lat="23.3187792" lon="77.3549619"><name>574</name></wpt><wpt lat="23.3187787" lon="77.3549608"><name>575</name></wpt><wpt lat="23.3187791" lon="77.354963"><name>576</name></wpt><wpt lat="23.3187797" lon="77.3549637"><name>577</name></wpt><wpt lat="23.3187795" lon="77.3549647"><name>578</name></wpt><wpt lat="23.3187799" lon="77.3549642"><name>579</name></wpt><wpt lat="23.3187801" lon="77.3549636"><name>580</name></wpt><wpt lat="23.31878" lon="77.3549638"><name>581</name></wpt><wpt lat="23.3187799" lon="77.3549643"><name>582</name></wpt><wpt lat="23.31878" lon="77.3549642"><name>583</name></wpt><wpt lat="23.3187797" lon="77.3549647"><name>584</name></wpt><wpt lat="23.3187793" lon="77.354966"><name>585</name></wpt><wpt lat="23.3187796" lon="77.3549662"><name>586</name></wpt><wpt lat="23.3187801" lon="77.3549661"><name>587</name></wpt><wpt lat="23.3187806" lon="77.3549657"><name>588</name></wpt><wpt lat="23.3187805" lon="77.354966"><name>589</name></wpt><wpt lat="23.3187806" lon="77.3549656"><name>590</name></wpt><wpt lat="23.3187809" lon="77.3549651"><name>591</name></wpt><wpt lat="23.3187811" lon="77.3549647"><name>592</name></wpt><wpt lat="23.3187821" lon="77.3549649"><name>593</name></wpt><wpt lat="23.3187828" lon="77.3549669"><name>594</name></wpt><wpt lat="23.3187825" lon="77.3549668"><name>595</name></wpt><wpt lat="23.3187821" lon="77.3549665"><name>596</name></wpt><wpt lat="23.3187807" lon="77.354966"><name>597</name></wpt><wpt lat="23.3187777" lon="77.3549645"><name>598</name></wpt><wpt lat="23.3187767" lon="77.3549642"><name>599</name></wpt><wpt lat="23.3187743" lon="77.3549635"><name>600</name></wpt><wpt lat="23.3187735" lon="77.3549628"><name>601</name></wpt><wpt lat="23.3187731" lon="77.354962"><name>602</name></wpt><wpt lat="23.3187723" lon="77.354961"><name>603</name></wpt><wpt lat="23.3187718" lon="77.3549605"><name>604</name></wpt><wpt lat="23.318771" lon="77.3549604"><name>605</name></wpt><wpt lat="23.3187702" lon="77.3549599"><name>606</name></wpt><wpt lat="23.3187698" lon="77.3549596"><name>607</name></wpt><wpt lat="23.3187691" lon="77.35496"><name>608</name></wpt><wpt lat="23.3187693" lon="77.3549609"><name>609</name></wpt><wpt lat="23.3187711" lon="77.3549623"><name>610</name></wpt><wpt lat="23.3187718" lon="77.3549626"><name>611</name></wpt><wpt lat="23.3187713" lon="77.3549624"><name>612</name></wpt><wpt lat="23.3187715" lon="77.3549623"><name>613</name></wpt><wpt lat="23.3187718" lon="77.3549631"><name>614</name></wpt><wpt lat="23.3187721" lon="77.3549634"><name>615</name></wpt><wpt lat="23.3187734" lon="77.3549639"><name>616</name></wpt><wpt lat="23.3187739" lon="77.3549643"><name>617</name></wpt><wpt lat="23.318774" lon="77.3549646"><name>618</name></wpt><wpt lat="23.3187743" lon="77.3549645"><name>619</name></wpt><wpt lat="23.3187746" lon="77.3549648"><name>620</name></wpt><wpt lat="23.3187749" lon="77.3549643"><name>621</name></wpt><wpt lat="23.3187747" lon="77.3549651"><name>622</name></wpt><wpt lat="23.318775" lon="77.3549676"><name>623</name></wpt><wpt lat="23.3187742" lon="77.3549689"><name>624</name></wpt><wpt lat="23.3187738" lon="77.3549703"><name>625</name></wpt><wpt lat="23.3187737" lon="77.354971"><name>626</name></wpt><wpt lat="23.3187749" lon="77.3549723"><name>627</name></wpt><wpt lat="23.3187761" lon="77.3549719"><name>628</name></wpt><wpt lat="23.3187769" lon="77.3549725"><name>629</name></wpt><wpt lat="23.3187774" lon="77.3549721"><name>630</name></wpt><wpt lat="23.3187778" lon="77.3549717"><name>631</name></wpt><wpt lat="23.3187783" lon="77.354972"><name>632</name></wpt><wpt lat="23.3187774" lon="77.3549715"><name>633</name></wpt><wpt lat="23.3187764" lon="77.3549712"><name>634</name></wpt><wpt lat="23.3187751" lon="77.3549713"><name>635</name></wpt><wpt lat="23.3187743" lon="77.3549712"><name>636</name></wpt><wpt lat="23.318774" lon="77.3549707"><name>637</name></wpt><wpt lat="23.3187739" lon="77.354971"><name>638</name></wpt><wpt lat="23.3187733" lon="77.3549696"><name>639</name></wpt><wpt lat="23.3187729" lon="77.3549698"><name>640</name></wpt><wpt lat="23.3187714" lon="77.3549699"><name>641</name></wpt><wpt lat="23.318771" lon="77.3549696"><name>642</name></wpt><wpt lat="23.3187743" lon="77.3549675"><name>643</name></wpt><wpt lat="23.318782" lon="77.3549637"><name>644</name></wpt><wpt lat="23.3187913" lon="77.3549598"><name>645</name></wpt><wpt lat="23.3188011" lon="77.3549568"><name>646</name></wpt><wpt lat="23.3188109" lon="77.3549567"><name>647</name></wpt><wpt lat="23.3188209" lon="77.35496"><name>648</name></wpt><wpt lat="23.3188303" lon="77.3549667"><name>649</name></wpt><wpt lat="23.3188374" lon="77.3549764"><name>650</name></wpt><wpt lat="23.3188427" lon="77.3549887"><name>651</name></wpt><wpt lat="23.3188467" lon="77.3550021"><name>652</name></wpt><wpt lat="23.3188509" lon="77.3550161"><name>653</name></wpt><wpt lat="23.3188604" lon="77.3550448"><name>654</name></wpt><wpt lat="23.3188717" lon="77.3550713"><name>655</name></wpt><wpt lat="23.3188816" lon="77.3550943"><name>656</name></wpt><wpt lat="23.3188829" lon="77.3551047"><name>657</name></wpt><wpt lat="23.3188846" lon="77.3551152"><name>658</name></wpt><wpt lat="23.318889" lon="77.3551214"><name>659</name></wpt><wpt lat="23.3188919" lon="77.3551236"><name>660</name></wpt><wpt lat="23.3188922" lon="77.3551247"><name>661</name></wpt><wpt lat="23.3188923" lon="77.3551255"><name>662</name></wpt><wpt lat="23.3188922" lon="77.3551266"><name>663</name></wpt><wpt lat="23.3188923" lon="77.3551268"><name>664</name></wpt><wpt lat="23.3188924" lon="77.3551271"><name>665</name></wpt><wpt lat="23.3188925" lon="77.3551279"><name>666</name></wpt><wpt lat="23.3188926" lon="77.3551288"><name>667</name></wpt><wpt lat="23.3188925" lon="77.3551294"><name>668</name></wpt><wpt lat="23.3188927" lon="77.3551298"><name>669</name></wpt><wpt lat="23.3188928" lon="77.35513"><name>670</name></wpt><wpt lat="23.3188929" lon="77.355131"><name>671</name></wpt><wpt lat="23.318893" lon="77.3551315"><name>672</name></wpt><wpt lat="23.3188929" lon="77.3551319"><name>673</name></wpt><wpt lat="23.3188931" lon="77.355132"><name>674</name></wpt><wpt lat="23.3188932" lon="77.3551321"><name>675</name></wpt><wpt lat="23.3188931" lon="77.3551324"><name>676</name></wpt><wpt lat="23.3188933" lon="77.3551327"><name>677</name></wpt><wpt lat="23.3188932" lon="77.3551329"><name>678</name></wpt><wpt lat="23.3188933" lon="77.3551331"><name>679</name></wpt><wpt lat="23.3188934" lon="77.3551332"><name>680</name></wpt><wpt lat="23.3188935" lon="77.3551333"><name>681</name></wpt><wpt lat="23.3188937" lon="77.3551334"><name>682</name></wpt><wpt lat="23.3188938" lon="77.3551335"><name>683</name></wpt><wpt lat="23.318894" lon="77.3551336"><name>684</name></wpt><wpt lat="23.3188941" lon="77.3551339"><name>685</name></wpt><wpt lat="23.3188942" lon="77.3551338"><name>686</name></wpt><wpt lat="23.3188942" lon="77.3551339"><name>687</name></wpt><wpt lat="23.3188947" lon="77.355134"><name>688</name></wpt><wpt lat="23.3188952" lon="77.3551341"><name>689</name></wpt><wpt lat="23.3188953" lon="77.3551342"><name>690</name></wpt><wpt lat="23.3188952" lon="77.3551344"><name>691</name></wpt><wpt lat="23.3188956" lon="77.3551348"><name>692</name></wpt><wpt lat="23.3188959" lon="77.3551348"><name>693</name></wpt><wpt lat="23.318896" lon="77.3551347"><name>694</name></wpt><wpt lat="23.3188961" lon="77.3551345"><name>695</name></wpt><wpt lat="23.3188964" lon="77.3551344"><name>696</name></wpt><wpt lat="23.3188967" lon="77.3551345"><name>697</name></wpt><wpt lat="23.3188968" lon="77.3551344"><name>698</name></wpt><wpt lat="23.3188973" lon="77.3551345"><name>699</name></wpt><wpt lat="23.3188974" lon="77.3551346"><name>700</name></wpt><wpt lat="23.3188977" lon="77.3551348"><name>701</name></wpt><wpt lat="23.3188988" lon="77.3551349"><name>702</name></wpt><wpt lat="23.318899" lon="77.3551348"><name>703</name></wpt><wpt lat="23.3188992" lon="77.355135"><name>704</name></wpt><wpt lat="23.3188995" lon="77.3551351"><name>705</name></wpt><wpt lat="23.3188999" lon="77.3551352"><name>706</name></wpt><wpt lat="23.3189002" lon="77.3551354"><name>707</name></wpt><wpt lat="23.3189003" lon="77.3551357"><name>708</name></wpt><wpt lat="23.3189006" lon="77.3551359"><name>709</name></wpt><wpt lat="23.3189006" lon="77.355136"><name>710</name></wpt><wpt lat="23.3189008" lon="77.3551361"><name>711</name></wpt><wpt lat="23.3189009" lon="77.3551363"><name>712</name></wpt><wpt lat="23.3189011" lon="77.3551364"><name>713</name></wpt><wpt lat="23.3189013" lon="77.3551365"><name>714</name></wpt><wpt lat="23.3189016" lon="77.3551366"><name>715</name></wpt><wpt lat="23.3189019" lon="77.3551368"><name>716</name></wpt><wpt lat="23.318902" lon="77.3551372"><name>717</name></wpt><wpt lat="23.3189022" lon="77.3551373"><name>718</name></wpt><wpt lat="23.318903" lon="77.3551377"><name>719</name></wpt><wpt lat="23.3189031" lon="77.3551378"><name>720</name></wpt><wpt lat="23.3189032" lon="77.3551381"><name>721</name></wpt><wpt lat="23.3189033" lon="77.3551384"><name>722</name></wpt><wpt lat="23.3189032" lon="77.3551385"><name>723</name></wpt><wpt lat="23.3189033" lon="77.3551386"><name>724</name></wpt><wpt lat="23.3189032" lon="77.3551387"><name>725</name></wpt><wpt lat="23.3189032" lon="77.355139"><name>726</name></wpt><wpt lat="23.3189033" lon="77.3551391"><name>727</name></wpt><wpt lat="23.3189034" lon="77.3551393"><name>728</name></wpt><wpt lat="23.3189037" lon="77.3551397"><name>729</name></wpt><wpt lat="23.3189038" lon="77.3551404"><name>730</name></wpt><wpt lat="23.3189039" lon="77.3551405"><name>731</name></wpt><wpt lat="23.3189038" lon="77.3551406"><name>732</name></wpt><wpt lat="23.3189036" lon="77.3551407"><name>733</name></wpt><wpt lat="23.3189035" lon="77.355141"><name>734</name></wpt><wpt lat="23.3189034" lon="77.3551413"><name>735</name></wpt><wpt lat="23.3189033" lon="77.3551414"><name>736</name></wpt><wpt lat="23.3189034" lon="77.3551415"><name>737</name></wpt><wpt lat="23.3189035" lon="77.3551416"><name>738</name></wpt><wpt lat="23.3189034" lon="77.3551418"><name>739</name></wpt><wpt lat="23.3189035" lon="77.355142"><name>740</name></wpt><wpt lat="23.3189033" lon="77.3551421"><name>741</name></wpt><wpt lat="23.3189036" lon="77.3551422"><name>742</name></wpt><wpt lat="23.3189037" lon="77.3551423"><name>743</name></wpt><wpt lat="23.3189038" lon="77.3551424"><name>744</name></wpt><wpt lat="23.3189037" lon="77.3551425"><name>745</name></wpt><wpt lat="23.3189036" lon="77.3551426"><name>746</name></wpt><wpt lat="23.3189034" lon="77.3551427"><name>747</name></wpt><wpt lat="23.3189032" lon="77.355143"><name>748</name></wpt><wpt lat="23.3189031" lon="77.3551429"><name>749</name></wpt><wpt lat="23.3189029" lon="77.3551431"><name>750</name></wpt><wpt lat="23.3189025" lon="77.3551432"><name>751</name></wpt><wpt lat="23.3189023" lon="77.3551433"><name>752</name></wpt><wpt lat="23.318902" lon="77.3551434"><name>753</name></wpt><wpt lat="23.3189018" lon="77.3551435"><name>754</name></wpt><wpt lat="23.3189013" lon="77.3551436"><name>755</name></wpt><wpt lat="23.3189006" lon="77.3551437"><name>756</name></wpt><wpt lat="23.3189003" lon="77.3551438"><name>757</name></wpt><wpt lat="23.3189001" lon="77.3551439"><name>758</name></wpt><wpt lat="23.3189" lon="77.3551441"><name>759</name></wpt><wpt lat="23.3188997" lon="77.3551442"><name>760</name></wpt><wpt lat="23.3188995" lon="77.3551446"><name>761</name></wpt><wpt lat="23.3188994" lon="77.3551447"><name>762</name></wpt><wpt lat="23.3188993" lon="77.3551448"><name>763</name></wpt><wpt lat="23.3188991" lon="77.355145"><name>764</name></wpt><wpt lat="23.3188986" lon="77.3551451"><name>765</name></wpt><wpt lat="23.3188985" lon="77.3551455"><name>766</name></wpt><wpt lat="23.3188982" lon="77.3551456"><name>767</name></wpt><wpt lat="23.318898" lon="77.3551457"><name>768</name></wpt><wpt lat="23.3188978" lon="77.3551458"><name>769</name></wpt><wpt lat="23.3188975" lon="77.3551459"><name>770</name></wpt><wpt lat="23.3188973" lon="77.355146"><name>771</name></wpt><wpt lat="23.318897" lon="77.3551462"><name>772</name></wpt><wpt lat="23.3188967" lon="77.3551463"><name>773</name></wpt><wpt lat="23.3188966" lon="77.3551464"><name>774</name></wpt><wpt lat="23.3188965" lon="77.3551465"><name>775</name></wpt><wpt lat="23.3188963" lon="77.3551466"><name>776</name></wpt><wpt lat="23.3188961" lon="77.3551468"><name>777</name></wpt><wpt lat="23.3188958" lon="77.3551469"><name>778</name></wpt><wpt lat="23.3188955" lon="77.3551471"><name>779</name></wpt><wpt lat="23.3188953" lon="77.3551473"><name>780</name></wpt><wpt lat="23.318895" lon="77.3551474"><name>781</name></wpt><wpt lat="23.3188948" lon="77.3551476"><name>782</name></wpt><wpt lat="23.3188941" lon="77.3551477"><name>783</name></wpt><wpt lat="23.3188935" lon="77.355148"><name>784</name></wpt><wpt lat="23.3188933" lon="77.3551482"><name>785</name></wpt><wpt lat="23.3188932" lon="77.3551483"><name>786</name></wpt><wpt lat="23.3188931" lon="77.3551484"><name>787</name></wpt><wpt lat="23.318893" lon="77.3551486"><name>788</name></wpt><wpt lat="23.3188927" lon="77.3551485"><name>789</name></wpt><wpt lat="23.3188923" lon="77.3551486"><name>790</name></wpt><wpt lat="23.3188918" lon="77.3551487"><name>791</name></wpt><wpt lat="23.3188915" lon="77.3551488"><name>792</name></wpt><wpt lat="23.3188914" lon="77.3551487"><name>793</name></wpt><wpt lat="23.3188916" lon="77.3551488"><name>794</name></wpt><wpt lat="23.3188914" lon="77.3551487"><name>795</name></wpt><wpt lat="23.3188913" lon="77.3551489"><name>796</name></wpt><wpt lat="23.3188912" lon="77.3551488"><name>797</name></wpt><wpt lat="23.3188911" lon="77.3551486"><name>798</name></wpt><wpt lat="23.3188913" lon="77.3551485"><name>799</name></wpt><wpt lat="23.3188914" lon="77.3551487"><name>800</name></wpt><wpt lat="23.3188915" lon="77.3551488"><name>801</name></wpt><wpt lat="23.3188916" lon="77.3551489"><name>802</name></wpt><wpt lat="23.3188916" lon="77.3551491"><name>803</name></wpt><wpt lat="23.3188914" lon="77.3551493"><name>804</name></wpt><wpt lat="23.3188913" lon="77.3551495"><name>805</name></wpt><wpt lat="23.3188913" lon="77.3551492"><name>806</name></wpt><wpt lat="23.3188907" lon="77.355148"><name>807</name></wpt><wpt lat="23.3188903" lon="77.3551472"><name>808</name></wpt><wpt lat="23.3188907" lon="77.3551464"><name>809</name></wpt><wpt lat="23.3188917" lon="77.3551457"><name>810</name></wpt><wpt lat="23.3188921" lon="77.3551454"><name>811</name></wpt><wpt lat="23.3188926" lon="77.3551449"><name>812</name></wpt><wpt lat="23.3188933" lon="77.3551456"><name>813</name></wpt><wpt lat="23.3188935" lon="77.3551454"><name>814</name></wpt><wpt lat="23.3188934" lon="77.3551453"><name>815</name></wpt><wpt lat="23.3188942" lon="77.3551451"><name>816</name></wpt><wpt lat="23.3188946" lon="77.355143"><name>817</name></wpt><wpt lat="23.318896" lon="77.355142"><name>818</name></wpt><wpt lat="23.3188984" lon="77.3551419"><name>819</name></wpt><wpt lat="23.3189006" lon="77.3551414"><name>820</name></wpt><wpt lat="23.3189031" lon="77.3551399"><name>821</name></wpt><wpt lat="23.3189052" lon="77.3551386"><name>822</name></wpt><wpt lat="23.3189069" lon="77.3551379"><name>823</name></wpt><wpt lat="23.3189076" lon="77.3551358"><name>824</name></wpt><wpt lat="23.3189079" lon="77.3551338"><name>825</name></wpt><wpt lat="23.3189072" lon="77.355132"><name>826</name></wpt><wpt lat="23.3189073" lon="77.3551317"><name>827</name></wpt><wpt lat="23.3189079" lon="77.3551309"><name>828</name></wpt><wpt lat="23.3189098" lon="77.3551269"><name>829</name></wpt><wpt lat="23.3189107" lon="77.3551247"><name>830</name></wpt><wpt lat="23.3189109" lon="77.3551237"><name>831</name></wpt><wpt lat="23.3189108" lon="77.355123"><name>832</name></wpt><wpt lat="23.3189105" lon="77.3551225"><name>833</name></wpt><wpt lat="23.3189106" lon="77.3551217"><name>834</name></wpt><wpt lat="23.3189101" lon="77.3551214"><name>835</name></wpt><wpt lat="23.3189103" lon="77.355121"><name>836</name></wpt><wpt lat="23.3189102" lon="77.3551202"><name>837</name></wpt><wpt lat="23.3189095" lon="77.3551192"><name>838</name></wpt><wpt lat="23.318909" lon="77.3551188"><name>839</name></wpt><wpt lat="23.3189081" lon="77.3551181"><name>840</name></wpt><wpt lat="23.3189086" lon="77.3551164"><name>841</name></wpt><wpt lat="23.318909" lon="77.355116"><name>842</name></wpt><wpt lat="23.3189091" lon="77.3551156"><name>843</name></wpt><wpt lat="23.3189092" lon="77.3551152"><name>844</name></wpt><wpt lat="23.3189093" lon="77.3551151"><name>845</name></wpt><wpt lat="23.3189094" lon="77.355115"><name>846</name></wpt><wpt lat="23.3189095" lon="77.3551151"><name>847</name></wpt><wpt lat="23.3189101" lon="77.355115"><name>848</name></wpt><wpt lat="23.3189107" lon="77.3551152"><name>849</name></wpt><wpt lat="23.3189109" lon="77.355115"><name>850</name></wpt><wpt lat="23.3189111" lon="77.3551144"><name>851</name></wpt><wpt lat="23.3189113" lon="77.355114"><name>852</name></wpt><wpt lat="23.318912" lon="77.3551137"><name>853</name></wpt><wpt lat="23.3189125" lon="77.3551127"><name>854</name></wpt><wpt lat="23.3189126" lon="77.3551113"><name>855</name></wpt><wpt lat="23.3189125" lon="77.3551105"><name>856</name></wpt><wpt lat="23.3189121" lon="77.3551102"><name>857</name></wpt><wpt lat="23.3189118" lon="77.3551097"><name>858</name></wpt><wpt lat="23.3189117" lon="77.3551098"><name>859</name></wpt><wpt lat="23.3189121" lon="77.3551093"><name>860</name></wpt><wpt lat="23.3189129" lon="77.3551082"><name>861</name></wpt><wpt lat="23.3189138" lon="77.3551068"><name>862</name></wpt><wpt lat="23.3189142" lon="77.3551058"><name>863</name></wpt><wpt lat="23.3189141" lon="77.3551051"><name>864</name></wpt><wpt lat="23.3189144" lon="77.3551047"><name>865</name></wpt><wpt lat="23.3189149" lon="77.3551036"><name>866</name></wpt><wpt lat="23.3189157" lon="77.3551025"><name>867</name></wpt><wpt lat="23.3189159" lon="77.3551015"><name>868</name></wpt><wpt lat="23.318916" lon="77.3551005"><name>869</name></wpt><wpt lat="23.3189161" lon="77.3550995"><name>870</name></wpt><wpt lat="23.3189165" lon="77.3550987"><name>871</name></wpt><wpt lat="23.3189173" lon="77.3550978"><name>872</name></wpt><wpt lat="23.318918" lon="77.3550975"><name>873</name></wpt><wpt lat="23.3189181" lon="77.3550971"><name>874</name></wpt><wpt lat="23.3189182" lon="77.3550967"><name>875</name></wpt><wpt lat="23.3189183" lon="77.3550964"><name>876</name></wpt><wpt lat="23.3189187" lon="77.3550961"><name>877</name></wpt><wpt lat="23.318919" lon="77.3550953"><name>878</name></wpt><wpt lat="23.3189195" lon="77.3550948"><name>879</name></wpt><wpt lat="23.3189202" lon="77.3550943"><name>880</name></wpt><wpt lat="23.3189206" lon="77.3550941"><name>881</name></wpt><wpt lat="23.3189208" lon="77.3550938"><name>882</name></wpt><wpt lat="23.318921" lon="77.3550933"><name>883</name></wpt><wpt lat="23.3189208" lon="77.3550908"><name>884</name></wpt><wpt lat="23.3189204" lon="77.3550896"><name>885</name></wpt><wpt lat="23.3189201" lon="77.3550891"><name>886</name></wpt><wpt lat="23.31892" lon="77.3550889"><name>887</name></wpt><wpt lat="23.3189197" lon="77.3550886"><name>888</name></wpt><wpt lat="23.3189196" lon="77.3550882"><name>889</name></wpt><wpt lat="23.3189202" lon="77.3550881"><name>890</name></wpt><wpt lat="23.3189206" lon="77.3550876"><name>891</name></wpt><wpt lat="23.318921" lon="77.3550869"><name>892</name></wpt><wpt lat="23.3189219" lon="77.3550863"><name>893</name></wpt><wpt lat="23.3189227" lon="77.3550857"><name>894</name></wpt><wpt lat="23.3189232" lon="77.3550853"><name>895</name></wpt><wpt lat="23.3189228" lon="77.3550848"><name>896</name></wpt><wpt lat="23.3189221" lon="77.3550842"><name>897</name></wpt><wpt lat="23.3189214" lon="77.3550846"><name>898</name></wpt><wpt lat="23.3189211" lon="77.3550856"><name>899</name></wpt><wpt lat="23.3189213" lon="77.3550861"><name>900</name></wpt><wpt lat="23.318921" lon="77.3550854"><name>901</name></wpt><wpt lat="23.3189204" lon="77.3550849"><name>902</name></wpt><wpt lat="23.3189196" lon="77.3550845"><name>903</name></wpt><wpt lat="23.3189183" lon="77.3550846"><name>904</name></wpt><wpt lat="23.3189175" lon="77.3550845"><name>905</name></wpt><wpt lat="23.3189174" lon="77.3550844"><name>906</name></wpt><wpt lat="23.3189173" lon="77.355084"><name>907</name></wpt><wpt lat="23.3189171" lon="77.3550832"><name>908</name></wpt><wpt lat="23.3189166" lon="77.3550816"><name>909</name></wpt><wpt lat="23.3189165" lon="77.3550805"><name>910</name></wpt><wpt lat="23.3189163" lon="77.35508"><name>911</name></wpt><wpt lat="23.3189162" lon="77.3550795"><name>912</name></wpt><wpt lat="23.3189163" lon="77.3550786"><name>913</name></wpt><wpt lat="23.3189162" lon="77.3550781"><name>914</name></wpt><wpt lat="23.3189161" lon="77.3550775"><name>915</name></wpt><wpt lat="23.3189158" lon="77.3550768"><name>916</name></wpt><wpt lat="23.318916" lon="77.3550751"><name>917</name></wpt><wpt lat="23.3189161" lon="77.3550749"><name>918</name></wpt><wpt lat="23.3189159" lon="77.3550744"><name>919</name></wpt><wpt lat="23.3189158" lon="77.3550742"><name>920</name></wpt><wpt lat="23.3189157" lon="77.3550739"><name>921</name></wpt><wpt lat="23.3189156" lon="77.355074"><name>922</name></wpt><wpt lat="23.3189155" lon="77.3550741"><name>923</name></wpt><wpt lat="23.3189153" lon="77.3550741"><name>924</name></wpt><wpt lat="23.3189156" lon="77.355074"><name>925</name></wpt><wpt lat="23.318916" lon="77.3550736"><name>926</name></wpt><wpt lat="23.3189166" lon="77.3550733"><name>927</name></wpt><wpt lat="23.3189172" lon="77.3550732"><name>928</name></wpt><wpt lat="23.3189175" lon="77.3550731"><name>929</name></wpt><wpt lat="23.3189174" lon="77.3550729"><name>930</name></wpt><wpt lat="23.318917" lon="77.3550726"><name>931</name></wpt><wpt lat="23.3189162" lon="77.3550721"><name>932</name></wpt><wpt lat="23.3189149" lon="77.3550712"><name>933</name></wpt><wpt lat="23.3189135" lon="77.3550704"><name>934</name></wpt><wpt lat="23.3189125" lon="77.3550699"><name>935</name></wpt><wpt lat="23.318911" lon="77.35507"><name>936</name></wpt><wpt lat="23.3189093" lon="77.3550701"><name>937</name></wpt><wpt lat="23.3189084" lon="77.3550696"><name>938</name></wpt><wpt lat="23.3189076" lon="77.355069"><name>939</name></wpt><wpt lat="23.3189064" lon="77.3550682"><name>940</name></wpt><wpt lat="23.3189052" lon="77.3550675"><name>941</name></wpt><wpt lat="23.3189038" lon="77.3550662"><name>942</name></wpt><wpt lat="23.3189023" lon="77.3550647"><name>943</name></wpt><wpt lat="23.3189014" lon="77.3550635"><name>944</name></wpt><wpt lat="23.3189009" lon="77.355062"><name>945</name></wpt><wpt lat="23.3189002" lon="77.3550603"><name>946</name></wpt><wpt lat="23.3188998" lon="77.3550583"><name>947</name></wpt><wpt lat="23.3188993" lon="77.3550569"><name>948</name></wpt><wpt lat="23.318899" lon="77.3550558"><name>949</name></wpt><wpt lat="23.3188985" lon="77.3550548"><name>950</name></wpt><wpt lat="23.3188978" lon="77.3550535"><name>951</name></wpt><wpt lat="23.3188966" lon="77.3550518"><name>952</name></wpt><wpt lat="23.3188956" lon="77.3550499"><name>953</name></wpt><wpt lat="23.3188946" lon="77.3550482"><name>954</name></wpt><wpt lat="23.3188936" lon="77.3550468"><name>955</name></wpt><wpt lat="23.3188927" lon="77.3550461"><name>956</name></wpt><wpt lat="23.3188914" lon="77.3550455"><name>957</name></wpt><wpt lat="23.3188897" lon="77.355044"><name>958</name></wpt><wpt lat="23.3188882" lon="77.3550429"><name>959</name></wpt><wpt lat="23.3188869" lon="77.3550419"><name>960</name></wpt><wpt lat="23.3188855" lon="77.355041"><name>961</name></wpt><wpt lat="23.3188841" lon="77.3550401"><name>962</name></wpt><wpt lat="23.3188827" lon="77.3550392"><name>963</name></wpt><wpt lat="23.3188807" lon="77.3550387"><name>964</name></wpt><wpt lat="23.3188789" lon="77.3550385"><name>965</name></wpt><wpt lat="23.3188772" lon="77.3550386"><name>966</name></wpt><wpt lat="23.3188754" lon="77.3550387"><name>967</name></wpt><wpt lat="23.3188737" lon="77.3550392"><name>968</name></wpt><wpt lat="23.3188719" lon="77.3550398"><name>969</name></wpt><wpt lat="23.3188697" lon="77.3550408"><name>970</name></wpt><wpt lat="23.3188677" lon="77.3550413"><name>971</name></wpt><wpt lat="23.3188643" lon="77.3550414"><name>972</name></wpt><wpt lat="23.3188626" lon="77.3550419"><name>973</name></wpt><wpt lat="23.3188588" lon="77.3550416"><name>974</name></wpt><wpt lat="23.3188488" lon="77.3550405"><name>975</name></wpt><wpt lat="23.3188468" lon="77.3550408"><name>976</name></wpt><wpt lat="23.318845" lon="77.355041"><name>977</name></wpt><wpt lat="23.3188433" lon="77.3550413"><name>978</name></wpt><wpt lat="23.3188418" lon="77.3550416"><name>979</name></wpt><wpt lat="23.3188402" lon="77.3550422"><name>980</name></wpt><wpt lat="23.3188383" lon="77.355043"><name>981</name></wpt><wpt lat="23.3188369" lon="77.3550436"><name>982</name></wpt><wpt lat="23.3188354" lon="77.3550441"><name>983</name></wpt><wpt lat="23.3188333" lon="77.3550445"><name>984</name></wpt><wpt lat="23.3188313" lon="77.3550448"><name>985</name></wpt><wpt lat="23.3188295" lon="77.3550449"><name>986</name></wpt><wpt lat="23.3188274" lon="77.3550452"><name>987</name></wpt><wpt lat="23.3188254" lon="77.3550455"><name>988</name></wpt><wpt lat="23.3188221" lon="77.3550459"><name>989</name></wpt><wpt lat="23.3188203" lon="77.3550461"><name>990</name></wpt><wpt lat="23.3188184" lon="77.3550463"><name>991</name></wpt><wpt lat="23.3188165" lon="77.3550464"><name>992</name></wpt><wpt lat="23.3188148" lon="77.3550463"><name>993</name></wpt><wpt lat="23.3188131" lon="77.3550456"><name>994</name></wpt><wpt lat="23.3188113" lon="77.3550444"><name>995</name></wpt><wpt lat="23.3188091" lon="77.3550433"><name>996</name></wpt><wpt lat="23.3188071" lon="77.3550424"><name>997</name></wpt><wpt lat="23.318805" lon="77.3550418"><name>998</name></wpt><wpt lat="23.3188031" lon="77.355041"><name>999</name></wpt><wpt lat="23.3188014" lon="77.3550405"><name>1000</name></wpt><wpt lat="23.3187998" lon="77.3550393"><name>1001</name></wpt><wpt lat="23.3187978" lon="77.3550379"><name>1002</name></wpt><wpt lat="23.3187964" lon="77.3550357"><name>1003</name></wpt><wpt lat="23.3187951" lon="77.3550344"><name>1004</name></wpt><wpt lat="23.3187935" lon="77.3550336"><name>1005</name></wpt><wpt lat="23.318792" lon="77.3550325"><name>1006</name></wpt><wpt lat="23.3187903" lon="77.3550311"><name>1007</name></wpt><wpt lat="23.3187891" lon="77.3550291"><name>1008</name></wpt><wpt lat="23.3187888" lon="77.3550277"><name>1009</name></wpt><wpt lat="23.318788" lon="77.3550265"><name>1010</name></wpt><wpt lat="23.3187872" lon="77.3550258"><name>1011</name></wpt><wpt lat="23.3187863" lon="77.3550243"><name>1012</name></wpt><wpt lat="23.318786" lon="77.3550222"><name>1013</name></wpt><wpt lat="23.3187855" lon="77.3550195"><name>1014</name></wpt><wpt lat="23.3187851" lon="77.3550168"><name>1015</name></wpt><wpt lat="23.3187847" lon="77.3550148"><name>1016</name></wpt><wpt lat="23.3187844" lon="77.3550129"><name>1017</name></wpt><wpt lat="23.3187842" lon="77.3550104"><name>1018</name></wpt><wpt lat="23.3187841" lon="77.3550065"><name>1019</name></wpt><wpt lat="23.318783" lon="77.3550029"><name>1020</name></wpt><wpt lat="23.3187819" lon="77.3550005"><name>1021</name></wpt><wpt lat="23.3187811" lon="77.3549983"><name>1022</name></wpt><wpt lat="23.3187802" lon="77.3549964"><name>1023</name></wpt><wpt lat="23.31878" lon="77.3549946"><name>1024</name></wpt><wpt lat="23.3187798" lon="77.3549928"><name>1025</name></wpt><wpt lat="23.3187792" lon="77.3549912"><name>1026</name></wpt><wpt lat="23.3187793" lon="77.3549894"><name>1027</name></wpt><wpt lat="23.3187791" lon="77.3549882"><name>1028</name></wpt><wpt lat="23.3187795" lon="77.354987"><name>1029</name></wpt><wpt lat="23.3187803" lon="77.3549858"><name>1030</name></wpt><wpt lat="23.318781" lon="77.3549848"><name>1031</name></wpt><wpt lat="23.3187814" lon="77.3549836"><name>1032</name></wpt><wpt lat="23.3187819" lon="77.3549827"><name>1033</name></wpt><wpt lat="23.3187822" lon="77.3549815"><name>1034</name></wpt><wpt lat="23.3187827" lon="77.3549801"><name>1035</name></wpt><wpt lat="23.3187831" lon="77.3549787"><name>1036</name></wpt><wpt lat="23.3187805" lon="77.3549758"><name>1037</name></wpt><wpt lat="23.3187778" lon="77.3549734"><name>1038</name></wpt><wpt lat="23.3187753" lon="77.354972"><name>1039</name></wpt><wpt lat="23.3187751" lon="77.3549719"><name>1040</name></wpt><wpt lat="23.3187748" lon="77.3549715"><name>1041</name></wpt><wpt lat="23.3187741" lon="77.3549714"><name>1042</name></wpt><wpt lat="23.3187736" lon="77.3549715"><name>1043</name></wpt><wpt lat="23.3187731" lon="77.3549713"><name>1044</name></wpt><wpt lat="23.3187732" lon="77.3549711"><name>1045</name></wpt><wpt lat="23.3187733" lon="77.3549707"><name>1046</name></wpt><wpt lat="23.3187735" lon="77.3549703"><name>1047</name></wpt><wpt lat="23.3187735" lon="77.3549702"><name>1048</name></wpt><wpt lat="23.3187734" lon="77.3549705"><name>1049</name></wpt><wpt lat="23.3187735" lon="77.3549703"><name>1050</name></wpt><wpt lat="23.318773" lon="77.35497"><name>1051</name></wpt><wpt lat="23.3187729" lon="77.3549701"><name>1052</name></wpt><wpt lat="23.3187726" lon="77.35497"><name>1053</name></wpt><wpt lat="23.3187723" lon="77.3549698"><name>1054</name></wpt><wpt lat="23.318772" lon="77.3549696"><name>1055</name></wpt><wpt lat="23.3187716" lon="77.3549695"><name>1056</name></wpt><wpt lat="23.3187715" lon="77.3549693"><name>1057</name></wpt><wpt lat="23.3187714" lon="77.3549691"><name>1058</name></wpt><wpt lat="23.318771" lon="77.3549689"><name>1059</name></wpt><wpt lat="23.3187708" lon="77.3549687"><name>1060</name></wpt><wpt lat="23.3187707" lon="77.3549684"><name>1061</name></wpt><wpt lat="23.3187706" lon="77.3549682"><name>1062</name></wpt><wpt lat="23.3187702" lon="77.354968"><name>1063</name></wpt><wpt lat="23.3187695" lon="77.3549681"><name>1064</name></wpt><wpt lat="23.3187694" lon="77.354968"><name>1065</name></wpt><wpt lat="23.3187693" lon="77.3549677"><name>1066</name></wpt><wpt lat="23.3187692" lon="77.3549675"><name>1067</name></wpt><wpt lat="23.318769" lon="77.3549674"><name>1068</name></wpt><wpt lat="23.3187689" lon="77.3549672"><name>1069</name></wpt><wpt lat="23.3187688" lon="77.3549671"><name>1070</name></wpt><wpt lat="23.3187687" lon="77.3549669"><name>1071</name></wpt><wpt lat="23.3187685" lon="77.3549667"><name>1072</name></wpt><wpt lat="23.3187684" lon="77.3549665"><name>1073</name></wpt><wpt lat="23.3187683" lon="77.354966"><name>1074</name></wpt><wpt lat="23.318768" lon="77.3549656"><name>1075</name></wpt><wpt lat="23.3187682" lon="77.3549652"><name>1076</name></wpt><wpt lat="23.3187687" lon="77.3549691"><name>1077</name></wpt><wpt lat="23.318769" lon="77.3549687"><name>1078</name></wpt><wpt lat="23.3187689" lon="77.3549685"><name>1079</name></wpt><wpt lat="23.3187686" lon="77.354968"><name>1080</name></wpt><wpt lat="23.3187682" lon="77.3549683"><name>1081</name></wpt><wpt lat="23.3187681" lon="77.3549673"><name>1082</name></wpt><wpt lat="23.3187678" lon="77.3549675"><name>1083</name></wpt><wpt lat="23.3187683" lon="77.3549672"><name>1084</name></wpt><wpt lat="23.3187686" lon="77.3549688"><name>1085</name></wpt><wpt lat="23.3187689" lon="77.3549689"><name>1086</name></wpt><wpt lat="23.3187691" lon="77.3549694"><name>1087</name></wpt><wpt lat="23.3187692" lon="77.354969"><name>1088</name></wpt><wpt lat="23.3187689" lon="77.3549688"><name>1089</name></wpt><wpt lat="23.3187687" lon="77.3549695"><name>1090</name></wpt><wpt lat="23.3187688" lon="77.3549692"><name>1091</name></wpt><wpt lat="23.3187684" lon="77.354969"><name>1092</name></wpt><wpt lat="23.3187683" lon="77.3549687"><name>1093</name></wpt><wpt lat="23.3187682" lon="77.3549685"><name>1094</name></wpt><wpt lat="23.3187681" lon="77.3549684"><name>1095</name></wpt><wpt lat="23.3187679" lon="77.3549687"><name>1096</name></wpt><wpt lat="23.3187677" lon="77.3549691"><name>1097</name></wpt><wpt lat="23.3187675" lon="77.3549697"><name>1098</name></wpt><wpt lat="23.3187674" lon="77.3549699"><name>1099</name></wpt><wpt lat="23.3187673" lon="77.3549701"><name>1100</name></wpt><wpt lat="23.318767" lon="77.3549706"><name>1101</name></wpt><wpt lat="23.3187672" lon="77.3549717"><name>1102</name></wpt><wpt lat="23.3187678" lon="77.3549716"><name>1103</name></wpt><wpt lat="23.3187683" lon="77.3549718"><name>1104</name></wpt><wpt lat="23.3187685" lon="77.3549721"><name>1105</name></wpt><wpt lat="23.3187686" lon="77.3549725"><name>1106</name></wpt><wpt lat="23.3187685" lon="77.354973"><name>1107</name></wpt><wpt lat="23.3187683" lon="77.3549735"><name>1108</name></wpt><wpt lat="23.3187679" lon="77.3549737"><name>1109</name></wpt><wpt lat="23.3187679" lon="77.3549736"><name>1110</name></wpt><wpt lat="23.3187683" lon="77.3549733"><name>1111</name></wpt><wpt lat="23.3187685" lon="77.3549731"><name>1112</name></wpt><wpt lat="23.3187683" lon="77.354973"><name>1113</name></wpt><wpt lat="23.3187679" lon="77.3549734"><name>1114</name></wpt><wpt lat="23.3187684" lon="77.3549739"><name>1115</name></wpt><wpt lat="23.3187683" lon="77.3549742"><name>1116</name></wpt><wpt lat="23.3187681" lon="77.3549752"><name>1117</name></wpt><wpt lat="23.3187679" lon="77.3549765"><name>1118</name></wpt><wpt lat="23.3187681" lon="77.3549776"><name>1119</name></wpt><wpt lat="23.3187683" lon="77.3549781"><name>1120</name></wpt><wpt lat="23.318768" lon="77.3549786"><name>1121</name></wpt><wpt lat="23.3187678" lon="77.3549789"><name>1122</name></wpt><wpt lat="23.3187678" lon="77.3549791"><name>1123</name></wpt><wpt lat="23.3187676" lon="77.3549794"><name>1124</name></wpt><wpt lat="23.3187678" lon="77.3549792"><name>1125</name></wpt><wpt lat="23.3187679" lon="77.3549793"><name>1126</name></wpt><wpt lat="23.3187681" lon="77.3549792"><name>1127</name></wpt><wpt lat="23.3187682" lon="77.3549796"><name>1128</name></wpt><wpt lat="23.3187683" lon="77.3549804"><name>1129</name></wpt><wpt lat="23.3187685" lon="77.3549811"><name>1130</name></wpt><wpt lat="23.318769" lon="77.3549816"><name>1131</name></wpt><wpt lat="23.3187691" lon="77.3549819"><name>1132</name></wpt><wpt lat="23.3187689" lon="77.3549823"><name>1133</name></wpt><wpt lat="23.318769" lon="77.3549824"><name>1134</name></wpt><wpt lat="23.3187691" lon="77.3549826"><name>1135</name></wpt><wpt lat="23.3187692" lon="77.3549827"><name>1136</name></wpt><wpt lat="23.3187693" lon="77.3549829"><name>1137</name></wpt><wpt lat="23.3187691" lon="77.3549832"><name>1138</name></wpt><wpt lat="23.3187693" lon="77.3549835"><name>1139</name></wpt><wpt lat="23.3187694" lon="77.3549836"><name>1140</name></wpt><wpt lat="23.3187695" lon="77.3549837"><name>1141</name></wpt><wpt lat="23.3187697" lon="77.3549836"><name>1142</name></wpt><wpt lat="23.3187698" lon="77.3549837"><name>1143</name></wpt><wpt lat="23.3187699" lon="77.3549839"><name>1144</name></wpt><wpt lat="23.3187697" lon="77.3549838"><name>1145</name></wpt><wpt lat="23.3187696" lon="77.3549839"><name>1146</name></wpt><wpt lat="23.3187697" lon="77.354984"><name>1147</name></wpt><wpt lat="23.3187696" lon="77.3549843"><name>1148</name></wpt><wpt lat="23.3187694" lon="77.3549845"><name>1149</name></wpt><wpt lat="23.3187689" lon="77.3549847"><name>1150</name></wpt><wpt lat="23.3187686" lon="77.3549848"><name>1151</name></wpt><wpt lat="23.3187685" lon="77.3549847"><name>1152</name></wpt><wpt lat="23.3187687" lon="77.3549846"><name>1153</name></wpt><wpt lat="23.3187686" lon="77.3549845"><name>1154</name></wpt><wpt lat="23.3187681" lon="77.3549842"><name>1155</name></wpt><wpt lat="23.3187677" lon="77.354984"><name>1156</name></wpt><wpt lat="23.3187676" lon="77.3549839"><name>1157</name></wpt><wpt lat="23.3187674" lon="77.3549835"><name>1158</name></wpt><wpt lat="23.3187672" lon="77.3549832"><name>1159</name></wpt><wpt lat="23.318767" lon="77.3549827"><name>1160</name></wpt><wpt lat="23.3187667" lon="77.3549825"><name>1161</name></wpt><wpt lat="23.3187666" lon="77.3549827"><name>1162</name></wpt><wpt lat="23.3187667" lon="77.3549829"><name>1163</name></wpt><wpt lat="23.3187669" lon="77.3549832"><name>1164</name></wpt><wpt lat="23.3187666" lon="77.354983"><name>1165</name></wpt><wpt lat="23.3187665" lon="77.3549833"><name>1166</name></wpt><wpt lat="23.3187664" lon="77.3549832"><name>1167</name></wpt><wpt lat="23.3187666" lon="77.354984"><name>1168</name></wpt><wpt lat="23.3187665" lon="77.3549841"><name>1169</name></wpt><wpt lat="23.3187664" lon="77.3549842"><name>1170</name></wpt><wpt lat="23.3187663" lon="77.3549841"><name>1171</name></wpt><wpt lat="23.3187661" lon="77.3549845"><name>1172</name></wpt><wpt lat="23.3187664" lon="77.3549856"><name>1173</name></wpt><wpt lat="23.3187666" lon="77.354986"><name>1174</name></wpt><wpt lat="23.3187668" lon="77.3549864"><name>1175</name></wpt><wpt lat="23.318767" lon="77.3549867"><name>1176</name></wpt><wpt lat="23.3187669" lon="77.3549869"><name>1177</name></wpt><wpt lat="23.3187676" lon="77.354987"><name>1178</name></wpt><wpt lat="23.318768" lon="77.3549873"><name>1179</name></wpt><wpt lat="23.3187682" lon="77.3549872"><name>1180</name></wpt><wpt lat="23.3187685" lon="77.3549875"><name>1181</name></wpt><wpt lat="23.3187687" lon="77.3549882"><name>1182</name></wpt><wpt lat="23.3187691" lon="77.3549886"><name>1183</name></wpt><wpt lat="23.3187693" lon="77.3549888"><name>1184</name></wpt><wpt lat="23.3187697" lon="77.354989"><name>1185</name></wpt><wpt lat="23.3187698" lon="77.3549894"><name>1186</name></wpt><wpt lat="23.3187699" lon="77.3549895"><name>1187</name></wpt><wpt lat="23.3187702" lon="77.3549898"><name>1188</name></wpt><wpt lat="23.3187704" lon="77.3549902"><name>1189</name></wpt><wpt lat="23.3187705" lon="77.3549904"><name>1190</name></wpt><wpt lat="23.3187708" lon="77.3549903"><name>1191</name></wpt><wpt lat="23.318774" lon="77.3549923"><name>1192</name></wpt><wpt lat="23.3187747" lon="77.3549927"><name>1193</name></wpt><wpt lat="23.3187755" lon="77.3549937"><name>1194</name></wpt><wpt lat="23.3187753" lon="77.354993"><name>1195</name></wpt><wpt lat="23.3187754" lon="77.3549924"><name>1196</name></wpt><wpt lat="23.3187755" lon="77.3549922"><name>1197</name></wpt><wpt lat="23.3187757" lon="77.3549919"><name>1198</name></wpt><wpt lat="23.3187759" lon="77.3549914"><name>1199</name></wpt><wpt lat="23.3187761" lon="77.3549908"><name>1200</name></wpt><wpt lat="23.3187762" lon="77.3549895"><name>1201</name></wpt><wpt lat="23.3187764" lon="77.3549892"><name>1202</name></wpt><wpt lat="23.3187763" lon="77.3549893"><name>1203</name></wpt><wpt lat="23.3187755" lon="77.3549895"><name>1204</name></wpt><wpt lat="23.3187761" lon="77.3549892"><name>1205</name></wpt><wpt lat="23.3187776" lon="77.3549896"><name>1206</name></wpt><wpt lat="23.3187777" lon="77.3549902"><name>1207</name></wpt><wpt lat="23.3187775" lon="77.3549903"><name>1208</name></wpt><wpt lat="23.3187776" lon="77.3549908"><name>1209</name></wpt><wpt lat="23.3187782" lon="77.3549912"><name>1210</name></wpt><wpt lat="23.3187779" lon="77.3549903"><name>1211</name></wpt><wpt lat="23.3187778" lon="77.3549904"><name>1212</name></wpt><wpt lat="23.3187777" lon="77.3549906"><name>1213</name></wpt><wpt lat="23.3187778" lon="77.3549901"><name>1214</name></wpt><wpt lat="23.3187777" lon="77.3549892"><name>1215</name></wpt><wpt lat="23.3187775" lon="77.354989"><name>1216</name></wpt><wpt lat="23.3187776" lon="77.3549882"><name>1217</name></wpt><wpt lat="23.3187774" lon="77.3549878"><name>1218</name></wpt><wpt lat="23.3187777" lon="77.3549871"><name>1219</name></wpt><wpt lat="23.318778" lon="77.3549868"><name>1220</name></wpt><wpt lat="23.3187783" lon="77.3549862"><name>1221</name></wpt><wpt lat="23.3187784" lon="77.354985"><name>1222</name></wpt><wpt lat="23.318779" lon="77.3549855"><name>1223</name></wpt><wpt lat="23.3187793" lon="77.3549845"><name>1224</name></wpt><wpt lat="23.3187798" lon="77.3549833"><name>1225</name></wpt><wpt lat="23.31878" lon="77.3549808"><name>1226</name></wpt><wpt lat="23.3187807" lon="77.3549798"><name>1227</name></wpt><wpt lat="23.3187812" lon="77.3549785"><name>1228</name></wpt><wpt lat="23.3187816" lon="77.3549773"><name>1229</name></wpt><wpt lat="23.3187819" lon="77.3549768"><name>1230</name></wpt><wpt lat="23.3187822" lon="77.3549771"><name>1231</name></wpt><wpt lat="23.3187828" lon="77.3549768"><name>1232</name></wpt><wpt lat="23.3187833" lon="77.3549762"><name>1233</name></wpt><wpt lat="23.3187837" lon="77.3549755"><name>1234</name></wpt><wpt lat="23.318784" lon="77.3549752"><name>1235</name></wpt><wpt lat="23.3187837" lon="77.3549745"><name>1236</name></wpt><wpt lat="23.318783" lon="77.354974"><name>1237</name></wpt><wpt lat="23.3187828" lon="77.3549732"><name>1238</name></wpt><wpt lat="23.318782" lon="77.3549724"><name>1239</name></wpt><wpt lat="23.3187819" lon="77.3549719"><name>1240</name></wpt><wpt lat="23.3187817" lon="77.3549715"><name>1241</name></wpt><wpt lat="23.3187815" lon="77.3549713"><name>1242</name></wpt><wpt lat="23.3187818" lon="77.354971"><name>1243</name></wpt><wpt lat="23.3187822" lon="77.3549707"><name>1244</name></wpt><wpt lat="23.3187825" lon="77.3549704"><name>1245</name></wpt><wpt lat="23.3187829" lon="77.3549699"><name>1246</name></wpt></gpx>